rva,size,name,confidence
0x37c0,,static_init_global_4e39fe0,supported
0x37f0,,static_init_global_2497184,supported
0x3800,,static_init_global_4e39fe8,supported
0x3814,,static_init_global_4e39ff0,supported
0x3828,,static_init_global_4e39ff8,supported
0x383c,,static_init_register_atexit_91cc40,supported
0x3848,,static_init_global_24971a0,supported
0x3854,361,static_init_global_arrays_24c3e80,supported
0x39c0,72,static_init_global_arrays_24c6960,supported
0x3a08,51,static_init_global_arrays_24fb4f0,supported
0x3a3c,51,static_init_global_arrays_24fb760,supported
0x3a70,51,static_init_global_arrays_24fb7a0,supported
0x3aa4,41,static_init_global_afbf60,supported
0x3ad0,,static_init_global_24fb820,supported
0x3ae4,41,static_init_global_b87bac,supported
0x3b10,81,static_init_global_24fb8b8,supported
0x3b64,51,static_init_global_arrays_25b1850,supported
0x3b98,,static_init_register_atexit_91cde4,supported
0x3ba4,137,static_init_global_263ea70,supported
0x3c30,252,static_init_global_263ec60,supported
0x3d2c,218,static_init_global_263f5f0,supported
0x3e08,,static_init_register_atexit_91ce24,supported
0x3e14,,static_init_global_b87ec0,supported
0x3e2c,76,static_init_global_b87f08,supported
0x3e78,41,static_init_std_string_hotreload,supported
0x3ea4,75,static_init_global_276e8d4,supported
0x3ef0,,static_init_register_atexit_91cef0,supported
0x3efc,67,static_init_global_arrays_278efc0,supported
0x3f40,60,static_init_global_arrays_b88878,supported
0x3f7c,70,static_init_global_arrays_279cc60,supported
0x3fc4,208,static_init_global_arrays_27a3820,supported
0x4094,,static_init_global_278eed0,supported
0x40a8,67,static_init_global_arrays_27a8220,supported
0x40ec,64,static_init_global_arrays_27b3a20,supported
0x412c,74,static_init_global_arrays_27b6b60,supported
0x4178,,static_init_global_278eec8,supported
0x4198,54,static_init_global_arrays_27b7ba0,supported
0x41d0,,static_init_register_atexit_91cff4,supported
0x41dc,62,static_init_global_arrays_27bf270,supported
0x421c,,static_init_global_27cd400,supported
0x4228,,static_init_register_atexit_91d064,supported
0x4234,54,static_init_global_arrays_27ebfa0,supported
0x426c,84,static_init_global_27eeca8,supported
0x42c0,32,static_init_global_27eed20,supported
0x42e0,32,static_init_global_27eed30,supported
0x4300,67,static_init_global_arrays_27fc580,supported
0x4344,,static_init_register_atexit_91d0e0,supported
0x4350,72,static_init_global_arrays_280ae48,supported
0x4398,87,static_init_global_arrays_280b258,supported
0x43f0,,static_init_global_286b600,supported
0x4404,,static_init_global_286b650,supported
0x4418,140,static_init_global_arrays_28776a8,supported
0x44a4,43,static_init_global_28792c8,supported
0x44d0,54,static_init_global_arrays_287d3d0,supported
0x4508,54,static_init_global_arrays_287e4e0,supported
0x4540,98,static_init_global_287f5f0,supported
0x45a4,196,static_init_global_arrays_28b8510,supported
0x4668,94,static_init_global_28f13e4,supported
0x46c8,154,static_init_global_4e3b188,supported
0x4764,64,static_init_global_arrays_28ffd20,supported
0x47a4,,static_init_global_286b5f8,supported
0x47bc,,static_init_global_28a0178,supported
0x47d8,,static_init_global_28a0178,supported
0x47e8,,static_init_global_28f13d8,supported
0x4804,,static_init_global_28ffce8,supported
0x4820,,static_init_global_28b83a8,supported
0x484c,,static_init_global_28b83a8,supported
0x4878,,static_init_global_28ffcf0,supported
0x48a0,,static_init_global_28a0178,supported
0x48ec,,static_init_global_28ffd10,supported
0x4914,,static_init_global_2902570,supported
0x4934,,static_init_global_2902578,supported
0x4950,,static_init_global_28f13d8,supported
0x4980,,static_init_global_2902590,supported
0x49a0,,static_init_global_28a0178,supported
0x49ec,,static_init_global_28a0178,supported
0x4a18,,static_init_global_28a0178,supported
0x4a40,,static_init_global_29025b8,supported
0x4a60,,static_init_global_29025b8,supported
0x4a70,,static_init_global_29025e0,supported
0x4a90,,static_init_global_29025e8,supported
0x4ab0,,static_init_global_28f13d8,supported
0x4ad8,,static_init_global_29025f8,supported
0x4b00,,static_init_global_28b83a8,supported
0x4b24,,static_init_register_atexit_91d174,supported
0x4b30,,static_init_global_14ea9c,supported
0x4b38,,static_init_register_atexit_91d178,supported
0x4b44,41,static_init_std_string_autosave,supported
0x4b70,,static_init_global_2968e60,supported
0x4b84,,static_init_global_2968e58,supported
0x4ba4,67,static_init_global_arrays_296fc80,supported
0x4be8,67,static_init_global_arrays_29844c0,supported
0x4c2c,30,static_init_global_286b64c,supported
0x4c4c,54,static_init_global_arrays_2997d48,supported
0x4c84,93,static_init_global_296fad8,supported
0x4ce4,75,static_init_global_2999454,supported
0x4d30,41,static_init_std_string_sf_history_blob,supported
0x4d5c,149,static_init_global_29996a0,supported
0x4df4,,static_init_register_atexit_91d1ec,supported
0x4e00,642,static_init_global_b9b6f4,supported
0x5084,51,static_init_global_arrays_29bba40,supported
0x50b8,,static_init_register_atexit_91d1fc,supported
0x50c4,,static_init_register_atexit_91d208,supported
0x50d0,,static_init_register_atexit_91d218,supported
0x50dc,32,static_init_global_29d7ce0,supported
0x50fc,80,static_init_global_arrays_29d7cf8,supported
0x514c,1546,static_init_input_axis_name_table,supported
0x5758,,static_init_register_atexit_91d258,supported
0x5764,,static_init_register_atexit_91d264,supported
0x5770,,static_init_register_atexit_91d28c,supported
0x577c,62,static_init_global_arrays_29dba38,supported
0x57bc,,static_init_global_29dba28,supported
0x57d8,158,static_init_global_bb1030,supported
0x5878,2351,static_init_global_29f2980,supported
0x61a8,,static_init_global_29e2b58,supported
0x61c8,,static_init_global_b43dd0,supported
0x6210,54,static_init_global_arrays_29f2b90,supported
0x6248,100,static_init_global_29f5490,supported
0x62ac,,static_init_register_atexit_91d2e8,supported
0x62b8,,static_init_register_atexit_91d370,supported
0x62c4,396,static_init_global_29f5917,supported
0x6450,60,static_init_global_arrays_29f5a70,supported
0x648c,32,static_init_global_29f7570,supported
0x64ac,32,static_init_global_29f7580,supported
0x64cc,,static_init_global_4e38a04,supported
0x64dc,88,static_init_global_29f7590,supported
0x6534,88,static_init_global_29f7b90,supported
0x658c,51,static_init_global_arrays_29f80a0,supported
0x65c0,72,static_init_global_4e3b790,supported
0x6608,,static_init_global_29f80d0,supported
0x6644,,static_init_global_29f8110,supported
0x6680,32,static_init_global_29f8250,supported
0x66a0,32,static_init_global_29f8260,supported
0x66c0,99,static_init_global_4e3b878,supported
0x6724,32,static_init_global_29f8270,supported
0x6744,99,static_init_global_4e3b8b8,supported
0x67a8,99,static_init_global_4e3b8f8,supported
0x680c,99,static_init_global_4e3b938,supported
0x6870,4435,static_init_render_surface_name_table,supported
0x79c4,54,static_init_global_arrays_29f8280,supported
0x79fc,99,static_init_global_4e3b988,supported
0x7a60,62,static_init_global_arrays_29fb8c0,supported
0x7aa0,133,static_init_global_arrays_2a03c50,supported
0x7b28,,static_init_register_atexit_91d598,supported
0x7b34,77,static_init_global_arrays_29f5840,supported
0x7b84,,static_init_global_2a07358,supported
0x7b9c,83,static_init_global_bd91d8,supported
0x7bf0,58,static_init_global_2a0b2f0,supported
0x7c2c,,static_init_register_atexit_91d750,supported
0x7c38,,static_init_register_atexit_91d75c,supported
0x7c44,,static_init_global_2a0da48,supported
0x7c58,58,static_init_global_arrays_2a0eb54,supported
0x7c94,32,static_init_global_2a0ec90,supported
0x7cb4,,static_init_register_atexit_91d7a8,supported
0x7cc0,120,static_init_global_arrays_2a0f4d0,supported
0x7d38,54,static_init_global_arrays_2a179f0,supported
0x7d70,59,static_init_global_2a1cb90,supported
0x7dac,,static_init_register_atexit_91d814,supported
0x7db8,,static_init_register_atexit_91d858,supported
0x7dc4,,static_init_register_atexit_91d874,supported
0x7dd0,,static_init_register_atexit_91d890,supported
0x7ddc,54,static_init_global_2a1e6f0,supported
0x7e14,51,static_init_global_arrays_2a1e7a0,supported
0x7e48,,static_init_register_atexit_91d8a8,supported
0x7e54,,static_init_global_985ce0,supported
0x7fa4,332,static_init_global_985ce0,supported
0x80f0,332,static_init_global_985ce0,supported
0x823c,338,static_init_global_985ce0,supported
0x8390,168,static_init_global_2a1e948,supported
0x8438,,static_init_global_398e90,supported
0x8440,64,static_init_global_arrays_2a49318,supported
0x8480,158,static_init_global_2a54420,supported
0x8520,,static_init_global_2a57f00,supported
0x8530,35,static_init_global_2a57f30,supported
0x8554,51,static_init_global_arrays_2a58028,supported
0x8588,,static_init_global_4e38d3c,supported
0x8598,81,static_init_global_arrays_2a58060,supported
0x85ec,223,static_init_global_arrays_2a7b430,supported
0x86cc,59,static_init_global_be1db0,supported
0x8708,54,static_init_global_bfed5c,supported
0x8740,80,static_init_global_2b03550,supported
0x8790,62,static_init_global_arrays_2b05588,supported
0x87d0,25,static_init_global_3cfcc8,supported
0x87ec,183,static_init_global_arrays_2c93098,supported
0x88a4,,static_init_global_2c96cb0,supported
0x88b0,35,static_init_global_2c98ab8,supported
0x88d4,,static_init_global_4e38d86,supported
0x88e4,225,static_init_global_arrays_2c99768,supported
0x89c8,,static_init_register_atexit_91dac0,supported
0x89d4,,static_init_global_bfef38,supported
0x8a50,,static_init_register_atexit_91dad8,supported
0x8a5c,,static_init_global_2ceaf60,supported
0x8a78,56,static_init_global_2ceb060,supported
0x8ab0,132,static_init_global_arrays_2d1a6c0,supported
0x8b34,62,static_init_global_arrays_2d4f558,supported
0x8b74,111,static_init_global_bfffd8,supported
0x8be4,181,static_init_global_arrays_2d525f0,supported
0x8c9c,67,static_init_std_string_0_0_0_0,supported
0x8ce0,192,static_init_url_category_name_table,supported
0x8da0,41,static_init_std_string_webcache,supported
0x8dcc,132,static_init_global_arrays_c02700,supported
0x8e50,135,static_init_global_2d53410,supported
0x8ed8,216,static_init_global_arrays_2d54be8,supported
0x8fb0,168,static_init_global_2d572b8,supported
0x9058,51,static_init_global_arrays_2d5971c,supported
0x908c,,static_init_global_2d597f4,supported
0x909c,82,static_init_global_arrays_2d64890,supported
0x90f0,363,static_init_global_arrays_2d649e0,supported
0x925c,,static_init_register_atexit_91dbcc,supported
0x9268,,static_init_register_atexit_91dbdc,supported
0x9274,64,static_init_global_arrays_c0d560,supported
0x92b4,368,static_init_main_alias_setup,supported
0x9424,,static_init_global_c0d7d8,supported
0x9434,,static_init_global_c0d7d8,supported
0x9444,,static_init_global_c12173,supported
0x9450,,static_init_global_b73924,supported
0x946c,,static_init_global_286b69c,supported
0x9480,,static_init_register_atexit_91dbf0,supported
0x9490,,static_init_global_c12fd8,supported
0x94a0,51,static_init_global_arrays_2a58038,supported
0x94e0,265,static_init_global_a79e00,supported
0x95f0,51,static_init_global_arrays_2d6d5e0,supported
0x9630,32,static_init_tls_alloc,supported
0x9650,63,static_init_hkvtable_hkBaseObject,supported
0x9690,32,static_init_tls_alloc,supported
0x96b0,,static_init_global_b808d0,supported
0x96d0,,static_init_global_b808f0,supported
0x96f0,37,static_init_global_2d6dbf8,supported
0x9720,32,static_init_tls_alloc,supported
0x9740,,static_init_global_2d6dc70,supported
0x9750,,static_init_global_b80820,supported
0x9790,72,static_init_hkclass_hkOstream,supported
0x97e0,87,static_init_hkclass_hkReferencedObject,supported
0x9840,63,static_init_hkvtable_hkReferencedObject,supported
0x9880,72,static_init_hkclass_hkBufferedStreamWriter,supported
0x98d0,,static_init_global_b80910,supported
0x98f0,,static_init_global_b80930,supported
0x9910,,static_init_global_b80860,supported
0x9940,72,static_init_hkclass_hkArrayStreamWriter,supported
0x9990,76,static_init_hkclass_hkBaseObject,supported
0x99e0,,static_init_global_b80c98,supported
0x9a00,,static_init_global_b80890,supported
0x9a40,,static_init_global_b80cb8,supported
0x9a60,25,static_init_global_887a30,supported
0x9a80,98,static_init_hkclass_hkpConvexShape,supported
0x9af0,87,static_init_hkclass_hkpConvexTransformShapeBase,supported
0x9b50,105,static_init_hkclass_hkpBvTreeShape,supported
0x9bc0,111,static_init_hkclass_hkpShapeCollection,supported
0x9c30,87,static_init_hkclass_hkpShape,supported
0x9c90,76,static_init_hkclass_hkpSphereRepShape,supported
0x9ce0,76,static_init_hkclass_hkpShapeContainer,supported
0x9d30,87,static_init_hkclass_hkpSingleShapeContainer,supported
0x9d90,63,static_init_hkvtable_hkpSingleShapeContainer,supported
0x9dd0,87,static_init_hkclass_hkpEntitySmallArraySerializeOverrideType,supported
0x9e30,83,static_init_hkclass_hkpEntitySpuCollisionCallback,supported
0x9e90,83,static_init_hkclass_hkpEntityExtendedListeners,supported
0x9ef0,111,static_init_hkclass_hkpEntity,supported
0x9f60,63,static_init_hkvtable_hkpEntity,supported
0x9fa0,100,static_init_hkclass_hkpWorldObject,supported
0xa010,78,static_init_hkclass_hkpSimpleConstraintContactMgr,supported
0xa060,78,static_init_hkclass_hkpSimulationIsland,supported
0xa0b0,89,static_init_hkclass_hkpPhantom,supported
0xa110,94,static_init_hkclass_hkpMaterial,supported
0xa170,87,static_init_hkclass_hkpConstraintInstanceSmallArraySerializeOverrideType,supported
0xa1d0,102,static_init_hkclass_hkpConstraintInstance,supported
0xa240,63,static_init_hkvtable_hkpConstraintInstance,supported
0xa280,78,static_init_hkclass_hkpKeyframedRigidMotion,supported
0xa2d0,63,static_init_hkvtable_hkpKeyframedRigidMotion,supported
0xa310,78,static_init_hkclass_hkpMaxSizeMotion,supported
0xa360,63,static_init_hkvtable_hkpMaxSizeMotion,supported
0xa3a0,83,static_init_hkclass_hkpPropertyValue,supported
0xa400,83,static_init_hkclass_hkpProperty,supported
0xa460,102,static_init_hkclass_hkpSimulation,supported
0xa4d0,63,static_init_hkvtable_hkpSimulation,supported
0xa510,98,static_init_hkclass_hkpConstraintData,supported
0xa580,94,static_init_hkclass_hkpConstraintAtom,supported
0xa5e0,87,static_init_hkclass_hkpBridgeConstraintAtom,supported
0xa640,83,static_init_hkclass_hkpBridgeAtoms,supported
0xa6a0,87,static_init_hkclass_hkpSimpleContactConstraintAtom,supported
0xa700,56,static_init_global_b8115c,supported
0xa740,98,static_init_hkclass_hkpBallSocketConstraintAtom,supported
0xa7b0,87,static_init_hkclass_hkpStiffSpringConstraintAtom,supported
0xa810,89,static_init_hkclass_hkpSetLocalTransformsConstraintAtom,supported
0xa870,87,static_init_hkclass_hkpSetLocalTranslationsConstraintAtom,supported
0xa8d0,87,static_init_hkclass_hkpSetLocalRotationsConstraintAtom,supported
0xa930,87,static_init_hkclass_hkpOverwritePivotConstraintAtom,supported
0xa990,87,static_init_hkclass_hkpLinConstraintAtom,supported
0xa9f0,87,static_init_hkclass_hkpLinSoftConstraintAtom,supported
0xaa50,87,static_init_hkclass_hkpLinLimitConstraintAtom,supported
0xaab0,87,static_init_hkclass_hkp2dAngConstraintAtom,supported
0xab10,87,static_init_hkclass_hkpAngConstraintAtom,supported
0xab70,94,static_init_hkclass_hkpAngLimitConstraintAtom,supported
0xabd0,94,static_init_hkclass_hkpTwistLimitConstraintAtom,supported
0xac30,105,static_init_hkclass_hkpConeLimitConstraintAtom,supported
0xaca0,87,static_init_hkclass_hkpAngFrictionConstraintAtom,supported
0xad00,87,static_init_hkclass_hkpAngMotorConstraintAtom,supported
0xad60,87,static_init_hkclass_hkpRagdollMotorConstraintAtom,supported
0xadc0,87,static_init_hkclass_hkpLinFrictionConstraintAtom,supported
0xae20,87,static_init_hkclass_hkpLinMotorConstraintAtom,supported
0xae80,87,static_init_hkclass_hkpPulleyConstraintAtom,supported
0xaee0,87,static_init_hkclass_hkpModifierConstraintAtom,supported
0xaf40,87,static_init_hkclass_hkpSoftContactModifierConstraintAtom,supported
0xafa0,91,static_init_hkclass_hkpMassChangerModifierConstraintAtom,supported
0xb000,87,static_init_hkclass_hkpCenterOfMassChangerModifierConstraintAtom,supported
0xb060,76,static_init_hkclass_hkpViscousSurfaceModifierConstraintAtom,supported
0xb0b0,87,static_init_hkclass_hkpMovingSurfaceModifierConstraintAtom,supported
0xb110,76,static_init_hkclass_hkpIgnoreModifierConstraintAtom,supported
0xb160,104,static_init_hkclass_hkpMotion,supported
0xb1d0,104,static_init_hkclass_hkpWorld,supported
0xb240,63,static_init_hkvtable_hkpWorld,supported
0xb280,87,static_init_hkclass_hkpBreakableConstraintData,supported
0xb2e0,63,static_init_hkvtable_hkpBreakableConstraintData,supported
0xb320,83,static_init_hkclass_hkpSimpleContactConstraintDataInfo,supported
0xb380,98,static_init_hkclass_hkpConstraintMotor,supported
0xb3f0,78,static_init_hkclass_hkpRigidBody,supported
0xb440,63,static_init_hkvtable_hkpRigidBody,supported
0xb480,76,static_init_hkclass_hkpDefaultToiResourceMgr,supported
0xb4d0,,static_init_global_b814c8,supported
0xb4f0,,static_init_register_atexit_91dc5c,supported
0xb4fc,62,static_init_global_arrays_2d6f3d0,supported
0xb53c,,static_init_global_c16558,supported
0xb574,,static_init_global_c16578,supported
0xb5ac,,static_init_global_c16598,supported
0xb5e4,,static_init_global_c165b8,supported
0xb61c,,static_init_global_c165d8,supported
0xb654,,static_init_global_c165f8,supported
0xb68c,,static_init_global_c16618,supported
0xb6c4,,static_init_global_c16638,supported
0xb6fc,,static_init_global_c16658,supported
0xb734,,static_init_global_c16678,supported
0xb76c,,static_init_global_c16698,supported
0xb7a4,60,static_init_global_arrays_2dfb4d0,supported
0xb7e0,35,static_init_global_2dfb630,supported
0xb810,441,static_init_global_4e2fa00,supported
0xb9d0,,static_init_global_b814e8,supported
0xb9f0,32,static_init_tls_alloc,supported
0xba10,83,static_init_hkclass_hkRangeRealAttribute,supported
0xba70,83,static_init_hkclass_hkRangeInt32Attribute,supported
0xbad0,98,static_init_hkclass_hkUiAttribute,supported
0xbb40,94,static_init_hkclass_hkGizmoAttribute,supported
0xbba0,94,static_init_hkclass_hkModelerNodeTypeAttribute,supported
0xbc00,94,static_init_hkclass_hkLinkAttribute,supported
0xbc60,94,static_init_hkclass_hkSemanticsAttribute,supported
0xbcc0,83,static_init_hkclass_hkDescriptionAttribute,supported
0xbd20,94,static_init_hkclass_hkArrayTypeAttribute,supported
0xbd80,83,static_init_hkclass_hkDataObjectTypeAttribute,supported
0xbde0,83,static_init_hkclass_hkDocumentationAttribute,supported
0xbe40,76,static_init_hkclass_hkLocalFrame,supported
0xbe90,87,static_init_hkclass_hkLocalFrameGroup,supported
0xbef0,63,static_init_hkvtable_hkLocalFrameGroup,supported
0xbf30,93,static_init_hkclass_hkSimpleLocalFrame,supported
0xbf90,63,static_init_hkvtable_hkSimpleLocalFrame,supported
0xbfd0,94,static_init_hkclass_hkMultiThreadCheck,supported
0xc030,85,static_init_hkclass_hkMotionState,supported
0xc090,83,static_init_hkclass_hkSweptTransform,supported
0xc0f0,89,static_init_hkclass_hkpLinkedCollidable,supported
0xc150,83,static_init_hkclass_hkpCollidableBoundingVolumeData,supported
0xc1b0,98,static_init_hkclass_hkpCollidable,supported
0xc220,87,static_init_hkclass_hkpTypedBroadPhaseHandle,supported
0xc280,87,static_init_hkclass_hkpCdBody,supported
0xc2e0,83,static_init_hkclass_hkpBroadPhaseHandle,supported
0xc340,,static_init_register_atexit_91dce0,supported
0xc350,43,static_init_global_c17c00,supported
0xce9c,141,write_behind_buffer_flush,inferred
0xcf2c,248,write_behind_buffer_submit,inferred
0x11b40,81,slist_push_entries,supported
0x11b94,,thread_set_priority_level,supported
0x11c3c,90,thread_set_debugger_name,supported
0x121ac,587,sync_thread_dispose_objects,inferred
0x12474,95,lock_hierarchy_node_new,inferred
0x124d4,70,lock_hierarchy_node_copy_predecessors,inferred
0x1251c,,lock_hierarchy_find_link,inferred
0x12564,182,lock_hierarchy_add_link,inferred
0x1261c,250,lock_hierarchy_propagate_reachability,inferred
0x129a0,291,lock_hierarchy_rebuild_links,inferred
0x12ac4,275,lock_hierarchy_collect_reachable,inferred
0x12bd8,105,sync_lock_register,inferred
0x12cb4,137,lock_try_acquire,supported
0x12d88,44,lock_scope_enter,inferred
0x12db4,34,lock_scope_leave,inferred
0x12dd8,48,sync_event_wait,supported
0x12e08,107,sync_semaphore_register,inferred
0x12e74,126,sync_semaphore_release,supported
0x12ef4,102,sync_semaphore_wait,supported
0x12f5c,111,sync_semaphore_try_wait,supported
0x1307c,56,data_dispose,supported
0x130b4,148,data_initialize,supported
0x13148,145,data_initialize_disconnected,supported
0x131dc,329,data_connect,supported
0x13328,316,data_delete_all,supported
0x13464,171,datum_new,supported
0x13510,141,datum_new_at_handle,supported
0x135a0,130,datum_new_at_index,supported
0x13624,201,datum_new_in_range,supported
0x136f0,211,datum_delete,supported
0x137c4,,datum_get,supported
0x137f8,,datum_get_absolute,supported
0x13870,57,datum_next_handle,supported
0x138f0,96,datum_initialize,supported
0x1398c,284,lock_acquire_ordered_predecessors,inferred
0x13aa8,166,lock_release_ordered_predecessors,inferred
0x13b64,114,async_work_update_queue_lengths,inferred
0x13bd8,219,async_work_requeue_by_id,inferred
0x13cb4,89,async_work_submit,inferred
0x13d10,423,async_work_queue_insert_sorted,inferred
0x13ec0,362,async_work_queue_alloc_and_insert,inferred
0x14088,123,async_work_compare_entries,inferred
0x15fd8,74,memory_region_carve,supported
0x16394,274,game_state_header_initialize_for_new_map,supported
0x16504,340,game_state_checkpoint_save,supported
0x16658,558,game_state_checkpoint_load,supported
0x16888,285,game_state_load_saved_game,supported
0x17b40,149,job_manager_worker_thread_proc,supported
0x17bd8,81,job_manager_crash_check,supported
0x17e64,88,thread_stop_and_close,inferred
0x17f20,204,vector2d_signed_angle_between,inferred
0x17fec,248,vector2d_line_angle_between,inferred
0x180e4,303,vector3d_line_angle_between,inferred
0x18214,,vector3d_angle_between,supported
0x182ac,163,vector3d_signed_angle_between,inferred
0x183f0,207,vector3d_rotate_toward_perpendicular,inferred
0x1856c,327,vector3d_rotate_about_axis_sincos,inferred
0x186b4,203,vector3d_perpendicular,inferred
0x18780,644,vector3d_build_orthonormal_frame,inferred
0x190e4,205,vector3d_cross_normalized,inferred
0x191b4,168,vector3d_project_onto_unit_vector,inferred
0x1925c,231,vector3d_project_onto_vector,inferred
0x19344,295,quaternion_scale_rotation,inferred
0x1946c,203,quaternion_make_shortest_arc,inferred
0x19538,211,quaternion_normalize,supported
0x1960c,347,quaternion_from_vector_pair,inferred
0x19768,155,quaternion_get_axis_angle,inferred
0x19804,294,quaternion_multiply,supported
0x1992c,193,quaternion_interpolate_nlerp,inferred
0x199f0,203,quaternion_interpolate_nlerp_normalized,inferred
0x19abc,469,quaternion_angle_between,inferred
0x19c94,341,quaternion_rotate_vector,inferred
0x19dec,162,transform_interpolate_quaternion_translation_scale,inferred
0x19e90,264,transform_compose,inferred
0x19f98,208,transform_invert,inferred
0x1a068,92,vector3d_to_yaw_pitch,inferred
0x1a174,198,point2d_within_distance_of_segment,inferred
0x1a23c,64,point2d_distance_squared_to_segment,inferred
0x1a27c,83,point3d_distance_squared_to_segment,inferred
0x1a2d0,250,point2d_closest_point_on_segment,inferred
0x1a3cc,311,point3d_closest_point_on_segment,inferred
0x1b888,309,ray_sphere_intersect_parameter,inferred
0x1e1b4,210,vector3d_normalize_or_default,supported
0x1fa70,173,vector3d_clamp_length,supported
0x1fb20,143,vector2d_normalize,supported
0x1fcfc,185,vector3d_normalize,supported
0x20074,191,async_work_drain_queues,inferred
0x2037c,163,sha1_hash_begin,supported
0x20420,43,sha1_hash_finish,supported
0x24de0,834,sound_effect_datum_array_initialize,supported
0x25124,340,sound_dispose,supported
0x25278,528,sound_initialize_for_new_map,inferred
0x25488,518,sound_dispose_from_old_map,inferred
0x25690,394,sound_initialize_for_new_zone_set,inferred
0x3210c,49,string_format_into_buffer_va,inferred
0x3347c,335,async_work_thread_proc,supported
0x38c30,,map_variant_base_map_id_from_scenario_id,supported
0x3c5fc,112,map_variant_guid_from_scenario_id,supported
0x3cbb4,517,levels_initialize,supported
0x3cdbc,342,levels_dispose,inferred
0x3cf14,,levels_dispose_from_old_map,inferred
0x435f0,,players_dispose,inferred
0x43644,268,players_initialize_for_new_map,inferred
0x43750,84,players_dispose_from_old_map,inferred
0x54214,333,single_bit_window_reader_core,inferred
0x544a4,943,megalo_definition_validate_record_limits,inferred
0x57174,419,copy_supplied_parent_into_tls48_context_and_update_suffix_fields,supported
0x57318,,scenario_physics_budget_get,inferred
0x57b6c,204,zero_parent_storage_and_reset_embedded_variant,supported
0x57c60,45,sanitize_parent_substorage_and_embedded_variant,supported
0x59398,68,game_options_mode_allows_scenario_object_spawn,inferred
0x5d554,308,player_control_initialize_for_new_map,inferred
0x692c4,,map_variant_wrapper_save_to_blf_thunk,supported
0x692cc,406,build_selected_map_variant_output_envelope,supported
0x6a7f4,29,map_variant_stub_object_create,inferred
0x6abd0,85,map_variant_wrapper_create_from_variant,supported
0x6bb64,,map_variant_flags3_init,inferred
0x6bc14,,map_variant_set_override,supported
0x6bc20,204,map_variant_flags3_write_bits,supported
0x6bcec,,map_variant_get_current,supported
0x6bd30,44,map_variant_get_current_cached,supported
0x6bfb0,,scenario_forge_vec3_table_get,inferred
0x6c244,76,map_variant_init_for_guid,inferred
0x6c290,1149,reset_and_compact_variant_with_policy_sanitization,supported
0x6c710,,sandbox_palette_total_item_count,inferred
0x6c754,139,map_variant_copy_header_normalized,supported
0x6ce90,138,map_variant_find_palette_folder_by_tag,supported
0x6cf1c,,palette_flat_index,supported
0x6cf60,109,resolve_metadata_from_private_category_outputs,supported
0x6cfd0,123,resolve_signed_category_and_remaining_index,supported
0x6d04c,1049,encode_map_variant_selected_stream,supported
0x6d468,1007,decode_map_variant_selected_stream,supported
0x6dd40,,map_variant_get_budget_fraction,supported
0x6dd80,182,map_variant_recompute_budget_used,supported
0x6de38,170,scan_identity_count_and_request_quota_delta,supported
0x6dee4,481,reset_map_slot_and_cascade_dependents,supported
0x6e550,231,map_variant_placement_get,supported
0x6e6c8,120,map_variant_placement_get_tag_ref,supported
0x6e740,121,map_variant_object_type_unbound,supported
0x6ed04,496,map_variant_placement_instantiate,supported
0x6eef4,84,map_variant_uninstantiated_placements_scan,supported
0x6ef48,87,forge_delete_all_placed_objects,supported
0x6f4f0,127,map_variant_placement_sync_objects,supported
0x6f72c,,map_variant_placement_props_from_palette_default,supported
0x6fa9c,309,map_variant_placement_props_read_bits,supported
0x6fbd4,102,map_variant_placement_transform_valid,supported
0x6fe0c,220,map_variant_set_placed_objects_state,supported
0x6fee8,204,forge_chunk_slot_props_sync_from_record,supported
0x6ffb4,,forge_chunk_slot_transform_sync_from_record,supported
0x70118,658,apply_mask_selected_group21_records,supported
0x703ac,133,object_type_forge_defaults_get,supported
0x70434,313,map_variant_content_header_init_defaults,supported
0x70570,88,map_variant_set_storage_pointers,inferred
0x7064c,156,map_variant_placement_label_write_bits,supported
0x706e8,443,map_variant_placement_orientation_write_bits,supported
0x70bd8,270,unit_vector_quantize_cube_face,supported
0x71158,,forge_player_get_held_object,supported
0x71430,133,forge_object_is_pending_validation,inferred
0x7169c,,forge_object_rotation_allowed,inferred
0x717ec,1078,forge_player_rotate_held_object,supported
0x71c24,2040,forge_player_update_held_object_transform,inferred
0x72b3c,620,forge_player_aim_raycast,supported
0x745a0,453,forge_global_entity_collect_state,inferred
0x74da4,31,forge_engine_object_value_override_zero,inferred
0x74fb8,185,forge_basis_best_axis_index,supported
0x75074,383,forge_axis_vector_toward_view,inferred
0x75358,364,forge_object_set_transform_and_update_record,supported
0x754c4,163,forge_validator_list_add,supported
0x75710,254,forge_validator_list_remove,supported
0x75810,286,forge_validator_entry_resolve,inferred
0x75930,90,forge_object_reapply_current_transform,inferred
0x760b4,258,apply_wrapped_quota_delta_and_notify,supported
0x76a80,141,reset_object_linked_map_slot_and_dispatch_teardown,supported
0x77924,341,forge_object_drop_position_is_valid,inferred
0x77c28,213,forge_command_place_header_write_bits,supported
0x77d00,597,forge_command_write_bits,supported
0x7853c,793,megalo_object_datum_array_initialize,supported
0x78858,,game_engine_dispose,inferred
0x7887c,1435,initialize_tls_runtime_backing_from_selected_context,supported
0x7b070,234,game_engine_object_deleted_notification,inferred
0x817ec,327,object_list_datum_arrays_initialize,supported
0x81a10,,hs_runtime_initialize_for_new_map,inferred
0x84154,,hs_sleep_eval,supported
0x8415c,,hs_cinematic_sleep_eval,supported
0x84490,,hs_sleep_until_eval,supported
0x84498,,hs_sleep_until_game_ticks_eval,supported
0x84948,806,hs_datum_arrays_initialize,supported
0x89584,86,string_append_format_va,inferred
0x8bc8c,1666,runtime_resource_locations_initialize,supported
0x8f620,,object_definition_flag_bit_test,inferred
0x93f24,,water_physics_cache_dispose,inferred
0x93f48,,water_physics_cache_initialize_for_new_map,inferred
0x93f70,,water_physics_cache_dispose_from_old_map,inferred
0x9919c,521,physics_datum_arrays_initialize,supported
0x993a8,182,havok_pools_dispose,supported
0x99460,167,havok_impact_state_init,supported
0x99508,,havok_dispose_from_old_map,inferred
0x99550,,havok_initialize_for_new_zone_set,inferred
0x99a78,,havok_dispose_from_old_zone_set,inferred
0x9a06c,1476,havok_world_create,supported
0x9a670,203,object_havok_component_create_if_absent,supported
0x9ade4,139,havok_world_add_entity,supported
0x9ae70,1023,havok_add_entities_batch,supported
0x9b490,164,havok_world_update,supported
0x9b534,465,havok_world_presync_bodies,supported
0x9b708,263,havok_world_postsync,supported
0x9b810,1039,havok_component_postsync,supported
0x9c398,133,havok_evict_until_under_cap,supported
0x9c510,95,havok_world_lock_enter,supported
0x9c570,64,havok_world_lock_leave,supported
0x9c628,630,object_variant_region_selection_differs_from_default,inferred
0x9c8f0,483,havok_object_reintegrate_after_move,supported
0x9cad4,309,havok_players_nearest_body_scan,supported
0x9cc0c,544,havok_find_nearest_physics_object,supported
0x9ce2c,52,havok_world_reinitialize,supported
0x9d158,140,visibility_active_portals_initialize,supported
0x9d1e4,121,visibility_active_portals_initialize_for_new_zone_set,inferred
0x9d260,,visibility_active_portals_dispose_from_old_zone_set,inferred
0x9f334,,memory_region_init,supported
0x9f3a0,87,memory_region_lock,supported
0x9f3f8,192,memory_region_try_lock,supported
0x9f4b8,,memory_region_is_locked_by_current_thread,supported
0x9fac0,187,game_state_prepare_for_checkpoint,supported
0xa0780,277,campaign_metagame_initialize,supported
0xa0898,,campaign_metagame_dispose,inferred
0xa08b8,220,campaign_metagame_initialize_for_new_map,inferred
0xa0994,,campaign_metagame_dispose_from_old_map,inferred
0xa2ce4,107,stage_supplied_parent_options_and_record_status,supported
0xa2d50,303,process_options_preflight_and_consume_staged_parent,supported
0xa4330,298,initialize_kind_four_options_in_supplied_parent,supported
0xa445c,174,conditionally_build_and_submit_stack_kind_four_options,supported
0xa5f3c,271,terminal_initialize,supported
0xa604c,81,terminal_dispose,inferred
0xa746c,162,random_math_initialize,supported
0xb2470,155,sound_classes_initialize,supported
0xb250c,,sound_classes_initialize_for_new_map,inferred
0xb256c,,sound_classes_dispose_from_old_map,inferred
0xb2574,,sound_classes_dispose,inferred
0xb35d0,205,looping_sound_restore_pool_initialize,supported
0xb9618,801,game_sound_initialize,supported
0xb993c,152,game_sound_dispose,inferred
0xb99d4,402,game_sound_initialize_for_new_map,inferred
0xb9b68,317,game_sound_dispose_from_old_map,inferred
0xb9ca8,90,game_sound_initialize_for_new_zone_set,inferred
0xc7dec,94,observer_initialize_for_new_map,inferred
0xc7e4c,176,observer_initialize_for_new_zone_set,inferred
0xcc1dc,184,predicted_data_pool_initialize,supported
0xcf754,,havok_scope_begin,inferred
0xcf784,69,havok_scope_end,supported
0xcf7cc,366,havok_memory_pressure_relief,supported
0xd2878,76,xoverlapped_memory_pool_initialize,supported
0xd28c4,162,xoverlapped_memory_pool_dispose,inferred
0xd2d5c,541,cinematic_initialize,supported
0xd2f7c,233,cinematic_initialize_for_new_map,inferred
0xd3068,96,cinematic_dispose_from_old_map,inferred
0xd7a94,187,bink_initialize,supported
0xd7b50,51,bink_dispose,inferred
0xd7b84,34,bink_initialize_for_new_structure_bsp,inferred
0xd7c20,,bink_initialize_for_new_map,inferred
0xd7c28,,bink_dispose_from_old_map,inferred
0xd9d64,140,simulated_input_initialize,supported
0xd9df0,248,simulated_input_initialize_for_new_map,inferred
0xdac0c,140,rumble_initialize,supported
0xdac98,55,rumble_initialize_for_new_map,inferred
0xdacd0,,rumble_dispose_from_old_map,inferred
0xdd10c,359,integer_bit_window_reader_core,inferred
0xf2dac,6018,megalo_action_execute_dispatch,inferred
0xf52f4,2981,megalo_action_decode_record,inferred
0xf6524,922,megalo_condition_evaluate_dispatch,inferred
0xf6ba8,512,megalo_condition_decode_record,inferred
0x102c10,114,content_header_init,supported
0x102e34,157,content_header_set_default_timestamp,supported
0x102f0c,63,content_header_set_name,supported
0x102f4c,63,content_header_set_description,supported
0x102f8c,353,content_header_sanitize,inferred
0x103174,1217,content_header_write_bits,supported
0x103850,82,content_header_time_normalize,inferred
0x1092b0,377,incident_initialize,supported
0x10942c,285,incident_initialize_for_new_map,inferred
0x112d2c,145,player_training_initialize,supported
0x112dc0,103,player_training_initialize_for_new_map,inferred
0x112e28,,player_training_dispose_from_old_map,inferred
0x115d90,872,effects_dispose,inferred
0x1161e8,243,effects_dispose_from_old_map,inferred
0x116458,452,effects_initialize_for_new_zone_set,inferred
0x116688,,effects_dispose_from_old_zone_set,inferred
0x11ad3c,527,effect_new,supported
0x11afe4,471,effect_event_create,supported
0x11b410,2064,effect_location_create,supported
0x11d7e4,502,light_volume_system_create,supported
0x12230c,194,object_definition_game_mode_substitute_lookup,inferred
0x1223d0,272,object_definition_resolve_mode_substitute,inferred
0x122e34,75,fireteam_initialize,supported
0x122e80,,fireteam_initialize_for_new_map,inferred
0x122ea8,,fireteam_dispose_from_old_map,inferred
0x135cf8,155,game_allegiance_initialize,supported
0x135d94,122,game_allegiance_initialize_for_new_map,inferred
0x1374f4,725,object_animation_context_find_active_graph_slot,inferred
0x13790c,,object_definition_models_share_graph_group,inferred
0x139b5c,62,object_animation_context_reset,inferred
0x1415f0,73,object_animation_context_clear_all_slots,inferred
0x14648c,1436,megalo_numeric_reference_read_dispatch,inferred
0x14c30c,142,team_color_get_by_designator,supported
0x14d30c,538,megalo_clear_object_references_and_release_entry,supported
0x14deb4,145,usability_initialize,supported
0x14ea9c,481,render_registration_lists_initialize,inferred
0x14ec8c,,render_registration_counts_reset,inferred
0x14fd68,,physics_constants_dispose,inferred
0x14fd88,104,physics_constants_initialize_for_new_map,inferred
0x14ffe0,369,collision_hierarchy_datum_arrays_initialize,supported
0x150154,58,collision_hierarchy_dispose,inferred
0x150190,83,collision_hierarchy_initialize_for_new_map,inferred
0x1501e4,294,collision_hierarchy_initialize_for_new_zone_set,inferred
0x15030c,,collision_hierarchy_dispose_from_old_zone_set,inferred
0x15323c,148,kill_trigger_volumes_initialize,supported
0x1532d0,,kill_trigger_volumes_dispose,inferred
0x1532f0,58,kill_trigger_volumes_initialize_for_new_map,inferred
0x15332c,,kill_trigger_volumes_dispose_from_old_map,inferred
0x153bf0,138,soft_surfaces_initialize,supported
0x153c7c,,soft_surfaces_initialize_for_new_map,inferred
0x1574a8,73,lasing_initialize,supported
0x1574f4,,lasing_dispose,inferred
0x157518,,lasing_initialize_for_new_map,inferred
0x157540,,lasing_dispose_from_old_map,inferred
0x157f50,155,game_heat_initialize,supported
0x157fec,,game_heat_initialize_for_new_map,inferred
0x15844c,350,breakable_surface_datum_arrays_initialize,supported
0x1585ac,67,breakable_surfaces_dispose,inferred
0x1585f0,132,breakable_surfaces_initialize_for_new_map,inferred
0x158674,,breakable_surfaces_dispose_from_old_map,inferred
0x15cd0c,549,decal_datum_array_initialize,supported
0x15cf34,156,decals_initialize_for_new_map,inferred
0x15cfd0,97,decals_dispose_from_old_map,inferred
0x15d034,155,decals_dispose,inferred
0x15d0d0,73,decals_initialize_for_new_zone_set,inferred
0x15d11c,188,decals_dispose_from_old_zone_set,inferred
0x15db8c,1386,decal_system_create,supported
0x15fe98,73,screen_effect_initialize,supported
0x15fee4,,screen_effect_initialize_for_new_map,inferred
0x15ff0c,,screen_effect_dispose_from_old_map,inferred
0x15ff30,64,screen_effect_dispose,inferred
0x160044,381,screen_effect_create,supported
0x1615c8,140,game_sound_deterministic_initialize,supported
0x161654,,game_sound_deterministic_dispose,inferred
0x161674,,game_sound_deterministic_initialize_for_new_map,inferred
0x161c48,138,game_sound_player_effects_initialize,supported
0x161cd4,,game_sound_player_effects_initialize_for_new_map,inferred
0x16205c,140,player_effects_initialize,supported
0x1620e8,253,player_effects_initialize_for_new_map,inferred
0x1641f0,75,recorded_animations_initialize,supported
0x16423c,,recorded_animations_initialize_for_new_map,inferred
0x164264,,recorded_animations_dispose_from_old_map,inferred
0x164b24,,havok_proxies_dispose,inferred
0x164b48,,havok_proxies_initialize_for_new_map,inferred
0x164b70,,havok_proxies_dispose_from_old_map,inferred
0x165a88,140,scenario_interpolators_initialize,supported
0x165b14,82,scenario_interpolators_initialize_for_new_map,inferred
0x166288,138,game_save_initialize,supported
0x166314,,game_save_initialize_for_new_map,inferred
0x166c58,166,cheap_particle_emitter_create,supported
0x17ac38,370,encode_selected_map_variant_chunk_envelope,supported
0x17b8d0,271,candy_monitor_register_object,inferred
0x17bb54,417,candy_spawner_update,inferred
0x17c094,530,candy_monitor_manager_update,inferred
0x17c168,,respawn_manager_table_update,inferred
0x17c2a8,544,candy_monitor_manager_monitor_object,inferred
0x17c830,,candy_monitor_try_and_get_by_object_handle,inferred
0x17cb04,380,candy_object_displacement_predicate,inferred
0x17cc80,346,respawn_object_state_test,supported
0x17d3e4,304,havok_component_dispose,supported
0x17d5b0,207,havok_component_allocate_for_object,supported
0x17d868,,havok_entity_get_component_handle,inferred
0x17d8b4,106,havok_entity_set_component_handle,supported
0x17d920,106,havok_entity_set_body_index_property,supported
0x1802ac,403,havok_component_add_to_world,supported
0x180740,414,havok_component_pair_predicate_partial,supported
0x181234,4612,havok_two_object_component_consumer_partial,supported
0x183a70,548,havok_component_pair_output_consumer_partial,supported
0x18eaf4,239,megalo_object_entry_get_or_create,supported
0x192960,108,object_list_new,supported
0x1929cc,137,object_list_add,supported
0x19493c,476,hs_compile_begin_family,supported
0x194b18,347,hs_compile_if,supported
0x194c74,576,hs_compile_cond_clause,inferred
0x194eb4,165,hs_compile_cond,supported
0x194f5c,460,hs_compile_set,supported
0x195128,236,hs_compile_logical_and_or,supported
0x195214,281,hs_compile_arithmetic,supported
0x195330,227,hs_compile_check_argument_count,inferred
0x195414,239,hs_compile_equality,supported
0x195504,413,hs_compile_inequality,supported
0x1956a4,70,hs_compile_sleep_forever,supported
0x1956ec,,hs_compile_cinematic_sleep,supported
0x1956f4,152,hs_compile_sleep,supported
0x19584c,,hs_compile_sleep_until,supported
0x195854,205,hs_compile_wake,supported
0x195924,144,hs_compile_inspect,supported
0x1959b4,73,hs_compile_object_type_cast,supported
0x195a00,210,hs_compile_branch,supported
0x19669c,406,hs_parse_resolve_function_or_script_reference,inferred
0x196d24,263,hs_parse_type_boolean,supported
0x196e2c,208,hs_parse_type_real,supported
0x196efc,296,hs_parse_type_integer,supported
0x197024,,hs_parse_type_string_passthrough,inferred
0x197044,160,hs_parse_type_script_name,supported
0x1970e4,95,hs_parse_type_string_parameter,supported
0x197160,905,hs_parse_type_unit_seat_mapping,supported
0x197674,320,hs_parse_type_tag_path,supported
0x1977b4,627,hs_parse_type_scenario_tag_reference_by_name,inferred
0x197a60,565,hs_parse_type_enum,supported
0x197da4,239,hs_parse_scenario_block_name,inferred
0x197e94,94,hs_parse_type_scenario_block_name_a,inferred
0x198104,155,hs_parse_type_ai_squad_or_group,supported
0x1981a0,238,hs_parse_type_ai_command_script,supported
0x198290,,hs_parse_type_ai_behavior,supported
0x1982c0,,hs_parse_type_ai_orders,supported
0x198390,489,hs_parse_type_player,supported
0x19857c,191,hs_parse_type_zone_set,supported
0x198744,183,hs_parse_type_lightprobe,supported
0x1987fc,491,hs_parse_object_name_typed,supported
0x1989f4,254,hs_parse_type_object_name_family,inferred
0x198af4,430,hs_parse_type_point_reference,supported
0x198ca4,257,hs_parse_type_style,supported
0x198da8,141,hs_parse_type_object_name,supported
0x198e38,242,hs_parse_type_editor_folder,supported
0x1992b4,77,hs_not_eval,supported
0x199304,96,hs_pin_eval,supported
0x199364,61,hs_rewards_get_cookie_total_eval_shared,supported
0x1993a4,130,hs_kill_active_scripts_eval,supported
0x199428,,hs_get_executing_running_thread_eval,supported
0x199454,93,hs_kill_thread_eval,supported
0x1994b4,116,hs_script_started_eval,supported
0x199528,109,hs_script_finished_eval,supported
0x199598,154,hs_local_players_eval,supported
0x199734,29,hs_players_human_eval,supported
0x199754,32,hs_players_elite_eval,supported
0x199774,120,hs_player_get_eval,supported
0x1997ec,68,hs_player_in_game_get_eval,supported
0x199830,70,hs_human_player_in_game_get_eval,supported
0x199878,73,hs_elite_player_in_game_get_eval,supported
0x1998c4,97,hs_player_is_in_game_eval,supported
0x1999e0,182,hs_kill_volume_disable_eval,supported
0x199a98,73,hs_volume_teleport_players_not_inside_eval,supported
0x199ae4,88,hs_volume_test_object_eval,supported
0x199b3c,87,hs_volume_test_objects_eval,supported
0x199b94,87,hs_volume_test_objects_all_eval,supported
0x199bec,225,hs_volume_test_players_eval,supported
0x199cd0,81,hs_volume_test_players_all_eval,supported
0x199d24,72,hs_volume_return_objects_eval,supported
0x199d6c,72,hs_volume_return_objects_by_type_eval,supported
0x199db4,72,hs_volume_return_objects_by_campaign_type_eval,supported
0x199dfc,71,hs_zone_set_trigger_volume_enable_eval,supported
0x199e44,113,hs_list_get_eval,supported
0x199f0c,200,hs_list_count_not_dead_eval,supported
0x19a01c,77,hs_effect_new_random_eval,supported
0x19a06c,81,hs_effect_new_random_eval,supported
0x19a0c0,77,hs_effect_new_at_ai_point_eval,supported
0x19a110,75,hs_effect_new_at_point_set_point_eval,supported
0x19a15c,78,hs_effect_new_on_object_marker_eval,supported
0x19a1ac,78,hs_effect_new_on_object_marker_loop_eval,supported
0x19a1fc,75,hs_effect_stop_object_marker_eval,supported
0x19a248,71,hs_effect_new_on_ground_eval,supported
0x19a290,72,hs_damage_new_eval,supported
0x19a2d8,71,hs_damage_object_effect_eval,supported
0x19a320,111,hs_damage_objects_effect_eval,supported
0x19a390,76,hs_damage_object_eval,supported
0x19a3dc,129,hs_damage_objects_eval,supported
0x19a460,68,hs_damage_players_eval,supported
0x19a4a4,71,hs_soft_ceiling_enable_eval,supported
0x19a540,83,hs_object_create_variant_eval,supported
0x19a594,81,hs_object_create_clone_eval,supported
0x19a630,101,hs_object_create_if_necessary_eval,supported
0x19a698,68,hs_object_create_folder_eval,supported
0x19a6dc,91,hs_object_create_folder_anew_eval,supported
0x19a79c,30,hs_object_destroy_all_eval,supported
0x19a7bc,68,hs_object_destroy_type_mask_eval,supported
0x19a800,150,hs_objects_delete_by_definition_eval,supported
0x19a898,68,hs_object_destroy_folder_eval,supported
0x19a8dc,76,hs_object_hide_eval,supported
0x19a928,87,hs_object_set_shadowless_eval,supported
0x19a980,167,hs_object_set_allegiance_eval,supported
0x19aa28,137,hs_object_buckling_magnitude_get_eval,supported
0x19aab4,134,hs_object_function_set_eval,supported
0x19ab3c,81,hs_object_set_function_variable_eval,supported
0x19ab90,81,hs_object_set_cinematic_function_variable_eval,supported
0x19abe4,165,hs_object_clear_cinematic_function_variable_eval,supported
0x19ac8c,68,hs_object_clear_all_cinematic_function_variables_eval,supported
0x19ad8c,145,hs_object_set_phantom_power_eval,supported
0x19ae20,75,hs_object_wake_physics_eval,supported
0x19ae6c,150,hs_object_get_at_rest_eval,supported
0x19af04,135,hs_object_set_ranged_attack_inhibited_eval,supported
0x19af8c,135,hs_object_set_melee_attack_inhibited_eval,supported
0x19b098,129,hs_unit_get_shield_eval_shared,supported
0x19b11c,78,hs_object_set_shield_effect_eval,supported
0x19b16c,80,hs_object_set_physics_eval,supported
0x19b1bc,68,hs_object_get_parent_eval,supported
0x19b200,194,hs_objects_attach_eval,supported
0x19b2c4,71,hs_object_at_marker_eval,supported
0x19b30c,134,hs_objects_detach_eval,supported
0x19b434,136,hs_object_get_bsp_eval,supported
0x19b4bc,150,hs_object_is_reserved_eval,supported
0x19b5a8,122,hs_object_set_deleted_when_deactivated_eval,supported
0x19b624,97,hs_object_model_target_destroyed_eval,supported
0x19b688,84,hs_object_model_targets_destroyed_eval,supported
0x19b6dc,79,hs_object_enable_damage_section_eval,supported
0x19b72c,77,hs_object_disable_damage_section_eval,supported
0x19b77c,88,hs_object_damage_damage_section_eval,supported
0x19b7d4,71,hs_object_cannot_die_eval,supported
0x19b81c,154,hs_object_cannot_die_except_kill_volumes_eval,supported
0x19b8b8,145,hs_object_ignores_emp_eval,supported
0x19b94c,80,hs_object_vitality_pinned_eval,supported
0x19b9cc,,hs_garbage_collect_unsafe_eval,supported
0x19b9fc,27,hs_garbage_collect_multiplayer_eval,supported
0x19ba64,164,hs_object_get_recent_body_damage_eval,supported
0x19bb08,164,hs_object_get_recent_shield_damage_eval,supported
0x19bbac,75,hs_object_can_take_damage_eval,supported
0x19bbf8,77,hs_object_immune_to_friendly_damage_eval,supported
0x19bc48,139,hs_object_cinematic_lod_eval,supported
0x19bcd4,153,hs_object_cinematic_collision_eval,supported
0x19bd70,71,hs_object_cinematic_visibility_eval,supported
0x19bdb8,90,hs_objects_predict_low_eval_shared,supported
0x19be5c,158,hs_object_teleport_to_ai_point_eval,supported
0x19befc,72,hs_object_set_facing_eval,supported
0x19bf44,114,hs_object_set_shield_eval,supported
0x19bfb8,90,hs_object_set_shield_stun_eval,supported
0x19c014,78,hs_object_set_shield_stun_infinite_eval,supported
0x19c0b8,76,hs_object_set_variant_eval,supported
0x19c104,202,hs_object_set_region_state_eval,supported
0x19c1d0,97,hs_object_set_model_state_property_eval,supported
0x19c28c,89,hs_objects_can_see_flag_eval,supported
0x19c2e8,79,hs_objects_distance_to_object_eval,supported
0x19c338,80,hs_objects_distance_to_flag_eval,supported
0x19c388,79,hs_objects_distance_to_point_eval,supported
0x19c3d8,27,hs_script_doc_eval,supported
0x19c3f4,77,hs_help_eval,supported
0x19c444,27,hs_game_engine_objects_eval,supported
0x19c460,144,hs_random_range_eval,supported
0x19c4f0,150,hs_real_random_range_eval,supported
0x19c588,123,hs_physics_constants_reset_eval,supported
0x19c604,155,physics_set_gravity_script_function,supported
0x19c6a0,115,hs_physics_set_velocity_frame_eval,supported
0x19c714,137,hs_physics_disable_character_ground_adhesion_forces_eval,supported
0x19c7a0,94,hs_breakable_surfaces_enable_eval,supported
0x19c800,27,hs_breakable_surfaces_reset_eval,supported
0x19c81c,87,hs_recording_play_eval,supported
0x19c874,90,hs_recording_play_and_delete_eval,supported
0x19c8d0,90,hs_recording_play_and_hover_eval,supported
0x19c92c,80,hs_recording_kill_eval,supported
0x19c97c,170,hs_recording_time_eval,supported
0x19ca28,107,hs_render_lights_eval,supported
0x19ca94,76,hs_texture_camera_set_object_marker_eval,supported
0x19cae0,136,hs_texture_camera_set_position_eval,supported
0x19cb68,125,hs_texture_camera_set_target_eval,supported
0x19cbe8,71,hs_texture_camera_attach_to_object_eval,supported
0x19cc30,138,hs_texture_camera_target_object_eval,supported
0x19ccbc,115,hs_texture_camera_position_world_offset_eval,supported
0x19cd30,,hs_texture_camera_on_eval,supported
0x19cd5c,,hs_texture_camera_bink_eval,supported
0x19cd8c,,hs_texture_camera_off_eval,supported
0x19cdbc,95,hs_texture_camera_set_aspect_ratio_eval,supported
0x19ce1c,143,hs_texture_camera_set_resolution_eval,supported
0x19ceac,110,hs_texture_camera_render_mode_eval,supported
0x19cf1c,70,hs_texture_camera_set_fov_eval,supported
0x19cf64,105,hs_texture_camera_set_fov_frame_target_eval,supported
0x19cfd0,95,hs_texture_camera_enable_dynamic_lights_eval,supported
0x19d030,124,hs_hud_camera_on_eval,supported
0x19d0ac,124,hs_hud_camera_off_eval,supported
0x19d128,168,hs_hud_camera_set_position_eval,supported
0x19d1d0,168,hs_hud_camera_set_target_eval,supported
0x19d278,193,hs_hud_camera_attach_to_object_eval,supported
0x19d33c,193,hs_hud_camera_target_object_eval,supported
0x19d400,155,hs_hud_camera_structure_eval,supported
0x19d49c,169,hs_hud_camera_highlight_object_eval,supported
0x19d548,145,hs_hud_camera_clear_objects_eval,supported
0x19d5dc,219,hs_hud_camera_spin_around_eval,supported
0x19d6b8,124,hs_hud_camera_from_player_view_eval,supported
0x19d734,252,hs_hud_camera_window_eval,supported
0x19d830,78,hs_weather_animate_eval,supported
0x19d880,78,hs_weather_animate_force_eval,supported
0x19d8d0,,hs_render_postprocess_color_tweaking_reset_eval,supported
0x19d900,93,hs_scenery_animation_start_eval,supported
0x19d960,93,hs_scenery_animation_start_loop_eval,supported
0x19d9c0,95,hs_scenery_animation_start_relative_eval,supported
0x19da20,95,hs_scenery_animation_start_relative_loop_eval,supported
0x19da80,95,hs_scenery_animation_start_at_frame_eval,supported
0x19dae0,97,hs_scenery_animation_start_relative_at_frame_eval,supported
0x19db44,68,hs_scenery_animation_idle_eval,supported
0x19db88,81,hs_scenery_get_animation_time_eval,supported
0x19dbdc,145,hs_unit_can_blink_eval,supported
0x19dc70,86,hs_unit_set_active_camo_eval,supported
0x19dcc8,68,hs_unit_open_eval,supported
0x19dd0c,125,hs_unit_close_eval,supported
0x19de44,163,hs_unit_is_emitting_eval,supported
0x19dee8,162,hs_unit_is_emp_stunned_eval,supported
0x19df8c,153,hs_unit_get_custom_animation_time_eval,supported
0x19e028,78,hs_unit_stop_custom_animation_eval,supported
0x19e078,91,hs_custom_animation_eval,supported
0x19e0d4,212,hs_custom_animation_loop_eval,supported
0x19e1a8,98,hs_custom_animation_relative_eval,supported
0x19e20c,213,hs_custom_animation_relative_loop_eval,supported
0x19e2e4,186,hs_custom_animation_list_eval,supported
0x19e3a0,158,hs_unit_custom_animation_at_frame_eval,supported
0x19e440,167,hs_unit_custom_animation_relative_at_frame_eval,supported
0x19e4e8,100,hs_unit_is_playing_custom_animation_eval,supported
0x19e54c,80,hs_unit_has_mandibles_hidden_eval,supported
0x19e59c,83,hs_sync_action_create_eval,supported
0x19e5f0,173,hs_object_running_sync_action_eval,supported
0x19e6a0,95,hs_object_set_custom_animations_hold_on_last_frame_eval,supported
0x19e700,95,hs_object_set_custom_animations_prevent_lipsync_head_movement_eval,supported
0x19e760,101,hs_unit_get_team_index_eval,supported
0x19e7c8,145,hs_unit_aim_without_turning_eval,supported
0x19e85c,145,hs_unit_set_enterable_by_player_eval,supported
0x19e8f0,144,hs_unit_get_enterable_by_player_eval,supported
0x19e980,145,hs_unit_only_takes_damage_from_players_team_eval,supported
0x19ea64,78,hs_unit_enter_vehicle_immediate_eval,supported
0x19eab4,145,hs_unit_falling_damage_disable_eval,supported
0x19eb48,209,hs_unit_in_vehicle_type_eval,supported
0x19ec1c,223,hs_object_get_turret_count_eval,supported
0x19ecfc,72,hs_object_get_turret_eval,supported
0x19ed44,71,hs_unit_board_vehicle_eval,supported
0x19ed8c,86,hs_unit_set_emotion_eval,supported
0x19ede4,86,hs_unit_set_emotion_by_name_eval,supported
0x19ee3c,164,hs_unit_enable_eye_tracking_eval,supported
0x19eee0,71,hs_unit_set_integrated_flashlight_eval,supported
0x19ef28,80,hs_unit_in_vehicle_eval,supported
0x19ef78,183,hs_unit_get_vehicle_eval,supported
0x19f030,79,hs_vehicle_set_unit_interaction_eval_shared,supported
0x19f080,87,hs_vehicle_test_seat_unit_list_eval,supported
0x19f0d8,87,hs_vehicle_test_seat_unit_eval,supported
0x19f130,83,hs_vehicle_test_seat_eval_shared,supported
0x19f184,118,hs_unit_set_prefer_tight_camera_track_eval,supported
0x19f1fc,70,hs_unit_exit_vehicle_eval,supported
0x19f244,72,hs_unit_exit_vehicle_eval,supported
0x19f28c,78,hs_unit_set_maximum_vitality_eval,supported
0x19f2dc,133,hs_units_set_maximum_vitality_eval,supported
0x19f3b4,133,hs_units_set_current_vitality_eval,supported
0x19f43c,88,hs_vehicle_load_magic_eval,supported
0x19f494,84,hs_vehicle_unload_eval,supported
0x19f4e8,132,hs_unit_set_animation_mode_eval,supported
0x19f56c,132,hs_magic_melee_attack_eval,supported
0x19f5f0,68,hs_vehicle_riders_eval,supported
0x19f634,85,hs_vehicle_driver_eval,supported
0x19f68c,85,hs_vehicle_gunner_eval,supported
0x19f6e4,123,hs_unit_get_total_grenade_count_eval,supported
0x19f760,105,hs_unit_has_weapon_eval,supported
0x19f7cc,83,hs_unit_has_weapon_readied_eval,supported
0x19f820,144,hs_unit_has_any_equipment_eval,supported
0x19f8b0,184,hs_unit_has_equipment_eval,supported
0x19f968,72,hs_unit_lower_weapon_eval,supported
0x19f9b0,171,hs_unit_raise_weapon_eval,supported
0x19fa5c,228,hs_unit_drop_support_weapon_eval,supported
0x19fb40,145,hs_unit_force_reload_eval,supported
0x19fbd4,115,hs_unit_doesnt_drop_items_eval,supported
0x19fc48,145,hs_unit_impervious_eval,supported
0x19fcdc,168,hs_unit_suspended_eval,supported
0x19fd84,156,hs_unit_add_equipment_eval,supported
0x19fe20,167,hs_weapon_set_primary_barrel_firing_eval,supported
0x19fec8,234,hs_weapon_hold_trigger_eval,supported
0x19ffb4,99,hs_weapon_enable_warthog_chaingun_light_eval,supported
0x1a0018,121,hs_device_set_never_appears_locked_eval,supported
0x1a0094,73,hs_device_set_power_eval,supported
0x1a00e0,149,hs_device_set_position_transition_time_eval,supported
0x1a0178,135,hs_device_get_power_eval,supported
0x1a0258,135,hs_device_get_position_eval,supported
0x1a02e0,73,hs_device_set_position_immediate_eval,supported
0x1a032c,117,hs_device_group_get_eval,supported
0x1a03a4,86,hs_device_group_set_eval,supported
0x1a03fc,73,hs_device_group_set_immediate_eval,supported
0x1a0448,116,hs_device_one_sided_set_eval,supported
0x1a04bc,143,hs_device_ignore_player_set_eval,supported
0x1a054c,141,hs_device_operates_automatically_set_eval,supported
0x1a05dc,141,hs_device_closes_automatically_set_eval,supported
0x1a066c,71,hs_device_group_change_only_once_more_set_eval,supported
0x1a06b4,88,hs_device_set_position_track_eval,supported
0x1a070c,83,hs_device_set_overlay_track_eval,supported
0x1a0760,101,hs_device_animate_position_eval,supported
0x1a07c8,175,hs_device_animate_overlay_eval,supported
0x1a0878,94,hs_ai_enable_eval,supported
0x1a08d8,,hs_ai_enabled_eval,supported
0x1a0910,98,hs_ai_grenades_eval,supported
0x1a0974,95,hs_ai_dialogue_enable_eval,supported
0x1a09d4,95,hs_ai_dialogue_updating_enable_eval,supported
0x1a0a34,95,hs_ai_player_dialogue_enable_eval,supported
0x1a0a94,118,hs_ai_actor_dialogue_enable_eval,supported
0x1a0b0c,118,hs_ai_actor_dialogue_effect_enable_eval,supported
0x1a0b84,131,hs_ai_infection_suppress_eval,supported
0x1a0c08,95,hs_ai_fast_and_dumb_eval,supported
0x1a0c68,97,hs_ai_lod_full_detail_actors_eval,supported
0x1a0ccc,73,hs_ai_force_full_lod_eval,supported
0x1a0d18,73,hs_ai_force_low_lod_eval,supported
0x1a0d64,70,hs_ai_clear_lod_eval,supported
0x1a0dac,68,hs_ai_get_unit_eval_shared,supported
0x1a0df0,164,hs_ai_get_squad_eval,supported
0x1a0e94,72,hs_ai_get_turret_ai_eval,supported
0x1a0edc,83,hs_ai_random_smart_point_eval,supported
0x1a0f30,71,hs_ai_nearest_point_eval,supported
0x1a0f78,188,hs_ai_get_point_count_eval,supported
0x1a1034,236,hs_ai_point_set_get_point_eval,supported
0x1a11b8,74,hs_ai_place_in_limbo_eval,supported
0x1a1204,75,hs_ai_place_in_limbo_eval,supported
0x1a1250,71,hs_ai_place_in_vehicle_eval,supported
0x1a1298,71,hs_ai_cannot_die_eval,supported
0x1a12e0,80,hs_ai_vitality_pinned_eval,supported
0x1a1330,78,hs_ai_place_wave_eval,supported
0x1a1380,79,hs_ai_place_wave_eval,supported
0x1a13d0,78,hs_ai_place_wave_in_limbo_eval,supported
0x1a1420,79,hs_ai_place_wave_in_limbo_eval,supported
0x1a1470,150,hs_ai_set_clump_eval,supported
0x1a1508,101,hs_ai_designer_clump_perception_range_eval,supported
0x1a1570,103,hs_ai_designer_clump_targeting_group_eval,supported
0x1a15d8,71,hs_ai_index_from_spawn_formation_eval,supported
0x1a1620,196,hs_ai_resurrect_eval,supported
0x1a16e4,73,hs_ai_kill_eval,supported
0x1a1730,74,hs_ai_kill_silent_eval,supported
0x1a177c,73,hs_ai_kill_no_statistics_eval,supported
0x1a17c8,213,hs_ai_erase_eval,supported
0x1a18a0,103,hs_ai_erase_all_eval,supported
0x1a1908,71,hs_ai_disposable_eval,supported
0x1a1950,71,hs_ai_set_deaf_eval,supported
0x1a1998,71,hs_ai_set_blind_eval,supported
0x1a19e0,156,hs_ai_set_weapon_up_eval,supported
0x1a1a7c,71,hs_ai_add_navpoint_eval,supported
0x1a1ac4,71,hs_ai_magically_see_eval,supported
0x1a1b0c,71,hs_ai_magically_see_object_eval,supported
0x1a1b54,177,hs_ai_set_active_camo_eval,supported
0x1a1c08,151,hs_ai_suppress_combat_eval,supported
0x1a1ca0,68,hs_ai_engineer_explode_eval,supported
0x1a1ce4,68,hs_ai_grunt_kamikaze_eval,supported
0x1a1d28,89,hs_ai_migrate_eval_shared,supported
0x1a1d84,71,hs_ai_allegiance_eval,supported
0x1a1dcc,81,hs_ai_allegiance_remove_eval,supported
0x1a1e20,87,hs_ai_allegiance_break_eval,supported
0x1a1e78,161,hs_ai_braindead_eval,supported
0x1a1f1c,71,hs_ai_braindead_by_unit_eval,supported
0x1a1f64,143,hs_ai_disregard_eval,supported
0x1a1ff4,139,hs_ai_disregard_orphans_eval,supported
0x1a2080,143,hs_ai_prefer_target_eval,supported
0x1a2110,151,hs_ai_prefer_target_team_eval,supported
0x1a21a8,156,hs_ai_prefer_target_ai_eval,supported
0x1a2244,75,hs_ai_set_targeting_group_eval,supported
0x1a2290,76,hs_ai_set_targeting_group_eval,supported
0x1a22dc,68,hs_ai_teleport_to_spawn_point_if_outside_bsp_eval_shared,supported
0x1a2320,71,hs_ai_teleport_eval,supported
0x1a2368,83,hs_ai_bring_forward_eval,supported
0x1a23bc,68,hs_ai_renew_eval,supported
0x1a2400,71,hs_ai_force_active_eval,supported
0x1a2448,170,hs_ai_force_active_by_unit_eval,supported
0x1a24f4,68,hs_ai_exit_limbo_eval,supported
0x1a2538,164,hs_ai_berserk_eval,supported
0x1a25dc,71,hs_ai_set_team_eval,supported
0x1a2624,81,hs_ai_fighting_count_eval,supported
0x1a2678,89,hs_ai_living_count_eval,supported
0x1a26d4,115,hs_ai_living_fraction_eval,supported
0x1a2748,92,hs_ai_in_vehicle_count_eval,supported
0x1a27a4,81,hs_ai_body_count_eval,supported
0x1a27f8,101,hs_ai_strength_eval,supported
0x1a2860,92,hs_ai_swarm_count_eval,supported
0x1a28bc,92,hs_ai_nonswarm_count_eval,supported
0x1a2918,68,hs_ai_actors_eval,supported
0x1a295c,188,hs_ai_allegiance_broken_eval,supported
0x1a2a18,139,hs_ai_spawn_count_eval,supported
0x1a2aa4,176,hs_object_get_ai_eval,supported
0x1a2b54,87,hs_ai_set_task_eval,supported
0x1a2bac,86,hs_ai_set_objective_eval,supported
0x1a2c04,81,hs_ai_task_status_eval,supported
0x1a2c58,83,hs_ai_set_task_condition_eval,supported
0x1a2cac,80,hs_ai_leadership_eval,supported
0x1a2cfc,80,hs_ai_leadership_all_eval,supported
0x1a2d4c,81,hs_ai_task_count_eval,supported
0x1a2da0,68,hs_ai_reset_objective_eval,supported
0x1a2de4,149,hs_ai_squad_patrol_objective_disallow_eval,supported
0x1a2e7c,188,hs_ai_place_cue_eval,supported
0x1a2f38,68,hs_ai_remove_cue_eval,supported
0x1a2f7c,,hs_generate_pathfinding_eval,supported
0x1a2f94,199,hs_ai_activity_set_eval,supported
0x1a305c,139,hs_ai_activity_abort_eval,supported
0x1a30e8,169,hs_ai_object_set_team_eval,supported
0x1a3194,119,hs_ai_object_set_targeting_bias_eval,supported
0x1a320c,138,hs_ai_object_set_targeting_ranges_eval,supported
0x1a3298,91,hs_ai_object_enable_targeting_from_vehicle_eval,supported
0x1a32f4,91,hs_ai_object_enable_grenade_attack_eval,supported
0x1a3350,199,hs_ai_vehicle_get_eval,supported
0x1a3418,88,hs_ai_vehicle_get_from_spawn_point_eval_shared,supported
0x1a3470,224,hs_ai_vehicle_get_squad_count_eval,supported
0x1a3550,94,hs_ai_vehicle_get_from_squad_eval,supported
0x1a35b0,87,hs_ai_vehicle_reserve_seat_eval,supported
0x1a3608,83,hs_ai_vehicle_reserve_eval,supported
0x1a365c,68,hs_ai_player_get_vehicle_squad_eval,supported
0x1a36a0,81,hs_ai_vehicle_count_eval,supported
0x1a36f4,172,hs_ai_carrying_player_eval,supported
0x1a37a0,80,hs_player_in_vehicle_eval,supported
0x1a37f0,105,hs_ai_player_needs_vehicle_eval,supported
0x1a385c,179,hs_ai_player_any_needs_vehicle_eval,supported
0x1a3910,78,hs_ai_vehicle_enter_eval,supported
0x1a3960,78,hs_ai_vehicle_enter_eval,supported
0x1a39b0,78,hs_ai_vehicle_enter_immediate_eval,supported
0x1a3a00,78,hs_ai_vehicle_enter_immediate_eval,supported
0x1a3a50,81,hs_ai_enter_squad_vehicles_eval,supported
0x1a3aa4,71,hs_ai_vehicle_exit_eval,supported
0x1a3aec,71,hs_ai_vehicle_exit_eval,supported
0x1a3b34,97,hs_vehicle_overturned_eval,supported
0x1a3b98,117,hs_vehicle_flip_eval,supported
0x1a3c10,162,hs_ai_squad_group_get_squad_eval,supported
0x1a3cb4,155,hs_ai_squad_group_get_squad_count_eval,supported
0x1a3d50,71,hs_ai_squad_patrol_enable_eval,supported
0x1a3d98,168,hs_ai_combat_status_eval,supported
0x1a3e40,159,hs_ai_set_combat_status_eval,supported
0x1a3ee0,146,hs_flock_start_eval,supported
0x1a3f74,151,hs_flock_stop_eval,supported
0x1a400c,80,hs_flock_create_eval,supported
0x1a405c,106,hs_flock_delete_eval,supported
0x1a40c8,150,hs_flock_destroy_eval,supported
0x1a4160,142,hs_flock_definition_set_eval,supported
0x1a41f0,85,hs_flock_unperch_eval,supported
0x1a4248,142,hs_flock_set_targeting_group_eval,supported
0x1a42d8,239,hs_flock_destination_set_enabled_eval,supported
0x1a43c8,75,hs_flock_destination_set_position_eval,supported
0x1a4414,75,hs_flock_destination_copy_position_eval,supported
0x1a4460,62,hs_user_interface_controller_get_last_level_played_eval_shared,supported
0x1a44a0,154,hs_ai_wall_lean_eval,supported
0x1a453c,71,hs_ai_play_vocalization_eval,supported
0x1a4584,71,hs_ai_play_vocalization_on_team_eval,supported
0x1a45cc,89,hs_ai_play_line_eval,supported
0x1a4628,89,hs_ai_play_line_at_player_eval,supported
0x1a4684,247,hs_ai_play_line_on_object_eval,supported
0x1a477c,72,hs_ai_play_line_on_object_for_team_eval,supported
0x1a47c4,92,hs_ai_play_line_on_point_set_eval,supported
0x1a4820,93,hs_ai_play_line_on_point_set_eval,supported
0x1a4880,124,hs_campaign_metagame_time_pause_eval,supported
0x1a48fc,76,hs_campaign_metagame_award_points_eval,supported
0x1a4948,71,hs_campaign_metagame_award_skull_eval,supported
0x1a4990,38,hs_campaign_metagame_enabled_eval,supported
0x1a49b8,38,hs_campaign_survival_enabled_eval,supported
0x1a49e0,213,hs_thespian_folder_activate_eval,supported
0x1a4ab8,68,hs_thespian_folder_deactivate_eval,supported
0x1a4afc,213,hs_thespian_performance_activate_eval,supported
0x1a4bd4,88,hs_thespian_performance_setup_and_begin_eval,supported
0x1a4c2c,71,hs_performance_new_eval,supported
0x1a4c74,71,hs_cast_squad_in_performance_eval,supported
0x1a4cbc,68,hs_performance_begin_eval,supported
0x1a4d00,68,hs_thespian_performance_kill_by_name_eval,supported
0x1a4d44,68,hs_thespian_performance_kill_by_ai_eval,supported
0x1a4d88,71,hs_thespian_fake_task_transition_eval,supported
0x1a4dd0,71,hs_performance_play_line_by_id_eval,supported
0x1a4e18,70,hs_performance_play_line_eval,supported
0x1a4e60,110,hs_performance_get_actor_by_index_eval,supported
0x1a4ed0,82,hs_performance_get_actor_eval,supported
0x1a4f24,101,hs_performance_get_actor_count_eval,supported
0x1a4f8c,112,hs_performance_get_role_count_eval,supported
0x1a4ffc,111,hs_performance_get_line_count_eval,supported
0x1a506c,102,hs_performance_get_last_played_line_index_eval,supported
0x1a50d4,60,hs_thespian_performance_is_blocked_eval,supported
0x1a5110,71,hs_actor_from_performance_eval,supported
0x1a5158,71,hs_ai_player_add_fireteam_squad_eval,supported
0x1a51a0,71,hs_ai_player_remove_fireteam_squad_eval,supported
0x1a51e8,105,hs_ai_player_set_fireteam_max_eval,supported
0x1a5254,82,hs_ai_player_set_fireteam_no_max_eval,supported
0x1a52a8,92,hs_ai_player_set_fireteam_max_squad_absorb_distance_eval,supported
0x1a5304,71,hs_ai_set_fireteam_absorber_eval,supported
0x1a534c,167,hs_ai_set_fireteam_fallback_squad_eval,supported
0x1a53f4,80,hs_ai_is_in_fireteam_eval,supported
0x1a5444,161,hs_cs_run_command_script_eval,supported
0x1a54e8,161,hs_cs_queue_command_script_eval,supported
0x1a558c,161,hs_cs_stack_command_script_eval,supported
0x1a5630,112,hs_vs_cast_eval,supported
0x1a56a0,123,hs_vs_cast_eval,supported
0x1a571c,159,hs_vs_cast_eval,supported
0x1a57bc,142,hs_vs_cast_eval,supported
0x1a584c,173,hs_vs_cast_eval,supported
0x1a58fc,178,hs_vs_cast_eval,supported
0x1a59b0,185,hs_vs_cast_eval,supported
0x1a5a6c,180,hs_vs_role_eval,supported
0x1a5b20,98,hs_cs_abort_on_alert_eval,supported
0x1a5b84,98,hs_cs_abort_on_damage_eval,supported
0x1a5be8,80,hs_cs_abort_on_combat_status_eval,supported
0x1a5c38,98,hs_cs_abort_on_vehicle_exit_eval,supported
0x1a5c9c,264,hs_cs_abort_on_alert_eval_shared,supported
0x1a5da4,264,hs_cs_abort_on_damage_eval_shared,supported
0x1a5eac,270,hs_cs_abort_on_combat_status_eval_shared,supported
0x1a5fbc,264,hs_cs_abort_on_vehicle_exit_eval_shared,supported
0x1a60c4,84,hs_cs_command_script_running_eval,supported
0x1a6118,84,hs_cs_command_script_attached_eval,supported
0x1a616c,218,hs_cs_number_queued_eval,supported
0x1a6248,179,hs_cs_moving_eval_shared,supported
0x1a62fc,261,hs_cs_fly_to_eval_shared,supported
0x1a6404,301,hs_cs_fly_to_eval_shared,supported
0x1a6534,297,hs_cs_fly_to_and_face_eval_shared,supported
0x1a6660,343,hs_cs_fly_to_and_face_eval_shared,supported
0x1a67b8,261,hs_cs_fly_by_eval_shared,supported
0x1a68c0,301,hs_cs_fly_by_eval_shared,supported
0x1a69f0,261,hs_cs_go_to_eval_shared,supported
0x1a6af8,301,hs_cs_go_to_eval_shared,supported
0x1a6c28,297,hs_cs_go_by_eval_shared,supported
0x1a6d54,343,hs_cs_go_by_eval_shared,supported
0x1a6eac,293,hs_cs_go_to_and_face_eval_shared,supported
0x1a6fd4,293,hs_cs_go_to_and_posture_eval_shared,supported
0x1a70fc,516,hs_cs_attach_to_spline_eval_shared,supported
0x1a7300,723,hs_cs_go_to_nearest_eval_shared,supported
0x1a75d4,517,hs_cs_move_in_direction_eval_shared,supported
0x1a77dc,261,hs_cs_move_towards_eval_shared,supported
0x1a78e4,294,hs_cs_move_towards_eval_shared,supported
0x1a7a0c,323,hs_cs_move_towards_point_eval_shared,supported
0x1a7b50,323,hs_cs_swarm_to_eval_shared,supported
0x1a7c94,323,hs_cs_swarm_from_eval_shared,supported
0x1a7dd8,294,hs_cs_pause_eval_shared,supported
0x1a7f00,295,hs_cs_grenade_eval_shared,supported
0x1a8028,423,hs_cs_use_equipment_eval_shared,supported
0x1a81d0,304,hs_cs_jump_eval_shared,supported
0x1a8300,304,hs_cs_jump_to_point_eval_shared,supported
0x1a8430,259,hs_cs_vocalize_eval_shared,supported
0x1a8534,310,hs_cs_play_sound_eval_shared,supported
0x1a866c,335,hs_cs_play_sound_eval_shared,supported
0x1a87bc,327,hs_cs_play_sound_eval_shared,supported
0x1a8904,452,hs_cs_action_eval_shared,supported
0x1a8ac8,320,hs_cs_action_at_object_eval_shared,supported
0x1a8c08,588,hs_cs_action_at_player_eval_shared,supported
0x1a8e54,380,hs_cs_custom_animation_eval_shared,supported
0x1a8fd0,402,hs_cs_custom_animation_eval_shared,supported
0x1a9164,380,hs_cs_custom_animation_death_eval_shared,supported
0x1a92e0,402,hs_cs_custom_animation_death_eval_shared,supported
0x1a9474,340,hs_cs_custom_animation_loop_eval_shared,supported
0x1a95c8,351,hs_cs_custom_animation_loop_eval_shared,supported
0x1a9728,264,hs_cs_play_line_eval_shared,supported
0x1a9830,259,hs_cs_die_eval_shared,supported
0x1a9934,257,hs_cs_deploy_turret_eval_shared,supported
0x1a9a38,329,hs_cs_approach_eval_shared,supported
0x1a9b84,313,hs_cs_approach_player_eval_shared,supported
0x1a9cc0,261,hs_cs_go_to_vehicle_eval_shared,supported
0x1a9dc8,293,hs_cs_go_to_vehicle_eval_shared,supported
0x1a9ef0,274,hs_cs_set_style_eval_shared,supported
0x1aa004,203,hs_cs_force_combat_status_eval_shared,supported
0x1aa0d0,279,hs_cs_enable_targeting_eval_shared,supported
0x1aa1e8,267,hs_cs_enable_looking_eval_shared,supported
0x1aa2f4,267,hs_cs_enable_moving_eval_shared,supported
0x1aa400,267,hs_cs_enable_dialogue_eval_shared,supported
0x1aa50c,267,hs_cs_suppress_activity_termination_eval_shared,supported
0x1aa618,267,hs_cs_suppress_dialogue_global_eval_shared,supported
0x1aa724,320,hs_cs_look_eval_shared,supported
0x1aa864,352,hs_cs_look_player_eval_shared,supported
0x1aa9c4,231,hs_cs_look_object_eval_shared,supported
0x1aaaac,231,hs_cs_aim_eval_shared,supported
0x1aab94,218,hs_cs_aim_player_eval_shared,supported
0x1aac70,231,hs_cs_aim_object_eval_shared,supported
0x1aad58,231,hs_cs_face_eval_shared,supported
0x1aae40,218,hs_cs_face_player_eval_shared,supported
0x1aaf1c,231,hs_cs_face_object_eval_shared,supported
0x1ab004,222,hs_cs_shoot_eval_shared,supported
0x1ab0e4,227,hs_cs_shoot_eval_shared,supported
0x1ab1c8,420,hs_cs_shoot_point_eval_shared,supported
0x1ab36c,267,hs_cs_shoot_secondary_trigger_eval_shared,supported
0x1ab478,267,hs_cs_lower_weapon_eval_shared,supported
0x1ab584,294,hs_cs_vehicle_speed_eval_shared,supported
0x1ab6ac,490,hs_cs_vehicle_speed_instantaneous_eval_shared,supported
0x1ab898,267,hs_cs_vehicle_boost_eval_shared,supported
0x1ab9a4,310,hs_cs_turn_sharpness_eval_shared,supported
0x1abadc,267,hs_cs_enable_pathfinding_failsafe_eval_shared,supported
0x1abbe8,165,hs_cs_set_pathfinding_radius_eval_shared,supported
0x1abc90,267,hs_cs_ignore_obstacles_eval_shared,supported
0x1abd9c,135,hs_cs_approach_stop_eval_shared,supported
0x1abe24,267,hs_cs_push_stance_eval_shared,supported
0x1abf30,205,hs_cs_crouch_eval_shared,supported
0x1ac000,232,hs_cs_crouch_eval_shared,supported
0x1ac0e8,267,hs_cs_walk_eval_shared,supported
0x1ac1f4,539,hs_cs_posture_set_eval_shared,supported
0x1ac410,317,hs_cs_posture_exit_eval_shared,supported
0x1ac550,223,hs_cs_stow_eval_shared,supported
0x1ac630,225,hs_cs_teleport_eval_shared,supported
0x1ac714,295,hs_cs_stop_custom_animation_eval_shared,supported
0x1ac83c,199,hs_cs_stop_sound_eval_shared,supported
0x1ac904,428,hs_cs_player_melee_eval_shared,supported
0x1acab0,386,hs_cs_melee_direction_eval_shared,supported
0x1acc34,421,hs_cs_smash_direction_eval_shared,supported
0x1acddc,68,hs_camera_control_eval,supported
0x1ace20,77,hs_camera_set_eval,supported
0x1ace70,77,hs_camera_set_relative_eval,supported
0x1acec0,106,hs_camera_set_animation_eval,supported
0x1acf2c,108,hs_camera_set_animation_relative_eval,supported
0x1acf98,103,hs_camera_set_animation_with_speed_eval,supported
0x1ad000,105,hs_camera_set_animation_relative_with_speed_eval,supported
0x1ad06c,107,hs_camera_set_animation_relative_with_speed_loop_eval,supported
0x1ad0d8,109,hs_camera_set_animation_relative_with_speed_loop_offset_eval,supported
0x1ad148,113,hs_camera_set_first_person_eval,supported
0x1ad1bc,,hs_camera_set_cinematic_eval,supported
0x1ad244,76,hs_camera_set_cinematic_scene_eval,supported
0x1ad290,89,hs_camera_time_eval,supported
0x1ad2ec,220,hs_camera_set_field_of_view_eval,supported
0x1ad3c8,107,hs_cinematic_camera_set_easing_in_eval,supported
0x1ad434,70,hs_cinematic_camera_set_easing_out_eval,supported
0x1ad47c,73,hs_camera_set_pan_eval,supported
0x1ad4c8,114,hs_camera_pan_eval,supported
0x1ad53c,40,hs_game_difficulty_get_eval,supported
0x1ad564,26,hs_game_difficulty_get_real_eval,supported
0x1ad580,78,hs_game_insertion_point_get_eval,supported
0x1ad5d0,132,hs_pvs_set_object_eval,supported
0x1ad654,69,hs_pvs_set_camera_eval,supported
0x1ad69c,,hs_pvs_clear_eval,supported
0x1ad6d0,135,hs_players_unzoom_all_eval,supported
0x1ad758,98,hs_player_enable_input_eval,supported
0x1ad7bc,95,hs_player_disable_movement_eval,supported
0x1ad81c,95,hs_player_disable_weapon_pickup_eval,supported
0x1ad87c,126,hs_player_night_vision_on_eval,supported
0x1ad8fc,80,hs_unit_night_vision_on_eval,supported
0x1ad94c,201,hs_player_active_camouflage_on_eval,supported
0x1ada18,178,hs_player_camera_control_eval,supported
0x1adacc,,hs_player_action_test_reset_eval,supported
0x1adb34,44,hs_player_action_test_primary_trigger_eval,supported
0x1adb60,44,hs_player_action_test_grenade_trigger_eval,supported
0x1adb8c,44,hs_player_action_test_vision_trigger_eval,supported
0x1adbb8,44,hs_player_action_test_rotate_weapons_eval,supported
0x1adbe4,44,hs_player_action_test_rotate_grenades_eval,supported
0x1adc10,44,hs_player_action_test_jump_eval,supported
0x1adc3c,44,hs_player_action_test_equipment_eval,supported
0x1adc68,44,hs_player_action_test_context_primary_eval,supported
0x1adc94,44,hs_player_action_test_vehicle_trick_primary_eval,supported
0x1adcc0,44,hs_player_action_test_vehicle_trick_secondary_eval,supported
0x1adcec,44,hs_player_action_test_melee_eval,supported
0x1add18,55,hs_player_action_test_action_eval,supported
0x1add50,64,hs_player_action_test_accept_eval,supported
0x1add90,64,hs_player_action_test_cancel_eval,supported
0x1addd0,44,hs_player_action_test_look_relative_up_eval,supported
0x1addfc,44,hs_player_action_test_look_relative_down_eval,supported
0x1ade28,44,hs_player_action_test_look_relative_left_eval,supported
0x1ade54,44,hs_player_action_test_look_relative_right_eval,supported
0x1ade80,47,hs_player_action_test_look_relative_all_directions_eval,supported
0x1adeb0,47,hs_player_action_test_move_relative_all_directions_eval,supported
0x1adee0,44,hs_player_action_test_cinematic_skip_eval,supported
0x1adf0c,44,hs_player_action_test_start_eval,supported
0x1adf38,44,hs_player_action_test_back_eval,supported
0x1adf64,44,hs_player_action_test_dpad_up_eval,supported
0x1adf90,44,hs_player_action_test_dpad_down_eval,supported
0x1adfbc,44,hs_player_action_test_dpad_left_eval,supported
0x1adfe8,44,hs_player_action_test_dpad_right_eval,supported
0x1ae014,120,hs_unit_action_test_reset_eval,supported
0x1ae08c,85,hs_unit_action_test_primary_trigger_eval,supported
0x1ae0e4,85,hs_unit_action_test_grenade_trigger_eval,supported
0x1ae13c,85,hs_unit_action_test_vision_trigger_eval,supported
0x1ae194,85,hs_unit_action_test_rotate_weapons_eval,supported
0x1ae1ec,85,hs_unit_action_test_rotate_grenades_eval,supported
0x1ae244,85,hs_unit_action_test_jump_eval,supported
0x1ae29c,85,hs_unit_action_test_equipment_eval,supported
0x1ae2f4,85,hs_unit_action_test_context_primary_eval,supported
0x1ae34c,85,hs_unit_action_test_vehicle_trick_primary_eval,supported
0x1ae3a4,85,hs_unit_action_test_vehicle_trick_secondary_eval,supported
0x1ae3fc,85,hs_unit_action_test_melee_eval,supported
0x1ae454,106,hs_unit_action_test_action_eval,supported
0x1ae4c0,115,hs_unit_action_test_accept_eval,supported
0x1ae534,115,hs_unit_action_test_cancel_eval,supported
0x1ae5a8,85,hs_unit_action_test_look_relative_up_eval,supported
0x1ae600,85,hs_unit_action_test_look_relative_down_eval,supported
0x1ae658,85,hs_unit_action_test_look_relative_left_eval,supported
0x1ae6b0,85,hs_unit_action_test_look_relative_right_eval,supported
0x1ae708,89,hs_unit_action_test_look_relative_all_directions_eval,supported
0x1ae764,89,hs_unit_action_test_move_relative_all_directions_eval,supported
0x1ae7c0,85,hs_unit_action_test_cinematic_skip_eval,supported
0x1ae818,85,hs_unit_action_test_start_eval,supported
0x1ae870,85,hs_unit_action_test_back_eval,supported
0x1ae8c8,85,hs_unit_action_test_dpad_up_eval,supported
0x1ae920,85,hs_unit_action_test_dpad_down_eval,supported
0x1ae978,85,hs_unit_action_test_dpad_left_eval,supported
0x1ae9d0,85,hs_unit_action_test_dpad_right_eval,supported
0x1aea28,123,hs_unit_confirm_message_eval,supported
0x1aeaa4,123,hs_unit_confirm_cancel_message_eval,supported
0x1aeb20,152,hs_unit_enable_soft_ping_region_eval,supported
0x1aebb8,68,hs_unit_print_soft_ping_regions_eval,supported
0x1aebfc,46,hs_player0_looking_up_eval,supported
0x1aec2c,53,hs_player0_looking_down_eval,supported
0x1aec64,77,hs_player_set_pitch_eval,supported
0x1aecb4,147,hs_player_has_female_voice_eval,supported
0x1aed48,44,hs_player_action_test_lookstick_forward_eval,supported
0x1aed74,44,hs_player_action_test_lookstick_backward_eval,supported
0x1aeda0,,hs_map_reset_eval,supported
0x1aedbc,69,hs_switch_zone_set_eval,supported
0x1aee04,,hs_current_zone_set_eval,supported
0x1aee14,54,hs_current_zone_set_fully_active_eval,supported
0x1aee4c,214,hs_game_rate_eval,supported
0x1aef24,85,hs_fade_in_eval,supported
0x1aef7c,85,hs_fade_out_eval,supported
0x1aefd4,116,hs_fade_in_for_player_eval,supported
0x1af048,116,hs_fade_out_for_player_eval,supported
0x1af0bc,241,hs_cinematic_tag_fade_out_from_game_eval,supported
0x1af1b0,93,hs_cinematic_tag_fade_in_to_cinematic_eval,supported
0x1af210,93,hs_cinematic_tag_fade_out_from_cinematic_eval,supported
0x1af270,93,hs_cinematic_tag_fade_in_to_game_eval,supported
0x1af2d0,83,hs_cinematic_transition_fade_out_from_game_eval,supported
0x1af324,86,hs_cinematic_transition_fade_in_to_cinematic_eval,supported
0x1af37c,86,hs_cinematic_transition_fade_out_from_cinematic_eval,supported
0x1af3d4,86,hs_cinematic_transition_fade_in_to_game_eval,supported
0x1af42c,86,hs_cinematic_run_script_by_name_eval,supported
0x1af484,27,hs_cinematic_start_eval,supported
0x1af4a0,27,hs_cinematic_stop_eval,supported
0x1af4bc,100,hs_cinematic_skip_start_internal_eval,supported
0x1af520,27,hs_cinematic_skip_stop_internal_eval,supported
0x1af53c,95,hs_cinematic_show_letterbox_eval,supported
0x1af59c,116,hs_cinematic_show_letterbox_immediate_eval,supported
0x1af610,72,hs_cinematic_set_title_eval,supported
0x1af658,74,hs_cinematic_set_title_delayed_eval,supported
0x1af6a4,95,hs_cinematic_suppress_bsp_object_creation_eval,supported
0x1af704,79,hs_cinematic_subtitle_eval,supported
0x1af754,95,hs_cinematic_set_eval,supported
0x1af7b4,103,hs_cinematic_set_shot_eval,supported
0x1af81c,95,hs_cinematic_set_early_exit_eval,supported
0x1af87c,,hs_cinematic_get_early_exit_eval,supported
0x1af8a8,95,hs_cinematic_set_active_camera_eval,supported
0x1af908,68,hs_cinematic_object_create_eval,supported
0x1af94c,69,hs_cinematic_object_create_cinematic_anchor_eval,supported
0x1af994,169,hs_cinematic_object_destroy_eval,supported
0x1afa40,27,hs_cinematic_objects_destroy_all_eval,supported
0x1afa5c,27,hs_cinematic_destroy_eval,supported
0x1afa78,68,hs_cinematic_clips_initialize_for_shot_eval,supported
0x1afabc,27,hs_cinematic_clips_destroy_eval,supported
0x1afad8,68,hs_cinematic_lights_initialize_for_shot_eval,supported
0x1afb1c,27,hs_cinematic_lights_destroy_eval,supported
0x1afb38,27,hs_cinematic_lights_destroy_shot_eval,supported
0x1afb54,80,hs_cinematic_light_object_eval,supported
0x1afba4,68,hs_cinematic_light_object_off_eval,supported
0x1afbe8,185,hs_cinematic_lighting_rebuild_all_eval,supported
0x1afca4,68,hs_cinematic_object_get_eval,supported
0x1afce8,95,hs_cinematic_unit_get_eval,supported
0x1afd48,153,hs_cinematic_weapon_get_eval,supported
0x1afde4,95,hs_camera_set_briefing_eval,supported
0x1afe44,111,hs_cinematic_tag_reference_get_cinematic_eval,supported
0x1afeb4,68,hs_cinematic_tag_reference_get_scene_eval,supported
0x1afef8,79,hs_cinematic_tag_reference_get_effect_eval,supported
0x1aff48,79,hs_cinematic_tag_reference_get_dialogue_eval,supported
0x1aff98,79,hs_cinematic_tag_reference_get_music_looping_eval_shared,supported
0x1affe8,75,hs_cinematic_tag_reference_get_animation_eval,supported
0x1b0034,83,hs_cinematic_scripting_object_coop_flags_valid_eval,supported
0x1b0088,120,hs_cinematic_scripting_fade_out_eval,supported
0x1b0100,71,hs_cinematic_scripting_create_object_eval,supported
0x1b0148,71,hs_cinematic_scripting_create_cinematic_object_eval,supported
0x1b0190,75,hs_cinematic_scripting_start_animation_eval,supported
0x1b01dc,71,hs_cinematic_scripting_destroy_object_eval,supported
0x1b0224,68,hs_cinematic_scripting_destroy_objects_eval,supported
0x1b0268,106,hs_cinematic_scripting_create_scene_eval,supported
0x1b02d4,221,hs_cinematic_scripting_destroy_scene_eval,supported
0x1b03b4,203,hs_cinematic_scripting_start_effect_eval,supported
0x1b0480,75,hs_cinematic_scripting_start_music_eval,supported
0x1b04cc,79,hs_cinematic_scripting_start_dialogue_eval,supported
0x1b051c,211,hs_cinematic_scripting_stop_music_eval,supported
0x1b05f0,75,hs_cinematic_scripting_start_screen_effect_eval,supported
0x1b063c,75,hs_cinematic_scripting_stop_screen_effect_eval,supported
0x1b0688,86,hs_cinematic_scripting_create_and_animate_cinematic_object_eval_shared,supported
0x1b06e0,85,hs_cinematic_scripting_create_and_animate_object_no_animation_eval,supported
0x1b0738,213,hs_cinematic_scripting_set_user_input_constraints_eval,supported
0x1b0860,68,hs_game_lost_eval,supported
0x1b08a4,,hs_game_revert_eval,supported
0x1b08b8,27,hs_game_award_level_complete_achievements_eval,supported
0x1b08d4,39,hs_game_is_cooperative_eval,supported
0x1b08fc,,hs_game_is_playtest_eval,supported
0x1b0938,129,hs_game_can_use_flashlights_eval,supported
0x1b09bc,159,hs_game_insertion_point_unlock_eval,supported
0x1b0a5c,154,hs_game_insertion_point_lock_eval,supported
0x1b0af8,71,hs_achievement_grant_to_player_eval,supported
0x1b0b40,54,hs_core_load_eval,supported
0x1b0b78,97,hs_core_load_name_eval,supported
0x1b0bdc,39,hs_game_safe_to_save_eval,supported
0x1b0c04,86,hs_game_safe_to_speak_eval,supported
0x1b0c5c,116,hs_game_all_quiet_eval,supported
0x1b0cd0,32,hs_game_save_eval,supported
0x1b0cf0,,hs_game_save_cancel_eval,supported
0x1b0d1c,32,hs_game_save_no_timeout_eval,supported
0x1b0d3c,32,hs_game_save_immediate_eval,supported
0x1b0d5c,,hs_game_saving_eval,supported
0x1b0da8,,hs_game_reverted_eval,supported
0x1b0de8,181,hs_survival_mode_respawn_dead_players_eval,supported
0x1b0ea0,68,hs_survival_mode_lives_get_eval,supported
0x1b0ee4,71,hs_survival_mode_lives_set_eval,supported
0x1b0f2c,27,hs_survival_mode_get_mp_round_count_eval,supported
0x1b0f48,26,hs_survival_mode_get_mp_round_current_eval,supported
0x1b0f64,,hs_survival_mode_set_get_eval,supported
0x1b0fa4,,hs_survival_mode_round_get_eval,supported
0x1b0ff0,,hs_survival_mode_waves_per_round_eval,supported
0x1b1010,,hs_survival_mode_rounds_per_set_eval,supported
0x1b1030,,hs_survival_mode_wave_get_eval,supported
0x1b1088,,hs_survival_mode_set_multiplier_get_eval,supported
0x1b10c4,98,hs_survival_mode_set_multiplier_set_eval,supported
0x1b1128,,hs_survival_mode_bonus_multiplier_get_eval,supported
0x1b1164,122,hs_survival_mode_bonus_multiplier_set_eval,supported
0x1b11e0,27,hs_survival_mode_get_wave_squad_eval,supported
0x1b11fc,,hs_survival_mode_current_wave_is_initial_eval,supported
0x1b1264,,hs_survival_mode_current_wave_is_boss_eval,supported
0x1b12bc,,hs_survival_mode_current_wave_is_last_in_set_eval_shared,supported
0x1b12fc,115,hs_survival_mode_begin_new_set_eval,supported
0x1b1370,27,hs_survival_mode_begin_new_wave_eval,supported
0x1b138c,78,hs_survival_mode_end_set_eval,supported
0x1b13dc,216,hs_survival_mode_end_wave_eval,supported
0x1b14b4,259,hs_survival_mode_award_hero_medal_eval,supported
0x1b15b8,68,hs_submit_incident_eval_shared,supported
0x1b15fc,140,hs_chud_bonus_round_show_timer_eval,supported
0x1b1688,150,hs_chud_bonus_round_start_timer_eval,supported
0x1b1720,152,hs_chud_bonus_round_set_timer_eval,supported
0x1b17b8,97,hs_survival_mode_meets_set_start_requirements_eval,supported
0x1b181c,68,hs_survival_mode_set_pregame_eval,supported
0x1b1860,,hs_survival_mode_is_pregame_eval,supported
0x1b189c,,hs_survival_mode_get_time_limit_eval,supported
0x1b18c0,,hs_survival_mode_get_set_count_eval,supported
0x1b18e4,,hs_survival_mode_get_bonus_lives_awarded_eval,supported
0x1b1908,,hs_survival_mode_get_bonus_target_eval,supported
0x1b192c,,hs_survival_mode_get_shared_team_life_count_eval,supported
0x1b1950,,hs_survival_mode_get_elite_life_count_eval,supported
0x1b1974,,hs_survival_mode_max_lives_eval,supported
0x1b1998,,hs_survival_mode_generator_count_eval,supported
0x1b19bc,,hs_survival_mode_bonus_lives_elite_death_eval,supported
0x1b19e0,,hs_survival_mode_scenario_extras_enable_eval,supported
0x1b1a10,,hs_survival_mode_weapon_drops_enable_eval,supported
0x1b1a40,,hs_survival_mode_ammo_crates_enable_eval,supported
0x1b1a70,,hs_survival_mode_waves_disabled_eval,supported
0x1b1aa0,,hs_survival_mode_generator_defend_all_eval,supported
0x1b1ad0,,hs_survival_mode_generator_random_spawn_eval,supported
0x1b1b00,98,hs_survival_mode_current_wave_uses_dropship_eval,supported
0x1b1b64,98,hs_survival_mode_get_current_wave_time_limit_eval,supported
0x1b1bc8,89,hs_survival_mode_get_respawn_time_seconds_eval,supported
0x1b1c24,114,hs_survival_mode_team_respawns_on_wave_eval,supported
0x1b1c98,68,hs_survival_mode_sudden_death_eval,supported
0x1b1cdc,73,hs_survival_increment_elite_score_eval_shared,supported
0x1b1d28,205,hs_survival_mode_set_spartan_license_plate_eval,supported
0x1b1df8,205,hs_survival_mode_set_elite_license_plate_eval,supported
0x1b1ec8,176,hs_survival_mode_player_count_by_team_eval,supported
0x1b1f78,68,hs_survival_mode_players_by_team_eval,supported
0x1b1fbc,68,hs_sound_impulse_predict_eval,supported
0x1b2000,80,hs_sound_impulse_trigger_eval,supported
0x1b20c4,152,hs_sound_impulse_start_cinematic_eval,supported
0x1b215c,86,hs_sound_impulse_start_effect_eval,supported
0x1b21b4,121,hs_sound_impulse_start_with_subtitle_eval,supported
0x1b2230,95,hs_sound_impulse_time_eval,supported
0x1b2290,71,hs_sound_impulse_time_eval,supported
0x1b22d8,218,hs_sound_impulse_language_time_eval,supported
0x1b23b4,68,hs_sound_impulse_stop_eval,supported
0x1b23f8,78,hs_sound_impulse_start_3d_eval,supported
0x1b2448,165,hs_sound_impulse_mark_as_outro_eval,supported
0x1b24f0,196,hs_sound_looping_predict_eval,supported
0x1b25b4,85,hs_sound_looping_start_with_effect_eval,supported
0x1b260c,84,hs_sound_looping_start_eval,supported
0x1b2660,84,hs_sound_looping_resume_eval,supported
0x1b26b4,75,hs_sound_looping_stop_eval,supported
0x1b2700,78,hs_sound_looping_stop_immediately_eval,supported
0x1b2750,73,hs_sound_looping_set_scale_eval,supported
0x1b279c,71,hs_sound_looping_set_alternate_eval,supported
0x1b27e4,105,hs_sound_looping_activate_layer_eval,supported
0x1b2850,105,hs_sound_looping_deactivate_layer_eval,supported
0x1b28bc,105,hs_sound_class_set_gain_eval,supported
0x1b2928,108,hs_sound_class_set_gain_db_eval,supported
0x1b2994,80,hs_sound_class_enable_ducker_eval,supported
0x1b29e4,110,hs_sound_start_global_effect_eval,supported
0x1b2a54,116,hs_sound_start_timed_global_effect_eval,supported
0x1b2ac8,85,hs_sound_stop_global_effect_eval,supported
0x1b2b20,85,hs_sound_enable_acoustic_palette_eval,supported
0x1b2b78,85,hs_sound_disable_acoustic_palette_eval,supported
0x1b2bd0,200,hs_vehicle_force_alternate_state_eval,supported
0x1b2c98,98,hs_vehicle_auto_turret_eval,supported
0x1b2cfc,71,hs_vehicle_hover_eval,supported
0x1b2d44,124,hs_vehicle_count_bipeds_killed_eval,supported
0x1b2dc0,150,hs_biped_ragdoll_eval,supported
0x1b2e58,98,hs_hud_show_training_text_eval,supported
0x1b2ebc,98,hs_hud_set_training_text_eval,supported
0x1b2f20,98,hs_hud_enable_training_eval,supported
0x1b2f84,97,hs_player_training_activate_night_vision_eval,supported
0x1b2fe8,32,hs_player_training_activate_crouch_eval,supported
0x1b3008,32,hs_player_training_activate_stealth_eval,supported
0x1b3028,32,hs_player_training_activate_jump_eval,supported
0x1b3048,68,hs_chud_texture_cam_eval,supported
0x1b308c,119,hs_chud_show_eval,supported
0x1b3104,138,hs_chud_show_weapon_stats_eval,supported
0x1b3190,138,hs_chud_show_crosshair_eval,supported
0x1b321c,138,hs_chud_show_shield_eval,supported
0x1b32a8,138,hs_chud_show_grenades_eval,supported
0x1b3334,68,hs_chud_show_messages_eval,supported
0x1b3378,138,hs_chud_show_motion_sensor_eval,supported
0x1b3404,138,hs_chud_show_cinematics_eval,supported
0x1b3490,150,hs_chud_fade_weapon_stats_for_player_eval,supported
0x1b3528,150,hs_chud_fade_crosshair_for_player_eval,supported
0x1b35c0,150,hs_chud_fade_shield_for_player_eval,supported
0x1b3658,150,hs_chud_fade_grenades_for_player_eval,supported
0x1b36f0,150,hs_chud_fade_messages_for_player_eval,supported
0x1b3788,150,hs_chud_fade_motion_sensor_for_player_eval,supported
0x1b3820,150,hs_chud_fade_chapter_title_for_player_eval,supported
0x1b38b8,150,hs_chud_fade_cinematics_for_player_eval,supported
0x1b3950,75,hs_chud_cinematic_fade_eval,supported
0x1b399c,119,hs_chud_track_object_eval,supported
0x1b3a14,119,hs_chud_track_object_with_priority_eval,supported
0x1b3a8c,121,hs_chud_track_object_with_priority_eval,supported
0x1b3b08,79,hs_chud_track_flag_eval,supported
0x1b3b58,79,hs_chud_track_flag_with_priority_eval,supported
0x1b3ba8,79,hs_chud_track_flag_with_priority_eval,supported
0x1b3bf8,83,hs_chud_track_object_for_player_eval,supported
0x1b3c4c,83,hs_chud_track_object_for_player_with_priority_eval,supported
0x1b3ca0,85,hs_chud_track_object_for_player_with_priority_eval,supported
0x1b3cf8,84,hs_chud_track_flag_for_player_eval,supported
0x1b3d4c,84,hs_chud_track_flag_for_player_with_priority_eval,supported
0x1b3da0,86,hs_chud_track_flag_for_player_with_priority_eval,supported
0x1b3df8,155,hs_chud_track_object_set_vertical_offset_eval,supported
0x1b3e94,167,hs_chud_track_cutscene_flag_set_vertical_offset_eval,supported
0x1b3f3c,75,hs_chud_breadcrumbs_track_flag_eval,supported
0x1b3f88,75,hs_chud_breadcrumbs_track_flag_with_priority_eval,supported
0x1b3fd4,78,hs_chud_breadcrumbs_track_object_eval,supported
0x1b4024,111,hs_chud_breadcrumbs_track_position_eval,supported
0x1b4094,114,hs_chud_breadcrumbs_track_position_with_priority_eval,supported
0x1b4108,78,hs_chud_breadcrumbs_track_object_with_priority_eval,supported
0x1b4158,78,hs_chud_breadcrumbs_track_object_with_priority_eval,supported
0x1b41a8,164,hs_chud_breadcrumbs_track_object_set_vertical_offset_eval,supported
0x1b424c,,hs_chud_breadcrumbs_using_revised_nav_points_eval,supported
0x1b426c,209,hs_chud_post_message_hack_eval,supported
0x1b4340,76,hs_chud_set_static_hs_variable_eval,supported
0x1b438c,157,hs_chud_set_countdown_hs_variable_eval,supported
0x1b442c,157,hs_chud_set_countup_hs_variable_eval,supported
0x1b44cc,132,hs_chud_clear_hs_variable_eval,supported
0x1b4550,98,hs_chud_show_screen_objective_eval,supported
0x1b45b4,98,hs_chud_show_screen_chapter_title_eval,supported
0x1b4618,132,hs_chud_show_screen_training_eval,supported
0x1b469c,142,hs_player_effect_set_max_translation_eval,supported
0x1b472c,177,hs_player_effect_set_max_rotation_eval,supported
0x1b47e0,111,hs_player_effect_set_max_rumble_eval,supported
0x1b4850,193,hs_player_effect_start_eval,supported
0x1b4914,165,hs_player_effect_stop_eval,supported
0x1b49bc,149,hs_player_effect_set_max_translation_for_player_eval,supported
0x1b4a54,173,hs_player_effect_set_max_rotation_for_player_eval,supported
0x1b4b04,183,hs_player_effect_set_max_rumble_for_player_eval,supported
0x1b4bbc,168,hs_player_effect_start_for_player_eval,supported
0x1b4c64,144,hs_player_effect_stop_for_player_eval,supported
0x1b4cf4,112,hs_render_atmosphere_fog_eval,supported
0x1b4d64,112,hs_motion_blur_eval,supported
0x1b4dd4,112,hs_antialias_blur_eval,supported
0x1b4e44,112,hs_render_weather_eval,supported
0x1b4eb4,112,hs_render_patchy_fog_eval,supported
0x1b4f24,112,hs_render_ssao_eval,supported
0x1b4f94,112,hs_render_planar_fog_eval,supported
0x1b5004,,hs_motion_blur_enabled_eval,supported
0x1b5048,112,hs_render_disable_vsync_eval,supported
0x1b50b8,68,hs_player_invert_look_eval,supported
0x1b50fc,69,hs_xoverlapped_debug_render_eval,supported
0x1b5144,110,hs_cc_enable_eval,supported
0x1b51b4,26,hs_objectives_clear_eval,supported
0x1b51d0,128,hs_objectives_show_up_to_eval,supported
0x1b5250,124,hs_objectives_finish_up_to_eval,supported
0x1b52cc,105,hs_objectives_show_eval,supported
0x1b5338,105,hs_objectives_finish_eval,supported
0x1b53a4,105,hs_objectives_unavailable_eval,supported
0x1b5410,105,hs_objectives_secondary_show_eval,supported
0x1b547c,105,hs_objectives_secondary_finish_eval,supported
0x1b54e8,105,hs_objectives_secondary_unavailable_eval,supported
0x1b5554,105,hs_objectives_set_string_eval,supported
0x1b55c0,106,hs_objectives_secondary_set_string_eval,supported
0x1b562c,111,hs_objectives_show_string_eval,supported
0x1b569c,111,hs_objectives_finish_string_eval,supported
0x1b570c,111,hs_objectives_unavailable_string_eval,supported
0x1b577c,111,hs_objectives_secondary_show_string_eval,supported
0x1b57ec,111,hs_objectives_secondary_finish_string_eval,supported
0x1b585c,111,hs_objectives_secondary_unavailable_string_eval,supported
0x1b58cc,69,hs_input_suppress_rumble_eval,supported
0x1b5914,194,hs_play_bink_movie_eval,supported
0x1b59d8,138,hs_play_bink_movie_from_tag_eval,supported
0x1b5a64,118,hs_play_credits_skip_to_menu_eval,supported
0x1b5adc,111,hs_bink_time_eval,supported
0x1b5b4c,77,hs_data_mine_set_mission_segment_eval,supported
0x1b5b9c,180,hs_object_list_children_eval,supported
0x1b5c50,68,hs_interpolator_start_eval,supported
0x1b5c94,68,hs_interpolator_stop_eval,supported
0x1b5cd8,163,hs_interpolator_stop_all_eval,supported
0x1b5d7c,82,hs_interpolator_dump_eval,supported
0x1b5dd0,75,hs_cinematic_clone_players_weapon_eval,supported
0x1b5e1c,79,hs_cinematic_move_attached_objects_eval,supported
0x1b5e6c,105,hs_set_global_sound_environment_eval,supported
0x1b5ed8,32,hs_game_save_cinematic_skip_eval,supported
0x1b5ef8,,hs_cinematic_outro_start_eval,supported
0x1b5f28,76,hs_cinematic_enable_ambience_details_eval,supported
0x1b5f74,,hs_cache_block_for_one_frame_eval,supported
0x1b5fa4,40,hs_sound_suppress_ambience_update_on_revert_eval,supported
0x1b5fcc,102,hs_render_autoexposure_enable_eval,supported
0x1b6034,167,hs_render_exposure_full_eval,supported
0x1b60dc,75,hs_render_exposure_fade_in_eval_shared,supported
0x1b6128,188,hs_render_exposure_fade_out_eval,supported
0x1b61e4,134,hs_render_autoexposure_instant_eval,supported
0x1b626c,135,hs_render_exposure_set_environment_darken_eval,supported
0x1b62f4,98,hs_render_depth_of_field_enable_eval,supported
0x1b6358,224,hs_render_depth_of_field_eval,supported
0x1b6438,123,hs_render_dof_focus_depth_eval,supported
0x1b64b4,157,hs_render_dof_blur_animate_eval,supported
0x1b6554,177,hs_mp_player_count_by_team_eval,supported
0x1b6608,68,hs_mp_players_by_team_eval,supported
0x1b664c,208,hs_mp_active_player_count_by_team_eval,supported
0x1b671c,84,hs_deterministic_end_game_eval,supported
0x1b6824,68,hs_mp_respawn_override_timers_eval,supported
0x1b6868,38,hs_mp_round_started_eval,supported
0x1b6890,189,hs_mp_round_end_with_winning_player_eval,supported
0x1b6950,74,hs_mp_round_end_with_winning_team_eval,supported
0x1b6a48,185,hs_mover_set_program_eval,supported
0x1b6b04,155,hs_predict_bink_movie_eval,supported
0x1b6ba0,89,hs_predict_bink_movie_from_tag_eval,supported
0x1b6bfc,218,hs_camera_set_mode_eval,supported
0x1b6cd8,72,hs_camera_set_flying_cam_at_point_eval,supported
0x1b6d20,230,hs_camera_set_target_eval,supported
0x1b6e08,236,hs_camera_set_orbiting_cam_at_target_relative_point_eval,supported
0x1b6ef4,45,hs_game_coop_player_count_eval,supported
0x1b6f24,80,hs_add_recycling_volume_eval,supported
0x1b6f74,80,hs_add_recycling_volume_by_type_eval,supported
0x1b6fc4,,hs_game_tick_get_eval,supported
0x1b6ff0,70,hs_saved_film_set_playback_game_speed_eval,supported
0x1b7038,174,hs_designer_zone_activate_eval,supported
0x1b70e8,156,hs_designer_zone_deactivate_eval,supported
0x1b7184,71,hs_object_set_always_active_eval,supported
0x1b71cc,80,hs_tag_is_active_eval,supported
0x1b721c,71,hs_object_set_persistent_eval,supported
0x1b7264,85,hs_set_performance_throttle_eval,supported
0x1b72bc,88,hs_get_performance_throttle_eval,supported
0x1b7314,163,hs_cinematic_zone_activate_eval,supported
0x1b73b8,68,hs_cinematic_scripting_clean_up_eval_shared,supported
0x1b73fc,,hs_tiling_current_eval,supported
0x1b740c,71,hs_unit_limit_lipsync_to_mouth_only_eval,supported
0x1b7454,91,hs_unit_start_first_person_custom_animation_eval,supported
0x1b74b0,80,hs_unit_is_playing_custom_first_person_animation_eval,supported
0x1b7500,68,hs_unit_stop_first_person_custom_animation_eval,supported
0x1b7544,69,hs_prepare_to_switch_to_zone_set_eval,supported
0x1b758c,68,hs_cinematic_zone_activate_for_debugging_eval,supported
0x1b75d0,68,hs_unit_play_random_ping_eval,supported
0x1b7614,73,hs_player_control_fade_out_all_input_eval,supported
0x1b7660,78,hs_player_control_fade_in_all_input_eval,supported
0x1b76b0,98,hs_player_control_lock_gaze_eval,supported
0x1b7714,133,hs_player_control_unlock_gaze_eval,supported
0x1b779c,75,hs_player_control_scale_all_input_eval,supported
0x1b77e8,159,hs_cinematic_tag_reference_get_bink_eval,supported
0x1b7888,219,hs_object_set_custom_animation_speed_eval,supported
0x1b7964,95,hs_scenery_animation_start_at_frame_loop_eval,supported
0x1b79c4,149,hs_saved_film_set_repro_mode_eval,supported
0x1b7a5c,114,hs_font_set_emergency_eval,supported
0x1b7ad0,152,hs_biped_force_ground_fitting_on_eval,supported
0x1b7b68,69,hs_cinematic_set_chud_objective_eval,supported
0x1b7bb0,72,hs_chud_show_cinematic_title_eval,supported
0x1b7bf8,123,hs_unit_get_primary_weapon_eval,supported
0x1b7c74,82,hs_budget_resource_get_sound_eval_shared,supported
0x1b7cc8,169,hs_game_safe_to_respawn_eval,supported
0x1b7d74,132,hs_game_safe_to_respawn_eval,supported
0x1b7df8,71,hs_ai_migrate_infanty_eval,supported
0x1b7e40,112,hs_render_cinematic_motion_blur_eval,supported
0x1b7eb0,71,hs_ai_dont_do_avoidance_eval,supported
0x1b7ef8,216,hs_ai_erase_inactive_eval,supported
0x1b7fd0,210,hs_ai_survival_cleanup_eval,supported
0x1b80a4,171,hs_ai_enable_stuck_flying_kill_eval,supported
0x1b8150,140,hs_ai_set_stuck_velocity_threshold_eval,supported
0x1b81dc,27,hs_stop_bink_movie_eval,supported
0x1b81f8,118,hs_play_credits_unskippable_eval,supported
0x1b8270,69,hs_cinematic_set_debug_mode_eval,supported
0x1b82b8,71,hs_cinematic_scripting_get_object_eval,supported
0x1b8300,159,hs_unit_set_stance_eval,supported
0x1b83a0,158,hs_skull_enable_eval,supported
0x1b8440,115,hs_allow_object_to_be_lased_eval,supported
0x1b84b4,177,hs_is_object_being_lased_eval,supported
0x1b8568,82,hs_simulation_profiler_detail_level_eval,supported
0x1b85bc,68,hs_campaign_metagame_get_player_score_eval,supported
0x1b8600,71,hs_submit_incident_with_cause_player_eval,supported
0x1b8648,126,hs_submit_incident_with_cause_team_eval,supported
0x1b86c8,75,hs_submit_incident_with_cause_player_and_effect_player_eval,supported
0x1b8714,190,hs_submit_incident_with_cause_player_and_effect_team_eval,supported
0x1b87d4,215,hs_submit_incident_with_cause_team_and_effect_player_eval,supported
0x1b88ac,129,hs_submit_incident_with_cause_team_and_effect_team_eval,supported
0x1b8930,71,hs_submit_incident_with_cause_campaign_team_eval,supported
0x1b8978,71,hs_player_set_respawn_vehicle_eval,supported
0x1b89c0,230,hs_teleport_players_into_vehicle_eval,supported
0x1b8aa8,125,hs_player_set_spartan_loadout_eval,supported
0x1b8b28,125,hs_player_set_elite_loadout_eval,supported
0x1b8ba8,126,hs_airstrike_enable_eval,supported
0x1b8c28,200,hs_airstrike_weapons_exist_eval,supported
0x1b8cf0,68,hs_airstrike_set_launches_eval,supported
0x1b8d34,73,hs_game_grief_record_custom_penalty_eval,supported
0x1b8d80,177,hs_player_set_profile_eval,supported
0x1b8e34,147,hs_player_set_profile_eval,supported
0x1b8ec8,85,hs_unit_action_test_secondary_trigger_eval,supported
0x1b8f20,44,hs_player_action_test_secondary_trigger_eval,supported
0x1b8f4c,38,hs_player_machinima_camera_enable_toggle_eval,supported
0x1cb6e0,87,havok_evict_until_world_flag,supported
0x1cb738,179,havok_evict_by_island_list,supported
0x1cb7ec,147,havok_evict_dispose_object,supported
0x1cb880,700,havok_evict_one_object,supported
0x1cbb3c,414,havok_evict_candidate_check,supported
0x1cbcdc,140,havok_island_is_all_evictable,supported
0x1cbd94,220,havok_world_entity_iter_valid,supported
0x1cc414,879,model_variant_resolve_region_permutations,inferred
0x1cd2bc,366,game_state_publish_view,supported
0x1d4b20,567,particle_system_create,supported
0x1d5ce0,600,object_sim_list_insert_object_record,inferred
0x1d5f38,261,object_sim_list_update_object_record,inferred
0x1d6040,129,object_sim_list_remove_object_record,inferred
0x1eafe0,149,model_get_graph_node_entry_checked,inferred
0x1fdf2c,691,contrail_location_create,supported
0x1fe44c,557,contrail_create,supported
0x1ff118,182,contrail_profile_create,supported
0x1ff5b8,983,particle_location_and_emitter_create,supported
0x20016c,546,light_volume_location_create,supported
0x200924,804,light_volume_create,supported
0x201618,786,beam_location_and_beam_create,supported
0x202204,193,geometry_sample_create,supported
0x2278f4,556,render_visible_light_append,inferred
0x227c08,309,render_object_hierarchy_register,inferred
0x227d40,688,render_object_visibility_register_recursive,inferred
0x22c91c,778,decal_create,supported
0x2361b4,,scenario_default_object_defaults_block_get,inferred
0x2388c4,566,tag_resource_reverse_mapping_initialize,supported
0x2405ec,1860,particle_create,supported
0x24a588,351,render_object_visibility_record_build,inferred
0x250194,202,rasterizer_dispose_device_objects,inferred
0x250260,407,rasterizer_initialize,supported
0x2503f8,123,rasterizer_dispose,inferred
0x250474,170,rasterizer_initialize_for_new_map,inferred
0x250520,141,rasterizer_dispose_from_old_map,inferred
0x2507dc,,hue_saturation_control_release_game_state_block,inferred
0x25088c,,rasterizer_game_states_release_game_state_block,inferred
0x25093c,,render_matrix_buffer_allocate,inferred
0x250a68,483,rasterizer_create_main_window,supported
0x250c4c,838,rasterizer_initialize_device_and_swap_chain,inferred
0x25103c,256,rasterizer_resize_swap_chain_buffers,inferred
0x2511c4,279,rasterizer_clear_depth_stencil_and_color_targets,inferred
0x251d3c,116,rasterizer_set_pixel_shader,inferred
0x251db0,171,rasterizer_set_vertex_shader,inferred
0x251e5c,86,rasterizer_bind_pixel_shader_object,inferred
0x252378,56,rasterizer_set_compute_unordered_access_view_by_resource,inferred
0x2523b0,67,rasterizer_set_compute_unordered_access_view,inferred
0x2523f4,51,rasterizer_dispatch_compute,inferred
0x252c2c,161,rasterizer_set_scissor_rect,inferred
0x253054,156,rasterizer_set_viewport_rect_and_depth_range,inferred
0x256564,200,cached_object_render_states_initialize,supported
0x25662c,116,cached_object_render_states_initialize_for_new_map,inferred
0x2566a0,63,cached_object_render_states_dispose_from_old_map,inferred
0x2566e0,66,cached_object_render_states_dispose,inferred
0x256cac,,dof_globals_publish_state_pointer,inferred
0x256ccc,226,dof_initialize,supported
0x256db0,,dof_initialize_for_new_map,inferred
0x257114,,dof_globals_release_game_state_block,inferred
0x2571c4,,interaction_ripples_publish_state_pointer,inferred
0x2571e4,807,interaction_ripples_initialize,supported
0x25750c,149,interaction_ripples_dispose,inferred
0x2575f4,,interaction_ripples_initialize_for_new_map,inferred
0x257658,,interaction_ripples_dispose_from_old_map,inferred
0x257690,217,interaction_ripples_add_ripple,inferred
0x259938,,interaction_ripples_release_game_state_block,inferred
0x25beec,,render_texture_globals_publish_state_pointer,inferred
0x25bf0c,138,render_texture_initialize,supported
0x25bf98,111,render_texture_initialize_for_new_map,inferred
0x25c614,,render_texture_globals_release_game_state_block,inferred
0x25c6c4,,render_hud_globals_publish_state_pointer,inferred
0x25c7e4,140,render_hud_initialize,supported
0x25c870,83,render_hud_initialize_for_new_map,inferred
0x25d968,,render_hud_globals_release_game_state_block,inferred
0x25db1c,,scripted_exposure_globals_publish_state_pointer,inferred
0x25db3c,138,scripted_exposure_initialize,supported
0x25dbc8,,scripted_exposure_initialize_for_new_map,inferred
0x25e9b4,,scripted_exposure_globals_release_game_state_block,inferred
0x25ea64,,render_game_globals_publish_state_pointer,inferred
0x25ea84,140,render_game_initialize,supported
0x25eb10,787,render_game_initialize_for_new_map,inferred
0x25ff50,73,shield_render_cache_initialize,supported
0x25ff9c,,shield_render_cache_initialize_for_new_map,inferred
0x25ffc4,,shield_render_cache_dispose_from_old_map,inferred
0x25ffe8,64,shield_render_cache_dispose,inferred
0x2601f0,,shield_render_cache_message_release_game_state_block,inferred
0x2602a0,,weather_globals_shared_publish_state_pointer,inferred
0x2602c0,,weather_globals_render_publish_state_pointer,inferred
0x2602e0,,weather_globals_deterministic_publish_state_pointer,inferred
0x260300,377,weather_initialize,supported
0x26047c,183,weather_initialize_for_new_map,inferred
0x260534,31,weather_dispose_from_old_map,inferred
0x2613c0,,weather_globals_deterministic_release_game_state_block,inferred
0x261520,,weather_globals_shared_release_game_state_block,inferred
0x264768,81,object_lighting_cache_get,supported
0x264a50,425,object_lighting_cache_entry_refresh,supported
0x264bfc,575,object_lighting_cache_get_or_create,supported
0x270a44,164,rasterizer_dynamic_buffer_describe_and_create,inferred
0x270b0c,169,rasterizer_dynamic_buffer_map_discard_or_nooverwrite,inferred
0x270bb8,106,rasterizer_buffer_create_shader_resource_view,inferred
0x270c24,197,rasterizer_vertex_buffer_create_with_initial_data,inferred
0x271930,137,rasterizer_buffer_map,inferred
0x274a54,112,rasterizer_clear_render_target_view,inferred
0x2751fc,41,rasterizer_set_compute_shader_resources,inferred
0x275228,55,rasterizer_set_vertex_shader_resources,inferred
0x2797f4,528,particle_emitter_gpu_row_pool_initialize,supported
0x27c170,,constant_getter_27c170_returns_0x11_used_by_3_vtable_slots,supported
0x27c1a0,,constant_getter_27c1a0_returns_0x10_used_by_14_vtable_slots,supported
0x27c798,528,contrail_gpu_row_pool_initialize,supported
0x27e418,,constant_getter_27e418_returns_0xF_used_by_3_vtable_slots,supported
0x2837b0,1374,dynamic_light_submit,supported
0x2843a4,1168,dynamic_light_list_merge,supported
0x285b64,91,rasterizer_set_vertex_shader_constant_buffers,inferred
0x28e420,117,rasterizer_d3d11_map_at_28e420,inferred
0x28e498,165,rasterizer_d3d11_map_at_28e498,inferred
0x28e824,117,rasterizer_d3d11_map_at_28e824,inferred
0x28e89c,165,rasterizer_d3d11_map_at_28e89c,inferred
0x28ea2c,163,rasterizer_set_vertex_buffer_stream,inferred
0x293ef0,73,rasterizer_query_end,inferred
0x29598c,,rasterizer_publish_state_pointer,inferred
0x2966a4,,rasterizer_release_game_state_block,inferred
0x2af450,,fp_weapons_publish_state_pointer,inferred
0x2af470,,fp_orientations_publish_state_pointer,inferred
0x2b5ad8,,fp_orientations_release_game_state_block,inferred
0x2b5b88,,fp_weapons_release_game_state_block,inferred
0x2b8248,,chud_publish_state_pointer_at_2b8248,inferred
0x2b8268,,chud_publish_state_pointer_at_2b8268,inferred
0x2c054c,496,chud_datum_arrays_initialize,supported
0x2c2274,160,chud_initialize,supported
0x2c2314,287,chud_initialize_for_new_map,inferred
0x2c2434,,chud_dispose_from_old_map,inferred
0x2c248c,,chud_module_slot4_handler,inferred
0x2c3c44,,chud_release_game_state_block_at_2c3c44,inferred
0x2c3cf4,,chud_release_game_state_block_at_2c3cf4,inferred
0x2c6bc4,380,first_person_weapons_initialize,supported
0x2c6d40,23,first_person_weapons_initialize_for_new_map,inferred
0x2c6d58,44,first_person_weapons_dispose_from_old_map,inferred
0x2d49b4,49,ui_widget_class_a35c58_create_instance,inferred
0x2d49e8,58,ui_widget_class_a35c58_clone_instance,inferred
0x2d4b1c,56,ui_widget_class_shared_destroy_instance_2d4b1c,inferred
0x2d844c,,chud_draw_user_globals_publish_state_pointer,inferred
0x2e780c,,campaign_objectives_publish_state_pointer,inferred
0x2e8c20,443,webapi_bnet_user_get_bnet_subscription_request_build_and_submit,supported
0x2e8ddc,244,webapi_bnet_user_begin_consume_request_build_and_submit,supported
0x2e8ed0,244,webapi_bnet_user_complete_consume_request_build_and_submit,supported
0x2f49c8,118,ui_widget_class_shared_destroy_instance_2f49c8,inferred
0x2fc730,68,ui_widget_class_a36ce8_destroy_instance,inferred
0x2fc808,117,ui_widget_class_a36ce8_create_instance,inferred
0x2fc880,48,ui_widget_class_a36ce8_clone_instance,inferred
0x2fcafc,56,ui_widget_class_shared_destroy_instance_2fcafc,inferred
0x2fcbe0,56,ui_widget_class_shared_destroy_instance_2fcbe0,inferred
0x2fcd68,129,ui_widget_class_a36f80_destroy_instance,inferred
0x2fcf14,129,ui_widget_class_a36f80_create_instance,inferred
0x2fcf98,232,ui_widget_class_a36f80_clone_instance,inferred
0x2fd168,56,ui_widget_class_a3a858_destroy_instance,inferred
0x2fd540,56,ui_widget_class_a42fb8_destroy_instance,inferred
0x2fe2e4,56,ui_widget_class_shared_destroy_instance_2fe2e4,inferred
0x2fe564,99,ui_widget_class_a372f8_create_instance,inferred
0x2fe5c8,180,ui_widget_class_a372f8_clone_instance,inferred
0x2fe8c0,56,ui_widget_class_a37570_destroy_instance,inferred
0x2fe9dc,96,ui_widget_class_a37570_create_instance,inferred
0x2fea3c,308,ui_widget_class_a37570_clone_instance,inferred
0x2fed4c,56,ui_widget_class_a376d0_destroy_instance,inferred
0x2feec0,152,ui_widget_class_a376d0_create_instance,inferred
0x2fef58,190,ui_widget_class_a376d0_clone_instance,inferred
0x2ff074,122,ui_widget_class_a37790_destroy_instance,inferred
0x2ff4ec,155,ui_widget_class_a37790_create_instance,inferred
0x2ff588,196,ui_widget_class_a37790_clone_instance,inferred
0x300b60,56,ui_widget_class_a37c88_destroy_instance,inferred
0x300c0c,129,ui_widget_class_a37c88_create_instance,inferred
0x300c90,207,ui_widget_class_a37c88_clone_instance,inferred
0x301768,56,ui_widget_class_shared_destroy_instance_301768,inferred
0x3022ec,131,ui_widget_class_a383a8_destroy_instance,inferred
0x302404,91,ui_widget_class_a383a8_create_instance,inferred
0x302460,164,ui_widget_class_a383a8_clone_instance,inferred
0x3025d4,56,ui_widget_class_a38468_destroy_instance,inferred
0x303474,97,ui_widget_class_a38468_create_instance,inferred
0x3034d8,48,ui_widget_class_a38468_clone_instance,inferred
0x30358c,56,ui_widget_class_a38528_destroy_instance,inferred
0x3038ac,168,ui_widget_class_a38528_create_instance,inferred
0x303954,48,ui_widget_class_a38528_clone_instance,inferred
0x304028,56,ui_widget_class_a38698_destroy_instance,inferred
0x304280,49,ui_widget_class_a38698_create_instance,inferred
0x3042b4,48,ui_widget_class_a38698_clone_instance,inferred
0x304ad0,56,ui_widget_class_a38968_destroy_instance,inferred
0x304c3c,49,ui_widget_class_a38968_create_instance,inferred
0x304c70,48,ui_widget_class_a38968_clone_instance,inferred
0x305068,56,ui_widget_class_shared_destroy_instance_305068,inferred
0x306dec,56,ui_widget_class_a45618_destroy_instance,inferred
0x30f720,49,ui_widget_class_a39a38_create_instance,inferred
0x30f754,58,ui_widget_class_a39a38_clone_instance,inferred
0x30f930,56,ui_widget_class_a39a38_destroy_instance,inferred
0x30fddc,132,ui_widget_class_a39af8_create_instance,inferred
0x30fe60,48,ui_widget_class_a39af8_clone_instance,inferred
0x30ffb4,56,ui_widget_class_shared_destroy_instance_30ffb4,inferred
0x3123e8,56,ui_widget_class_a43780_destroy_instance,inferred
0x3138dc,52,ui_widget_class_a3c428_destroy_instance,inferred
0x313b24,56,ui_widget_class_a449a8_destroy_instance,inferred
0x313c20,118,ui_widget_class_a3a2f8_create_instance,inferred
0x313c98,222,ui_widget_class_a3a2f8_clone_instance,inferred
0x313efc,237,ui_widget_class_a3a2f8_destroy_instance,inferred
0x316388,92,ui_widget_class_a3a6d8_create_instance,inferred
0x3163e4,166,ui_widget_class_a3a6d8_clone_instance,inferred
0x316960,92,ui_widget_class_a3a798_create_instance,inferred
0x3169bc,166,ui_widget_class_a3a798_clone_instance,inferred
0x316b4c,82,ui_widget_class_a3a798_destroy_instance,inferred
0x3178bc,49,ui_widget_class_a3a858_create_instance,inferred
0x3178f0,48,ui_widget_class_a3a858_clone_instance,inferred
0x3181f8,171,ui_widget_class_a3a918_create_instance,inferred
0x3182a4,204,ui_widget_class_a3a918_clone_instance,inferred
0x31852c,56,ui_widget_class_a3a918_destroy_instance,inferred
0x319568,49,ui_widget_class_a3a9d8_create_instance,inferred
0x31959c,302,ui_widget_class_a3a9d8_clone_instance,inferred
0x31a0b4,56,ui_widget_class_a3a9d8_destroy_instance,inferred
0x31a8b0,56,ui_widget_class_a45a18_destroy_instance,inferred
0x31c6a4,63,ui_widget_class_a3b060_clone_instance,inferred
0x31ec78,146,ui_widget_class_a3b060_create_instance,inferred
0x31f074,189,ui_widget_class_a3b060_destroy_instance,inferred
0x321c90,157,ui_widget_class_a3b3f0_create_instance,inferred
0x321d30,58,ui_widget_class_a3b3f0_clone_instance,inferred
0x321f94,56,ui_widget_class_a3b3f0_destroy_instance,inferred
0x3222b4,103,ui_widget_class_a3b4b0_create_instance,inferred
0x32231c,171,ui_widget_class_a3b4b0_clone_instance,inferred
0x322940,123,ui_widget_class_a3b4b0_destroy_instance,inferred
0x322d94,90,ui_widget_class_a3b608_create_instance,inferred
0x322df0,158,ui_widget_class_a3b608_clone_instance,inferred
0x324e88,56,ui_widget_class_shared_destroy_instance_324e88,inferred
0x325c80,128,ui_widget_class_a3bbb8_create_instance,inferred
0x325d00,48,ui_widget_class_a3bbb8_clone_instance,inferred
0x3275ec,49,ui_widget_class_a3bdc8_create_instance,inferred
0x327620,48,ui_widget_class_a3bdc8_clone_instance,inferred
0x327980,56,ui_widget_class_a3bdc8_destroy_instance,inferred
0x327ce0,49,ui_widget_class_a3be88_create_instance,inferred
0x327d14,48,ui_widget_class_a3be88_clone_instance,inferred
0x328790,49,ui_widget_class_a3bfe8_create_instance,inferred
0x3287c4,48,ui_widget_class_a3bfe8_clone_instance,inferred
0x328a84,56,ui_widget_class_a3bfe8_destroy_instance,inferred
0x328fb0,49,ui_widget_class_a3c0a8_create_instance,inferred
0x328fe4,48,ui_widget_class_a3c0a8_clone_instance,inferred
0x3291dc,56,ui_widget_class_shared_destroy_instance_3291dc,inferred
0x32951c,173,ui_widget_class_a3c168_create_instance,inferred
0x3295cc,324,ui_widget_class_a3c168_clone_instance,inferred
0x329a64,83,ui_widget_class_a3c368_create_instance,inferred
0x329ab8,63,ui_widget_class_a3c368_clone_instance,inferred
0x32a0e4,100,ui_widget_class_a3c428_create_instance,inferred
0x32a148,123,ui_widget_class_a3c428_clone_instance,inferred
0x32aac4,159,ui_widget_class_a3c638_create_instance,inferred
0x32ab64,48,ui_widget_class_a3c638_clone_instance,inferred
0x32af24,56,ui_widget_class_shared_destroy_instance_32af24,inferred
0x32b184,161,ui_widget_class_a3c6f8_create_instance,inferred
0x32b228,48,ui_widget_class_a3c6f8_clone_instance,inferred
0x32b564,56,ui_widget_class_a3c6f8_destroy_instance,inferred
0x32c580,49,ui_widget_class_a3c860_create_instance,inferred
0x32c5b4,48,ui_widget_class_a3c860_clone_instance,inferred
0x32d168,56,ui_widget_class_a3c860_destroy_instance,inferred
0x32d570,160,ui_widget_class_a3c920_create_instance,inferred
0x32d610,48,ui_widget_class_a3c920_clone_instance,inferred
0x32ddcc,161,ui_widget_class_a3c9e0_create_instance,inferred
0x32de70,48,ui_widget_class_a3c9e0_clone_instance,inferred
0x332c08,143,ui_widget_class_a3ce00_create_instance,inferred
0x332c98,224,ui_widget_class_a3ce00_clone_instance,inferred
0x33321c,92,ui_widget_class_a3cec0_create_instance,inferred
0x333278,166,ui_widget_class_a3cec0_clone_instance,inferred
0x333644,52,ui_widget_class_a3cec0_destroy_instance,inferred
0x336554,123,ui_widget_class_a3d870_create_instance,inferred
0x3365d0,278,ui_widget_class_a3d870_clone_instance,inferred
0x336724,52,ui_widget_class_a3d870_destroy_instance,inferred
0x336c94,188,ui_widget_class_a3d930_create_instance,inferred
0x336d50,43,ui_widget_class_a3d930_clone_instance,inferred
0x3370cc,126,ui_widget_class_a3d9f0_create_instance,inferred
0x33714c,228,ui_widget_class_a3d9f0_clone_instance,inferred
0x337274,90,ui_widget_class_a3d9f0_destroy_instance,inferred
0x3377dc,91,ui_widget_class_a3dbc8_create_instance,inferred
0x337838,164,ui_widget_class_a3dbc8_clone_instance,inferred
0x3383c8,56,ui_widget_class_a3dbc8_destroy_instance,inferred
0x338c20,49,ui_widget_class_a3de88_create_instance,inferred
0x338c54,48,ui_widget_class_a3de88_clone_instance,inferred
0x339544,140,ui_widget_class_a3df48_create_instance,inferred
0x3395d0,180,ui_widget_class_a3df48_clone_instance,inferred
0x3396ac,56,ui_widget_class_a3df48_destroy_instance,inferred
0x339970,83,ui_widget_class_a3e030_create_instance,inferred
0x3399c4,152,ui_widget_class_shared_clone_instance_3399c4,inferred
0x339abc,56,ui_widget_class_a3e030_destroy_instance,inferred
0x33af50,49,ui_widget_class_a3e1c8_create_instance,inferred
0x33af84,48,ui_widget_class_a3e1c8_clone_instance,inferred
0x341504,49,ui_widget_class_a3ea08_create_instance,inferred
0x341538,48,ui_widget_class_a3ea08_clone_instance,inferred
0x3419a8,56,ui_widget_class_a3ea08_destroy_instance,inferred
0x343a40,83,ui_widget_class_a3eb98_create_instance,inferred
0x343c58,90,ui_widget_class_a3eb98_destroy_instance,inferred
0x3441c0,91,ui_widget_class_a3ed48_create_instance,inferred
0x34421c,164,ui_widget_class_a3ed48_clone_instance,inferred
0x34431c,56,ui_widget_class_a3ed48_destroy_instance,inferred
0x344430,49,ui_widget_class_a3ee08_create_instance,inferred
0x344464,58,ui_widget_class_a3ee08_clone_instance,inferred
0x3444a0,82,ui_widget_class_a3ee08_destroy_instance,inferred
0x344814,106,ui_widget_class_a3eec8_create_instance,inferred
0x344880,48,ui_widget_class_a3eec8_clone_instance,inferred
0x344bcc,82,ui_widget_class_a3eec8_destroy_instance,inferred
0x3453f4,110,ui_widget_class_a3ef88_create_instance,inferred
0x345464,48,ui_widget_class_a3ef88_clone_instance,inferred
0x34580c,141,ui_widget_class_a3ef88_destroy_instance,inferred
0x346ea4,132,ui_widget_class_a3f170_create_instance,inferred
0x346f28,196,ui_widget_class_a3f170_clone_instance,inferred
0x347514,289,ui_widget_class_a3f170_destroy_instance,inferred
0x347fec,49,ui_widget_class_a3f230_create_instance,inferred
0x348020,48,ui_widget_class_a3f230_clone_instance,inferred
0x3486f0,176,ui_widget_class_a3f390_create_instance,inferred
0x3487a0,314,ui_widget_class_a3f390_clone_instance,inferred
0x348bd8,174,ui_widget_class_a3f390_destroy_instance,inferred
0x3520dc,169,ui_widget_class_a40140_create_instance,inferred
0x352188,48,ui_widget_class_a40140_clone_instance,inferred
0x3523a4,98,ui_widget_class_a40200_create_instance,inferred
0x352408,168,ui_widget_class_a40200_clone_instance,inferred
0x352504,56,ui_widget_class_a40200_destroy_instance,inferred
0x352604,157,ui_widget_class_a402c0_create_instance,inferred
0x3526a4,240,ui_widget_class_a402c0_clone_instance,inferred
0x3528b4,90,ui_widget_class_a402c0_destroy_instance,inferred
0x353648,136,ui_widget_class_a40640_create_instance,inferred
0x3536d0,242,ui_widget_class_a40640_clone_instance,inferred
0x3538c8,73,ui_widget_class_a40640_destroy_instance,inferred
0x353914,83,ui_widget_class_a40700_create_instance,inferred
0x353968,158,ui_widget_class_a40700_clone_instance,inferred
0x353bf8,92,ui_widget_class_a407c0_create_instance,inferred
0x353c54,166,ui_widget_class_a407c0_clone_instance,inferred
0x353d70,56,ui_widget_class_a407c0_destroy_instance,inferred
0x353e8c,49,ui_widget_class_a40880_create_instance,inferred
0x353ec0,58,ui_widget_class_a40880_clone_instance,inferred
0x354044,56,ui_widget_class_a40880_destroy_instance,inferred
0x3540d0,206,ui_widget_class_a40968_clone_instance,inferred
0x354234,83,ui_widget_class_a40968_create_instance,inferred
0x354288,56,ui_widget_class_a40968_destroy_instance,inferred
0x354648,143,ui_widget_class_a40a28_create_instance,inferred
0x3546d8,48,ui_widget_class_a40a28_clone_instance,inferred
0x354b38,116,ui_widget_class_a40ae8_create_instance,inferred
0x354bac,206,ui_widget_class_a40ae8_clone_instance,inferred
0x3569e4,98,ui_widget_class_a40e58_create_instance,inferred
0x356a48,63,ui_widget_class_a40e58_clone_instance,inferred
0x356d98,56,ui_widget_class_a40f40_destroy_instance,inferred
0x356dd0,83,ui_widget_class_a40f40_create_instance,inferred
0x356e24,75,ui_widget_class_a40f40_clone_instance,inferred
0x357294,110,ui_widget_class_a41028_create_instance,inferred
0x357304,194,ui_widget_class_a41028_clone_instance,inferred
0x35c690,56,ui_widget_class_a41628_destroy_instance,inferred
0x35c6c8,49,ui_widget_class_a41628_create_instance,inferred
0x35c6fc,303,ui_widget_class_a41628_clone_instance,inferred
0x35d4cc,52,ui_widget_class_a41d28_destroy_instance,inferred
0x35dd88,123,ui_widget_class_a41d28_create_instance,inferred
0x35de04,48,ui_widget_class_a41d28_clone_instance,inferred
0x35e178,66,ui_widget_class_a41f38_destroy_instance,inferred
0x35e838,49,ui_widget_class_a41f38_create_instance,inferred
0x35e86c,48,ui_widget_class_a41f38_clone_instance,inferred
0x361c28,114,ui_widget_class_a42550_create_instance,inferred
0x361c9c,240,ui_widget_class_a42550_clone_instance,inferred
0x36354c,68,ui_widget_class_a42750_destroy_instance,inferred
0x3640e4,49,ui_widget_class_a42750_create_instance,inferred
0x364118,48,ui_widget_class_a42750_clone_instance,inferred
0x36781c,138,ui_widget_class_a42b48_create_instance,inferred
0x3678a8,48,ui_widget_class_a42b48_clone_instance,inferred
0x36994c,83,ui_widget_class_a42fb8_create_instance,inferred
0x36a7c8,56,ui_widget_class_a430f0_destroy_instance,inferred
0x36b050,49,ui_widget_class_a430f0_create_instance,inferred
0x36b084,48,ui_widget_class_a430f0_clone_instance,inferred
0x36b6d0,83,ui_widget_class_a43228_create_instance,inferred
0x36b724,52,ui_widget_class_a43228_destroy_instance,inferred
0x36cd58,143,ui_widget_class_a435b8_create_instance,inferred
0x36cde8,222,ui_widget_class_a435b8_clone_instance,inferred
0x36d1ec,107,ui_widget_class_a43780_create_instance,inferred
0x36d258,260,ui_widget_class_a43780_clone_instance,inferred
0x36d8f0,136,ui_widget_class_a43928_create_instance,inferred
0x36d978,212,ui_widget_class_a43928_clone_instance,inferred
0x373484,142,ui_widget_class_a44260_create_instance,inferred
0x373514,268,ui_widget_class_a44260_clone_instance,inferred
0x3744d0,49,ui_widget_class_a445c8_create_instance,inferred
0x374504,184,ui_widget_class_a445c8_clone_instance,inferred
0x374784,237,ui_widget_class_a445c8_destroy_instance,inferred
0x375878,49,ui_widget_class_a449a8_create_instance,inferred
0x3758ac,243,ui_widget_class_a449a8_clone_instance,inferred
0x375d70,125,ui_widget_class_a44a68_create_instance,inferred
0x375df0,228,ui_widget_class_a44a68_clone_instance,inferred
0x375fc0,68,ui_widget_class_a44a68_destroy_instance,inferred
0x376230,97,ui_widget_class_a44bc8_create_instance,inferred
0x376294,179,ui_widget_class_a44bc8_clone_instance,inferred
0x3765bc,100,ui_widget_class_a44d28_create_instance,inferred
0x376620,248,ui_widget_class_a44d28_clone_instance,inferred
0x376758,165,ui_widget_class_a44d28_destroy_instance,inferred
0x377360,92,ui_widget_class_a44ed8_create_instance,inferred
0x3773bc,170,ui_widget_class_a44ed8_clone_instance,inferred
0x377480,82,ui_widget_class_a44ed8_destroy_instance,inferred
0x3776cc,103,ui_widget_class_a44f98_create_instance,inferred
0x377734,255,ui_widget_class_a44f98_clone_instance,inferred
0x377a34,115,ui_widget_class_a45058_create_instance,inferred
0x377aa8,230,ui_widget_class_a45058_clone_instance,inferred
0x377ca4,197,ui_widget_class_a45058_destroy_instance,inferred
0x378a5c,174,ui_widget_class_a451d8_create_instance,inferred
0x378b0c,266,ui_widget_class_a451d8_clone_instance,inferred
0x37a024,112,ui_widget_class_a45558_create_instance,inferred
0x37a094,228,ui_widget_class_a45558_clone_instance,inferred
0x37a384,65,ui_widget_class_a45558_destroy_instance,inferred
0x37a3e0,181,ui_widget_class_a45618_create_instance,inferred
0x37a498,174,ui_widget_class_a45618_clone_instance,inferred
0x37ae4c,90,ui_widget_class_a456d8_create_instance,inferred
0x37aea8,287,ui_widget_class_a456d8_clone_instance,inferred
0x37b0e0,56,ui_widget_class_a456d8_destroy_instance,inferred
0x380534,49,ui_widget_class_a45958_create_instance,inferred
0x380568,48,ui_widget_class_a45958_clone_instance,inferred
0x381810,56,ui_widget_class_a45958_destroy_instance,inferred
0x381858,168,ui_widget_class_a45a18_create_instance,inferred
0x381900,318,ui_widget_class_a45a18_clone_instance,inferred
0x38536c,1918,webapi_bnet_files_delete_request_build_and_submit,supported
0x3868c8,230,webapi_bnet_user_get_service_record_request_build_and_submit,supported
0x398de0,,life_cycle_state_none_get_name,supported
0x398de8,,life_cycle_state_pre_game_get_name,supported
0x398df0,,life_cycle_state_matchmaking_select_host_get_name,supported
0x398df8,,life_cycle_state_start_game_get_name,supported
0x398e00,,life_cycle_state_in_match_get_name,supported
0x398e08,,life_cycle_state_in_game_get_name,supported
0x398e10,,life_cycle_state_end_game_write_stats_get_name,supported
0x398e18,,life_cycle_state_leaving_get_name,supported
0x398e20,,life_cycle_state_joining_get_name,supported
0x398e28,,life_cycle_state_matchmaking_start_get_name,supported
0x398e30,,life_cycle_state_matchmaking_recycle_get_name,supported
0x398e38,,life_cycle_state_matchmaking_find_and_assemble_team_get_name,supported
0x398e40,,life_cycle_state_matchmaking_assemble_team_get_name,supported
0x398e48,,life_cycle_state_matchmaking_arbitration_get_name,supported
0x398e50,,life_cycle_state_matchmaking_find_and_assemble_match_get_name,supported
0x398e58,,life_cycle_state_matchmaking_assemble_match_get_name,supported
0x398e60,,life_cycle_state_matchmaking_prepare_map_get_name,supported
0x398e68,,life_cycle_state_end_match_write_stats_get_name,supported
0x398e70,,life_cycle_state_end_match_prepare_rematch_get_name,supported
0x398e78,,life_cycle_state_post_match_get_name,supported
0x398e80,,life_cycle_state_host_disconnected_get_name,supported
0x398e88,,life_cycle_state_between_game_get_name,supported
0x3a58f0,41,simulation_entity_resolve_and_test_flag_0x532d8,inferred
0x3a5af0,85,weapon_get_simulation_target_for_event,inferred
0x3a5fcc,133,create_map_variant_chunk_entity,inferred
0x3a6054,168,dispatch_gated_group_slot_mask,supported
0x3a6310,329,attach_local_object_simulation_glue,inferred
0x3a6954,208,sim_event_send_incident,inferred
0x3a6a24,139,weapon_request_fire_state_replication,inferred
0x3a6ab0,1277,weapon_fire_event_build_from_trigger,inferred
0x3a7188,527,damage_hit_event_build_record,inferred
0x3a7398,180,sim_event_send_damage_section_response,inferred
0x3a744c,344,projectile_attach_event_compute_local_transform,inferred
0x3a7b9c,276,projectile_detonate_event_submit,inferred
0x3a7dd8,224,unit_action_event_submit_type_0x1d,inferred
0x3a7f98,159,unit_action_event_submit_type_0x1b_with_flags,inferred
0x3a8038,177,unit_action_event_submit_type_0x1b,inferred
0x3a80ec,237,weapon_effect_event_submit,inferred
0x3a8390,184,sim_event_send_weapon_drop,inferred
0x3a8448,111,object_mark_inventory_change_update_bits,inferred
0x3a8fbc,156,object_set_update_flags_recursive,supported
0x3a947c,978,initialize_simulation_storage_selected_glue_allocation,inferred
0x3a9850,290,simulation_glue_dispose,inferred
0x3a9974,523,simulation_glue_initialize_for_new_map,inferred
0x3a9b80,436,simulation_glue_dispose_from_old_map,inferred
0x3a9d34,206,simulation_glue_initialize_for_new_zone_set,inferred
0x3a9e04,60,simulation_glue_dispose_from_old_zone_set,inferred
0x3af270,230,input_action_bit_is_active,inferred
0x3af358,191,input_action_bit_classify_source,inferred
0x3af418,236,input_action_bit_latch,inferred
0x3b0400,,biped_enter_vehicle_event_get_name,supported
0x3b0448,,biped_exit_vehicle_event_get_name,supported
0x3b0460,,biped_vehicle_evict_event_get_name,supported
0x3b0484,,biped_assassinate_event_get_name,supported
0x3b0490,,constant_getter_3b0490_returns_0x1C_used_by_7_vtable_slots,supported
0x3b0498,,biped_throw_initiate_event_get_name,supported
0x3b04d4,,biped_throw_release_event_get_name,supported
0x3b04e4,,biped_melee_initiate_event_get_name,supported
0x3b050c,,biped_melee_damage_event_get_name,supported
0x3b0514,,biped_melee_clang_event_get_name,supported
0x3b053c,,biped_pickup_event_get_name,supported
0x3b054c,,biped_pickup_item_request_event_get_name,supported
0x3b0554,,biped_laser_designation_event_get_name,supported
0x3b055c,,simulation_event_vtable_slot_0x78_returns_0x15,inferred
0x3b0564,,biped_debug_teleport_event_get_name,supported
0x3b058c,,biped_dodge_event_get_name,supported
0x3b0594,,unit_zoom_event_get_name,supported
0x3b05c0,,networked_ai_action_event_get_name,supported
0x3b0664,,biped_entity_get_name,supported
0x3b066c,,biped_entity_get_state_size,supported
0x3b0674,,biped_entity_get_creation_data_size,supported
0x3b06f0,313,biped_entity_build_creation_data_from_object,inferred
0x3b082c,423,biped_entity_build_state_from_object,inferred
0x3b09d4,3067,biped_entity_compute_changed_state_mask,inferred
0x3b15d0,97,biped_entity_resolve_references_after_decode,inferred
0x3b22f8,,simulation_object_entity_post_apply_noop,inferred
0x3b22fc,182,biped_entity_destroy_cleanup,inferred
0x3b23e0,76,biped_entity_describe_creation_relevance,supported
0x3b242c,355,biped_entity_encode_creation_data,inferred
0x3b2590,276,biped_entity_decode_creation_data,inferred
0x3b2858,9007,biped_entity_encode_state_update,inferred
0x3b4b88,2400,biped_entity_decode_state_update,inferred
0x3b55d8,48,biped_enter_vehicle_event_describe_relevance_debug,supported
0x3b5608,,biped_enter_vehicle_event_encode_payload_also_in_other_vtables,inferred
0x3b5644,32,biped_enter_vehicle_event_decode_payload_also_in_other_vtables,inferred
0x3b5664,492,biped_enter_vehicle_event_apply_on_receive,inferred
0x3b5860,48,biped_exit_vehicle_event_describe_relevance_debug,supported
0x3b5890,139,biped_exit_vehicle_event_encode_payload,inferred
0x3b591c,55,biped_exit_vehicle_event_decode_payload,inferred
0x3b5954,238,biped_exit_vehicle_event_apply_on_receive,inferred
0x3b5a44,48,biped_assassinate_event_describe_relevance_debug,supported
0x3b5a74,352,biped_assassinate_event_encode_payload,inferred
0x3b5bd4,163,biped_assassinate_event_decode_payload,inferred
0x3b5c78,952,biped_assassinate_event_apply_on_receive,inferred
0x3b628c,48,biped_vehicle_evict_event_describe_relevance_debug,supported
0x3b62bc,264,biped_vehicle_evict_event_apply_on_receive,inferred
0x3b63c4,48,biped_throw_initiate_event_describe_relevance_debug,supported
0x3b63f4,174,biped_throw_initiate_event_encode_payload,inferred
0x3b64a4,143,biped_throw_initiate_event_decode_payload,inferred
0x3b6534,423,biped_throw_initiate_event_apply_on_receive,inferred
0x3b66dc,48,biped_throw_release_event_describe_relevance_debug,supported
0x3b670c,273,biped_throw_release_event_encode_payload,inferred
0x3b6820,309,biped_throw_release_event_decode_payload,inferred
0x3b6964,627,biped_throw_release_event_apply_on_receive,inferred
0x3b6be0,48,biped_melee_damage_event_describe_relevance_debug,supported
0x3b6fb4,,biped_melee_damage_event_encode_payload,inferred
0x3b7178,,biped_melee_damage_event_decode_payload,inferred
0x3b77e0,104,biped_melee_damage_event_apply_on_receive,inferred
0x3b7848,48,biped_melee_initiate_event_describe_relevance_debug,supported
0x3b7878,167,biped_melee_initiate_event_encode_payload,inferred
0x3b7920,111,biped_melee_initiate_event_decode_payload,inferred
0x3b7990,672,biped_melee_initiate_event_apply_on_receive,inferred
0x3b7c30,,biped_melee_clang_event_calculate_relevance,inferred
0x3b7c3c,48,biped_melee_clang_event_describe_relevance_debug,supported
0x3b7c6c,98,biped_melee_clang_event_encode_payload,inferred
0x3b7cd0,182,biped_melee_clang_event_decode_payload,inferred
0x3b7d88,250,biped_melee_clang_event_apply_on_receive,inferred
0x3b7ea0,48,biped_pickup_event_describe_relevance_debug,supported
0x3b7ed0,129,biped_pickup_event_encode_payload,inferred
0x3b7f54,84,biped_pickup_event_decode_payload,inferred
0x3b7fa8,378,biped_pickup_event_apply_on_receive,inferred
0x3b8124,48,biped_pickup_item_request_event_describe_relevance_debug,supported
0x3b8154,150,biped_pickup_item_request_event_encode_payload,inferred
0x3b81ec,64,biped_pickup_item_request_event_decode_payload,inferred
0x3b822c,255,biped_pickup_item_request_event_apply_on_receive,inferred
0x3b832c,48,biped_laser_designation_event_describe_relevance_debug,supported
0x3b835c,,biped_laser_designation_event_encode_payload,inferred
0x3b8394,27,biped_laser_designation_event_decode_payload,inferred
0x3b83b0,41,biped_laser_designation_event_apply_on_receive,inferred
0x3b83e4,,biped_equipment_activation_event_get_name,supported
0x3b83ec,,biped_equipment_activation_event_describe_relevance_debug,supported
0x3b8424,168,biped_equipment_activation_event_encode_payload,inferred
0x3b84cc,116,biped_equipment_activation_event_decode_payload,inferred
0x3b8540,193,biped_equipment_activation_event_apply_on_receive,inferred
0x3b8604,48,biped_debug_teleport_event_describe_relevance_debug,supported
0x3b8634,,biped_debug_teleport_event_encode_payload,inferred
0x3b8648,52,biped_debug_teleport_event_decode_payload,inferred
0x3b867c,48,biped_dodge_event_describe_relevance_debug,supported
0x3b86ac,40,biped_dodge_event_encode_payload,inferred
0x3b86d4,74,biped_dodge_event_decode_payload,inferred
0x3b8720,45,biped_dodge_event_apply_on_receive,inferred
0x3b8750,48,unit_zoom_event_describe_relevance_debug,supported
0x3b8780,,unit_zoom_event_encode_payload,inferred
0x3b87c0,34,unit_zoom_event_decode_payload,inferred
0x3b87e4,86,unit_zoom_event_apply_on_receive,inferred
0x3b8844,48,networked_ai_action_event_describe_relevance_debug,supported
0x3b8af4,1220,networked_ai_action_event_encode_payload,inferred
0x3b8fb8,799,networked_ai_action_event_decode_payload,inferred
0x3b92d8,165,networked_ai_action_event_apply_on_receive,inferred
0x3c6494,486,forge_editor_event_field_layout_resolve,inferred
0x3c667c,235,net_point_inside_bounds_table_entry,inferred
0x3c6768,281,forge_editor_event_write_payload_bits,inferred
0x3c6884,589,forge_editor_event_read_payload_bits,inferred
0x3c9c34,,bitstream_write_quantized_unit_float_5bit,inferred
0x3c9cb8,156,bitstream_write_optional_6bit_index,supported
0x3ca6c8,87,object_sim_clear_pending_flag_0x100_bit0,inferred
0x3cc6ec,187,object_get_default_effect_or_sound_ref,inferred
0x3cca14,167,sim_entity_object_binding_changed,inferred
0x3cccc0,216,simulation_event_submit_to_owner_player,inferred
0x3ccd98,138,simulation_event_submit_to_unit_player_wrapper,inferred
0x3cce24,296,simulation_event_submit_to_player_mask,inferred
0x3cd020,249,simulation_event_submit_for_unit_mask,inferred
0x3cd11c,238,simulation_event_submit_with_object_entities,inferred
0x3cd20c,319,net_definition_index_write,inferred
0x3cd34c,177,net_definition_index_read,inferred
0x3cd5ac,121,net_definition_category_find,inferred
0x3cd628,103,net_definition_category_bsearch,inferred
0x3cf130,198,player_find_index_by_local_slot,inferred
0x3cf504,732,webapi_bnet_sign_buffer_request_build_and_submit,supported
0x3d03ac,78,simulation_sidecar_buffer_free,inferred
0x3d2bbc,94,allocate_local_simulation_datum,inferred
0x3d2cf0,146,simulation_object_glue_index_encode,inferred
0x3d2d84,69,simulation_object_glue_index_decode,inferred
0x3d3048,233,simulation_object_entity_is_replicable_check,inferred
0x3d3200,86,simulation_object_entity_build_creation_data_by_glue,inferred
0x3d3258,135,simulation_object_entity_compute_changed_mask_by_glue,inferred
0x3d3438,166,simulation_object_entity_apply_state_by_glue,inferred
0x3d34e0,141,simulation_object_entity_post_apply_by_glue,inferred
0x3d35fc,143,simulation_object_entity_destroy_by_glue,inferred
0x3d368c,104,simulation_object_entity_glue_is_current_owner,inferred
0x3d36f4,473,simulation_object_entity_fill_region_creation_data,inferred
0x3d38d0,1207,simulation_object_entity_build_creation_data_from_object,inferred
0x3d5138,167,biped_entity_region_state_changed_test,inferred
0x3d5908,385,simulation_object_creation_header_encode,inferred
0x3d5a8c,222,simulation_object_creation_header_decode,inferred
0x3d9c24,513,simulation_object_get_entity_type_for_object,inferred
0x3dadd8,107,world_entity_slot_clear_local_mapping,inferred
0x3db104,145,world_entity_slot_release_sidecars,inferred
0x3db454,,megalo_chud_message_event_get_name,supported
0x3dbc40,,megalo_chud_message_event_describe_relevance_debug,supported
0x3dbc58,215,megalo_chud_message_event_encode_payload,inferred
0x3dbd30,331,megalo_chud_message_event_decode_payload,inferred
0x3dbe7c,,megalo_chud_message_event_apply_on_receive,inferred
0x3de174,155,webapi_request_queue_push,inferred
0x3de2c8,113,webapi_request_queue_dispatch,inferred
0x3df3e4,49,webapi_url_append_int_param,inferred
0x3df418,161,webapi_url_append_param_separator,inferred
0x3df4bc,56,webapi_url_append_machine_id,inferred
0x3df4f4,56,webapi_url_append_user_id,inferred
0x3df52c,56,webapi_url_append_share_id,inferred
0x3df564,111,webapi_url_append_server_id,inferred
0x3df5d4,56,webapi_url_append_locale,inferred
0x3dfd24,78,webapi_bnet_files_upload_blind_request_init,supported
0x3dfd74,220,webapi_bnet_files_stage_for_download_request_build_and_submit,supported
0x3dfe50,177,webapi_bnet_arena_get_last_season_stats_request_build_and_submit,supported
0x3dff04,192,webapi_bnet_files_new_upload_request_init,supported
0x3dffc4,110,webapi_bnet_files_get_upload_progress_request_init,supported
0x3e73c4,,constant_getter_3e73c4_returns_0x74_used_by_5_vtable_slots,supported
0x3ebe10,,simulation_debug_globals_publish_state_pointer,inferred
0x3f175c,954,webapi_bnet_user_update_image_request_build_and_submit,supported
0x3f2ffc,415,webapi_bnet_files_resume_download_request_build_and_submit,supported
0x3f40b4,1151,webapi_bnet_files_upload_request_build_and_submit,supported
0x3f579c,343,webapi_bnet_files_get_catalog_info_request_build_and_submit,supported
0x3f5a30,234,webapi_bnet_files_get_catalog_request_build_and_submit,supported
0x3f5eec,196,webapi_bnet_files_get_search_count_request_build_and_submit,supported
0x3f5fb0,267,webapi_bnet_files_get_search_request_build_and_submit,supported
0x3f60bc,516,webapi_bnet_files_get_reccomendation_request_build_and_submit,supported
0x3f62c0,532,webapi_bnet_files_reccomend_request_build_and_submit,supported
0x3f673c,214,webapi_bnet_files_get_predefined_count_request_build_and_submit,supported
0x3f6814,348,webapi_bnet_files_get_predefined_query_request_build_and_submit,supported
0x3f6970,264,webapi_bnet_files_get_details_request_build_and_submit,supported
0x3f6b94,260,webapi_bnet_files_tag_item_request_build_and_submit,supported
0x407ee8,126,life_cycle_state_none_enter,inferred
0x408068,408,life_cycle_state_pre_game_progress,inferred
0x408200,197,life_cycle_state_pre_game_enter,inferred
0x4082c8,89,life_cycle_state_pre_game_exit,inferred
0x409b8c,108,life_cycle_state_start_game_progress,inferred
0x409bf8,191,life_cycle_state_start_game_enter,inferred
0x40a648,135,life_cycle_state_in_game_progress,inferred
0x40a6d0,143,life_cycle_state_in_game_enter,inferred
0x40a760,188,life_cycle_state_in_game_exit,inferred
0x40a81c,3242,build_validate_and_submit_local_options,supported
0x40bc70,180,life_cycle_state_between_game_progress,inferred
0x40bd24,137,life_cycle_state_between_game_enter,inferred
0x40bdb0,47,life_cycle_state_between_game_exit,inferred
0x40c36c,109,life_cycle_state_end_game_write_stats_progress,inferred
0x40c3dc,147,life_cycle_state_end_game_write_stats_enter,inferred
0x40c7b8,77,life_cycle_state_joining_progress,inferred
0x40c808,214,life_cycle_state_joining_enter,inferred
0x40ce44,190,life_cycle_state_matchmaking_start_progress,inferred
0x40cf04,306,life_cycle_state_matchmaking_start_enter,inferred
0x40d038,35,life_cycle_state_matchmaking_start_exit,inferred
0x40da3c,270,life_cycle_state_matchmaking_recycle_progress,inferred
0x40db4c,666,life_cycle_state_matchmaking_recycle_enter,inferred
0x40dde8,62,life_cycle_state_matchmaking_recycle_exit,inferred
0x40e8ec,262,life_cycle_state_matchmaking_find_and_assemble_team_progress,inferred
0x40e9f4,84,life_cycle_state_matchmaking_find_and_assemble_team_enter,inferred
0x40ea48,171,life_cycle_state_matchmaking_find_and_assemble_team_exit,inferred
0x40f194,217,life_cycle_state_matchmaking_assemble_team_progress,inferred
0x40f270,147,life_cycle_state_matchmaking_assemble_team_enter,inferred
0x40f304,191,life_cycle_state_matchmaking_assemble_team_exit,inferred
0x40f8f0,259,life_cycle_state_matchmaking_find_and_assemble_match_progress,inferred
0x40f9f4,79,life_cycle_state_matchmaking_find_and_assemble_match_enter,inferred
0x40fa44,171,life_cycle_state_matchmaking_find_and_assemble_match_exit,inferred
0x40ff30,218,life_cycle_state_matchmaking_assemble_match_progress,inferred
0x41000c,169,life_cycle_state_matchmaking_assemble_match_enter,inferred
0x4100b8,191,life_cycle_state_matchmaking_assemble_match_exit,inferred
0x410f40,199,life_cycle_state_matchmaking_select_host_progress,inferred
0x411008,79,life_cycle_state_matchmaking_select_host_enter,inferred
0x411058,91,life_cycle_state_matchmaking_select_host_exit,inferred
0x411554,205,life_cycle_state_matchmaking_arbitration_progress,inferred
0x411624,146,life_cycle_state_matchmaking_arbitration_enter,inferred
0x4116b8,125,life_cycle_state_matchmaking_arbitration_exit,inferred
0x412a10,199,life_cycle_state_matchmaking_prepare_map_progress,inferred
0x412ad8,204,life_cycle_state_matchmaking_prepare_map_enter,inferred
0x412ba4,145,life_cycle_state_matchmaking_prepare_map_exit,inferred
0x4149bc,98,life_cycle_state_in_match_progress,inferred
0x414a20,384,life_cycle_state_in_match_enter,inferred
0x414ba0,135,life_cycle_state_in_match_exit,inferred
0x415070,110,life_cycle_state_end_match_write_stats_progress,inferred
0x4150e0,119,life_cycle_state_end_match_write_stats_enter,inferred
0x415534,108,life_cycle_state_end_match_prepare_rematch_progress,inferred
0x4155a0,58,life_cycle_state_end_match_prepare_rematch_enter,inferred
0x4155dc,47,life_cycle_state_end_match_prepare_rematch_exit,inferred
0x416380,155,life_cycle_state_post_match_progress,inferred
0x41641c,78,life_cycle_state_post_match_enter,inferred
0x41646c,132,life_cycle_state_post_match_exit,inferred
0x41ab64,173,weapon_fire_event_pack_aim_target,inferred
0x41aca8,272,unit_collect_selected_weapon_conditions,inferred
0x420510,342,simulation_event_queue_record_encode,inferred
0x420668,111,simulation_event_queue_record_decode,inferred
0x420a90,283,simulation_event_queue_allocate_record,inferred
0x420ce4,385,simulation_event_queue_encode_into_update,inferred
0x420fc8,,simulation_event_queue_record_if_id_matches,inferred
0x42f07c,869,webapi_bnet_arena_update_game_results_request_build_and_submit,supported
0x42ff98,345,webapi_bnet_arena_get_season_stats_request_build_and_submit,supported
0x431098,495,webapi_presence_query_request_build_and_submit,supported
0x43241c,1571,webapi_presence_heartbeat_request_build_and_submit,supported
0x434754,,weapon_entity_vtable_slot_returns_0x1a,inferred
0x43475c,,action_weapon_fire_event_get_name,supported
0x43476c,,weapon_reload_event_get_name,supported
0x434774,,weapon_pickup_event_get_name,supported
0x434784,,weapon_put_away_event_get_name,supported
0x43478c,,weapon_drop_event_get_name,supported
0x434794,,weapon_effect_event_get_name,supported
0x43479c,,weapon_empty_click_event_get_name,supported
0x4347a4,,weapon_trade_event_get_name,supported
0x4347ac,,weapon_tether_request_event_get_name,supported
0x4347b4,,weapon_entity_get_name,supported
0x4347bc,,weapon_entity_get_state_size,supported
0x4347d0,121,weapon_entity_build_creation_data_from_object,inferred
0x43484c,114,weapon_entity_build_state_from_object,inferred
0x4348c0,362,weapon_entity_compute_changed_state_mask,inferred
0x434a2c,33,weapon_entity_resolve_references_after_decode,inferred
0x434c1c,38,simulation_object_entity_creation_reference_valid,inferred
0x434c44,76,weapon_entity_describe_creation_relevance,supported
0x434c90,148,weapon_entity_encode_creation_data,inferred
0x434d24,161,weapon_entity_decode_creation_data,inferred
0x434dc8,,simulation_object_entity_bump_reference_salt,inferred
0x434ee8,574,weapon_entity_encode_state_update,inferred
0x435128,334,weapon_entity_decode_state_update,inferred
0x435f48,48,action_weapon_fire_event_describe_relevance_debug_also_in_other_vtables,supported
0x436864,,action_weapon_fire_event_apply_on_receive_also_in_other_vtables,inferred
0x436874,857,action_weapon_fire_event_calculate_relevance,inferred
0x436d70,1814,action_weapon_fire_event_encode_payload,inferred
0x437488,1081,action_weapon_fire_event_decode_payload,inferred
0x4378c4,48,weapon_reload_event_describe_relevance_debug,supported
0x4378f4,245,weapon_reload_event_encode_payload,inferred
0x4379ec,72,weapon_reload_event_decode_payload,inferred
0x437b6c,1094,weapon_reload_event_apply_on_receive,inferred
0x437fb4,48,weapon_drop_event_describe_relevance_debug,supported
0x437fe4,178,simulation_event_encode_payload_shared_by_weapon_drop_weapon_put_away,inferred
0x438098,119,simulation_event_decode_payload_shared_by_weapon_drop_weapon_put_away,inferred
0x438110,220,weapon_drop_event_apply_on_receive,inferred
0x4381ec,48,weapon_put_away_event_describe_relevance_debug,supported
0x43821c,220,weapon_put_away_event_apply_on_receive,inferred
0x4382f8,48,weapon_pickup_event_describe_relevance_debug,supported
0x438328,186,weapon_pickup_event_encode_payload,inferred
0x4383e4,177,weapon_pickup_event_decode_payload,inferred
0x438810,,simulation_event_calculate_relevance_shared_by_breakable_surface_damage_aoe_weapon_effect,inferred
0x438820,48,simulation_event_describe_relevance_debug_shared_by_weapon_effect_weapon_empty_click,inferred
0x438850,96,weapon_effect_event_encode_payload,inferred
0x4388b0,87,weapon_effect_event_decode_payload,inferred
0x438908,169,weapon_empty_click_event_encode_payload,inferred
0x4389b4,102,weapon_empty_click_event_decode_payload,inferred
0x438a1c,222,weapon_empty_click_event_apply_on_receive,inferred
0x438afc,48,weapon_trade_event_describe_relevance_debug,supported
0x438b2c,308,weapon_trade_event_apply_on_receive,inferred
0x438c60,48,weapon_tether_request_event_describe_relevance_debug,supported
0x438c90,98,weapon_tether_request_event_encode_payload,inferred
0x438cf4,86,weapon_tether_request_event_decode_payload,inferred
0x438d4c,189,weapon_tether_request_event_apply_on_receive,inferred
0x438f10,,simulation_quantize_unit_float_to_6bit,inferred
0x438f5c,288,vector3d_quantize_cube_face_30bit,inferred
0x43907c,,item_entity_get_name,supported
0x439084,,item_entity_get_state_size,supported
0x439098,,simulation_object_entity_build_common_creation_data,inferred
0x4390b4,120,item_entity_build_state_from_object,inferred
0x43912c,536,item_entity_compute_changed_state_mask,inferred
0x439344,25,simulation_object_entity_resolve_creation_references,inferred
0x4396a4,,item_entity_destroy_cleanup,inferred
0x4396fc,76,item_entity_describe_creation_relevance,supported
0x439748,,simulation_object_entity_encode_creation_data_generic,inferred
0x439758,47,simulation_object_entity_decode_creation_data_generic,inferred
0x4398d0,,item_entity_encode_state_update,inferred
0x4398d8,,item_entity_decode_state_update,inferred
0x43c9e4,269,initialize_replication_registry_and_reference_ranges,inferred
0x43caf4,344,allocate_replication_registry_entity,inferred
0x43cc4c,381,world_entity_slot_release_by_index,inferred
0x43cfb8,359,find_replication_registry_slot,inferred
0x454e98,,sandbox_engine_globals_entity_get_name,supported
0x454ea0,,sandbox_engine_globals_entity_get_state_size,inferred
0x454eb4,370,sandbox_engine_globals_entity_describe_update_relevance,supported
0x4550cc,828,sandbox_engine_globals_entity_encode_state_update,inferred
0x455408,302,sandbox_engine_globals_entity_decode_state_update,inferred
0x455538,,custom_engine_globals_entity_get_name,supported
0x455540,,custom_engine_globals_entity_get_state_size,inferred
0x455548,,constant_getter_455548_returns_0x12_used_by_3_vtable_slots,supported
0x455ad4,,survival_engine_globals_entity_get_name,supported
0x455adc,,survival_engine_globals_entity_get_state_size,inferred
0x455af0,979,survival_engine_globals_entity_encode_state_update,inferred
0x455ec4,429,survival_engine_globals_entity_decode_state_update,inferred
0x45608c,,player_purchase_request_event_get_name,supported
0x4560b0,,player_money_grant_event_get_name,supported
0x4560c0,,player_loadout_request_event_get_name,supported
0x4560c8,,constant_getter_4560c8_returns_0xD_used_by_2_vtable_slots,supported
0x4560d0,,player_account_balance_notification_event_get_name,supported
0x4560e0,,player_set_respawn_target_transform_event_get_name,supported
0x4560f0,,player_set_orbiting_camera_target_event_get_name,supported
0x456100,,player_call_for_help_request_event_get_name,supported
0x456110,,player_force_base_respawn_event_get_name,supported
0x456118,,authority_ignored_predicted_position_event_get_name,supported
0x456128,,insert_saved_film_marker_event_get_name,supported
0x456130,,game_engine_player_entity_get_name,supported
0x456138,,game_engine_player_entity_get_state_size,inferred
0x4561dc,76,game_engine_player_entity_describe_creation_relevance,supported
0x456228,94,game_engine_player_entity_describe_update_relevance,supported
0x4562a4,,game_engine_player_entity_encode_creation_data,inferred
0x4562e4,38,game_engine_player_entity_decode_creation_data,inferred
0x457fa4,48,simulation_event_describe_relevance_debug_shared_by_player_money_grant_player_purchase_request,inferred
0x457fd4,166,player_purchase_request_event_encode_payload,inferred
0x45807c,95,player_purchase_request_event_decode_payload,inferred
0x4580dc,95,player_purchase_request_event_apply_on_receive,inferred
0x45813c,48,player_loadout_request_event_describe_relevance_debug,supported
0x45816c,144,player_loadout_request_event_encode_payload,inferred
0x4581fc,60,player_loadout_request_event_decode_payload,inferred
0x458238,115,player_loadout_request_event_apply_on_receive,inferred
0x4582ac,144,player_money_grant_event_encode_payload,inferred
0x45833c,60,player_money_grant_event_decode_payload,inferred
0x458378,48,simulation_event_describe_relevance_debug_shared_by_player_account_balance_notification_player_set_orbiting_camera_target_player_set_respawn_target_transform,inferred
0x4583a8,,simulation_event_calculate_relevance_shared_by_player_account_balance_notification_player_set_orbiting_camera_target_player_set_respawn_target_transform,inferred
0x4583dc,150,player_account_balance_notification_event_encode_payload,inferred
0x458474,74,player_account_balance_notification_event_decode_payload,inferred
0x4584c0,95,player_account_balance_notification_event_apply_on_receive,inferred
0x458520,124,player_set_respawn_target_transform_event_encode_payload,inferred
0x45859c,101,player_set_respawn_target_transform_event_decode_payload,inferred
0x458604,,player_set_respawn_target_transform_event_apply_on_receive,inferred
0x45869c,153,player_set_orbiting_camera_target_event_encode_payload,inferred
0x458738,88,player_set_orbiting_camera_target_event_decode_payload,inferred
0x458790,150,player_set_orbiting_camera_target_event_apply_on_receive,inferred
0x458828,48,player_call_for_help_request_event_describe_relevance_debug,supported
0x45886c,,simulation_event_encode_payload_shared_by_player_call_for_help_request_player_force_base_respawn,inferred
0x458878,62,simulation_event_decode_payload_shared_by_player_call_for_help_request_player_force_base_respawn,inferred
0x4588d4,48,player_force_base_respawn_event_describe_relevance_debug,supported
0x458904,,player_force_base_respawn_event_calculate_relevance,inferred
0x458938,183,player_force_base_respawn_event_apply_on_receive,inferred
0x4589f0,,authority_ignored_predicted_position_event_describe_relevance_debug,supported
0x458a08,79,authority_ignored_predicted_position_event_apply_on_receive,inferred
0x458a58,,insert_saved_film_marker_event_describe_relevance_debug,supported
0x458a70,97,insert_saved_film_marker_event_encode_payload,inferred
0x458ad4,111,insert_saved_film_marker_event_decode_payload,inferred
0x458b44,97,insert_saved_film_marker_event_apply_on_receive,inferred
0x458c44,,game_engine_megalo_team_entity_get_name,supported
0x458c9c,76,game_engine_megalo_team_entity_describe_creation_relevance,supported
0x458ce8,94,game_engine_megalo_team_entity_describe_update_relevance,supported
0x458d9c,,game_engine_megalo_team_entity_encode_creation_data,inferred
0x458de0,37,game_engine_megalo_team_entity_decode_creation_data,inferred
0x459438,,game_engine_statborg_entity_get_name,supported
0x4594d8,76,game_engine_statborg_entity_describe_creation_relevance,supported
0x459524,94,game_engine_statborg_entity_describe_update_relevance,supported
0x45959c,,game_engine_statborg_entity_encode_creation_data,inferred
0x4595dc,36,game_engine_statborg_entity_decode_creation_data,inferred
0x459880,775,game_engine_statborg_entity_encode_state_update,inferred
0x459b88,167,game_engine_statborg_entity_decode_state_update,inferred
0x459c6c,,breakable_surface_break_event_get_name,supported
0x459c74,,breakable_surface_damage_aoe_event_get_name,supported
0x459c7c,,breakable_surface_break_event_calculate_relevance,inferred
0x459c8c,,simulation_event_describe_relevance_debug_shared_by_breakable_surface_break_breakable_surface_damage_aoe,inferred
0x459ca4,248,breakable_surface_break_event_encode_payload,inferred
0x459d9c,155,breakable_surface_break_event_decode_payload,inferred
0x459e38,339,breakable_surface_break_event_apply_on_receive,inferred
0x459f8c,105,breakable_surface_damage_aoe_event_encode_payload,inferred
0x459ff8,115,breakable_surface_damage_aoe_event_decode_payload,inferred
0x45a06c,,breakable_surface_damage_aoe_event_apply_on_receive,inferred
0x45a080,,breakable_surface_group_entity_get_name,supported
0x45a0d4,76,breakable_surface_group_entity_describe_creation_relevance,supported
0x45a120,94,breakable_surface_group_entity_describe_update_relevance,supported
0x45a180,154,breakable_surface_group_entity_encode_creation_data,inferred
0x45a21c,84,breakable_surface_group_entity_decode_creation_data,inferred
0x45a270,230,breakable_surface_group_entity_encode_state_update,inferred
0x45a358,81,breakable_surface_group_entity_decode_state_update,inferred
0x45a874,,map_variant_entity_get_name,supported
0x45a87c,,map_variant_entity_get_state_size,inferred
0x45a890,,simulation_vtable_slot_returns_0x3f,inferred
0x45a904,93,simulation_local_datum_is_mapped_to_map_variant_entry,inferred
0x45a964,76,map_variant_entity_describe_creation_relevance,supported
0x45a9b0,94,map_variant_entity_describe_update_relevance,supported
0x45aa10,,encode_map_variant_chunk_owner,inferred
0x45aa54,34,decode_map_variant_chunk_owner,inferred
0x45ab84,228,capture_initial_group21_state,supported
0x45ac68,425,capture_changed_group21_and_replace_mask,supported
0x45ae14,139,lookup_gate_and_dispatch_group21_application,supported
0x45aea0,1990,map_variant_entity_encode_state_update,inferred
0x45b668,408,map_variant_entity_decode_state_update,inferred
0x45b800,,game_ai_entity_get_name,supported
0x45b808,,game_ai_entity_get_state_size,inferred
0x45b888,76,game_ai_entity_describe_creation_relevance,supported
0x45b8d4,94,game_ai_entity_describe_update_relevance,supported
0x45bbbc,2964,game_ai_entity_encode_state_update,inferred
0x45c750,500,game_ai_entity_decode_state_update,inferred
0x45cb38,,game_campaign_metagame_entity_get_name,supported
0x45cb40,,game_campaign_metagame_entity_get_state_size,inferred
0x45cbac,76,game_campaign_metagame_entity_describe_creation_relevance,supported
0x45db40,,debug_globals_entity_get_name,supported
0x45db48,,debug_globals_entity_get_state_size,inferred
0x45db88,76,debug_globals_entity_describe_creation_relevance,supported
0x45dbd4,94,debug_globals_entity_describe_update_relevance,supported
0x45dc34,2198,debug_globals_entity_encode_state_update,inferred
0x45e4cc,502,debug_globals_entity_decode_state_update,inferred
0x45ead8,,generic_entity_get_name,supported
0x45eae0,,simulation_object_entity_get_state_size_shared_generic_generic_garbage,supported
0x45eb54,74,simulation_object_entity_build_state_from_object_shared_generic_generic_garbage,inferred
0x45eba0,464,simulation_object_entity_compute_changed_state_mask_shared_generic_generic_garbage,inferred
0x45ed70,261,generic_entity_create_object_from_state,inferred
0x45ee78,514,simulation_object_entity_apply_state_to_object_shared_generic_generic_garbage,inferred
0x45f07c,76,simulation_object_entity_describe_creation_relevance_shared_generic_generic_garbage,supported
0x45f1d0,438,simulation_object_entity_encode_state_update_shared_generic_generic_garbage,inferred
0x45f388,360,simulation_object_entity_decode_state_update_shared_generic_generic_garbage,inferred
0x45f6b0,,generic_garbage_entity_get_name,supported
0x45f6b8,56,generic_garbage_entity_create_object_from_state,inferred
0x45f724,,vehicle_trick_event_get_name,supported
0x45f72c,,vehicle_trick_event_reference_kind_for_index,inferred
0x45f748,,vehicle_auto_turret_choose_target_event_get_name,supported
0x45f750,,vehicle_auto_turret_choose_target_event_reference_kind_for_index,inferred
0x45f76c,,vehicle_entity_get_name,supported
0x45f774,,vehicle_entity_get_state_size,supported
0x45f7f8,123,vehicle_entity_build_state_from_object,inferred
0x45f874,520,vehicle_entity_compute_changed_state_mask,inferred
0x45fa7c,221,vehicle_entity_create_object_from_state,inferred
0x45fb5c,561,vehicle_entity_apply_state_to_object,inferred
0x45fd90,76,vehicle_entity_describe_creation_relevance,supported
0x45ff24,1039,vehicle_entity_encode_state_update,inferred
0x460334,593,vehicle_entity_decode_state_update,inferred
0x460760,48,vehicle_trick_event_describe_relevance_debug,supported
0x460790,,vehicle_trick_event_encode_payload,inferred
0x4607cc,32,vehicle_trick_event_decode_payload,inferred
0x4607ec,46,vehicle_trick_event_apply_on_receive,inferred
0x46081c,48,vehicle_auto_turret_choose_target_event_describe_relevance_debug,supported
0x46084c,164,vehicle_auto_turret_choose_target_event_apply_on_receive,inferred
0x4608f0,,projectile_attached_event_get_name,supported
0x460914,,projectile_detonate_event_get_name,supported
0x46091c,,projectile_impact_effect_event_get_name,supported
0x460924,,projectile_object_impact_effect_event_get_name,supported
0x46092c,,projectile_supercombine_request_event_get_name,supported
0x46093c,,request_projectile_attach_event_get_name,supported
0x460944,,projectile_entity_get_name,supported
0x46094c,,projectile_entity_get_state_size,supported
0x460954,361,projectile_entity_build_creation_data_from_object,inferred
0x460ac0,86,projectile_entity_build_state_from_object,inferred
0x460b18,175,projectile_entity_compute_changed_state_mask,inferred
0x460bf4,667,projectile_entity_create_object_from_state,inferred
0x460eac,80,projectile_entity_apply_state_to_object,inferred
0x460efc,184,projectile_entity_destroy_cleanup,inferred
0x461010,76,projectile_entity_describe_creation_relevance,supported
0x46105c,437,projectile_entity_encode_creation_data,inferred
0x461214,362,projectile_entity_decode_creation_data,inferred
0x4614e0,354,projectile_entity_encode_state_update,inferred
0x461644,175,projectile_entity_decode_state_update,inferred
0x4616f4,48,projectile_attached_event_describe_relevance_debug,supported
0x461ae4,,projectile_attached_event_encode_payload,inferred
0x461af0,,projectile_attached_event_decode_payload,inferred
0x461b00,84,projectile_attached_event_apply_on_receive,inferred
0x461b54,89,projectile_detonate_event_calculate_relevance,inferred
0x461bb0,48,projectile_detonate_event_describe_relevance_debug,supported
0x461be0,383,projectile_detonate_event_encode_payload,inferred
0x461d60,267,projectile_detonate_event_decode_payload,inferred
0x461e6c,413,projectile_detonate_event_apply_on_receive,inferred
0x46200c,,projectile_impact_effect_event_calculate_relevance,inferred
0x46201c,48,projectile_impact_effect_event_describe_relevance_debug,supported
0x46204c,287,projectile_impact_effect_event_encode_payload,inferred
0x46216c,246,projectile_impact_effect_event_decode_payload,inferred
0x462264,232,projectile_impact_effect_event_apply_on_receive,inferred
0x462358,48,simulation_event_describe_relevance_debug_shared_by_projectile_object_impact_effect_projectile_supercombine_request,inferred
0x462660,,projectile_object_impact_effect_event_encode_payload,inferred
0x46266c,,projectile_object_impact_effect_event_decode_payload,inferred
0x462838,76,projectile_object_impact_effect_event_apply_on_receive,inferred
0x462884,,projectile_supercombine_request_event_encode_payload,inferred
0x462898,33,projectile_supercombine_request_event_decode_payload,inferred
0x4628bc,317,projectile_supercombine_request_event_apply_on_receive,inferred
0x462a04,48,request_projectile_attach_event_describe_relevance_debug,supported
0x462a34,49,request_projectile_attach_event_encode_payload,inferred
0x462a68,57,request_projectile_attach_event_decode_payload,inferred
0x462aa4,113,request_projectile_attach_event_apply_on_receive,inferred
0x462b48,,device_entity_get_name,supported
0x462b50,,device_entity_get_state_size,supported
0x462b64,95,device_entity_build_state_from_object,inferred
0x462bc4,774,device_entity_compute_changed_state_mask,inferred
0x462ecc,276,device_entity_create_object_from_state,inferred
0x462fe0,227,device_entity_apply_state_to_object,inferred
0x463470,76,device_entity_describe_creation_relevance,supported
0x463604,1513,device_entity_encode_state_update,inferred
0x463bf0,758,device_entity_decode_state_update,inferred
0x465204,29,simulation_entity_is_selected_context_datum,inferred
0x4652a8,165,simulation_entity_type_matches_selected_context,inferred
0x467154,,scripted_sound_trigger_event_get_name,supported
0x467164,,scripted_sound_naked_event_get_name,supported
0x467174,,scripted_sound_start_event_get_name,supported
0x467184,,scripted_sound_start_unattached_event_get_name,supported
0x46718c,,scripted_sound_stop_event_get_name,supported
0x4671ac,,scripted_looping_sound_stop_event_get_name,supported
0x4671b4,,scripted_looping_sound_set_scale_event_get_name,supported
0x4671bc,,scripted_looping_sound_set_alternate_event_get_name,supported
0x4671cc,,scripted_sound_impulse_unattached_event_get_name,supported
0x4671dc,,scripted_sound_impulse_unattached_object_event_get_name,supported
0x467200,,scripted_sound_impulse_attached_event_get_name,supported
0x467208,,scripted_sound_impulse_attached_from_marker_event_get_name,supported
0x467210,48,simulation_event_describe_relevance_debug_shared_by_scripted_looping_sound_set_alternate_scripted_sound_trigger,inferred
0x467240,151,scripted_sound_trigger_event_encode_payload,inferred
0x4672d8,110,scripted_sound_trigger_event_decode_payload,inferred
0x467348,74,scripted_sound_trigger_event_apply_on_receive,inferred
0x467394,48,scripted_sound_naked_event_describe_relevance_debug,supported
0x4673c4,67,scripted_sound_naked_event_encode_payload,inferred
0x467408,77,scripted_sound_naked_event_decode_payload,inferred
0x467458,48,scripted_sound_naked_event_apply_on_receive,inferred
0x467488,48,scripted_sound_start_event_describe_relevance_debug,supported
0x4674b8,249,scripted_sound_start_event_encode_payload,inferred
0x4675b4,168,scripted_sound_start_event_decode_payload,inferred
0x46765c,145,scripted_sound_start_event_apply_on_receive,inferred
0x4676f0,48,scripted_sound_start_unattached_event_describe_relevance_debug,supported
0x467720,276,scripted_sound_start_unattached_event_encode_payload,inferred
0x467834,304,scripted_sound_start_unattached_event_decode_payload,inferred
0x467964,115,scripted_sound_start_unattached_event_apply_on_receive,inferred
0x4679d8,48,scripted_sound_stop_event_describe_relevance_debug,supported
0x467a08,,scripted_sound_stop_event_encode_payload,inferred
0x467a1c,33,scripted_sound_stop_event_decode_payload,inferred
0x467a40,43,scripted_sound_stop_event_apply_on_receive,inferred
0x467c0c,48,scripted_looping_sound_stop_event_describe_relevance_debug,supported
0x467c3c,103,scripted_looping_sound_stop_event_encode_payload,inferred
0x467ca4,61,scripted_looping_sound_stop_event_decode_payload,inferred
0x467ce4,44,scripted_looping_sound_stop_event_apply_on_receive,inferred
0x467d10,48,scripted_looping_sound_set_scale_event_describe_relevance_debug,supported
0x467d40,92,scripted_looping_sound_set_scale_event_encode_payload,inferred
0x467d9c,94,scripted_looping_sound_set_scale_event_decode_payload,inferred
0x467dfc,46,scripted_looping_sound_set_scale_event_apply_on_receive,inferred
0x467e2c,97,scripted_looping_sound_set_alternate_event_encode_payload,inferred
0x467e90,56,scripted_looping_sound_set_alternate_event_decode_payload,inferred
0x467ec8,44,scripted_looping_sound_set_alternate_event_apply_on_receive,inferred
0x467f24,279,scripted_sound_impulse_unattached_event_encode_payload,inferred
0x46803c,256,scripted_sound_impulse_unattached_event_decode_payload,inferred
0x46813c,107,scripted_sound_impulse_unattached_event_apply_on_receive,inferred
0x4681a8,192,simulation_event_encode_payload_shared_by_scripted_sound_impulse_attached_from_marker_scripted_sound_impulse_unattached_object,inferred
0x468268,159,simulation_event_decode_payload_shared_by_scripted_sound_impulse_attached_from_marker_scripted_sound_impulse_unattached_object,inferred
0x468308,158,scripted_sound_impulse_unattached_object_event_apply_on_receive,inferred
0x4683a8,286,scripted_sound_impulse_attached_event_encode_payload,inferred
0x4684c8,223,scripted_sound_impulse_attached_event_decode_payload,inferred
0x4685a8,175,scripted_sound_impulse_attached_event_apply_on_receive,inferred
0x468658,158,scripted_sound_impulse_attached_from_marker_event_apply_on_receive,inferred
0x46a100,,object_messaging_queue_publish_state_pointer,inferred
0x46a120,,object_globals_publish_state_pointer,inferred
0x46a140,,object_render_globals_publish_state_pointer,inferred
0x46a1a4,,object_name_list_publish_state_pointer,inferred
0x46a1c4,,obj_render_data_publish_state_pointer,inferred
0x46a264,57,object_render_data_reset,supported
0x46a2a0,230,object_heap_rebase_payload_pointers,supported
0x46a878,,object_datum_set_body_offset,supported
0x46b618,294,object_type_dispatch_hook_0xa0,inferred
0x46c528,94,objects_free_deleted,supported
0x46c588,274,object_enter_world_create_physics,inferred
0x46c69c,262,object_leave_world_release_physics,inferred
0x46c990,422,object_set_transform_and_relink,inferred
0x46cc34,137,object_set_countdown_ticks_word_0xe8,inferred
0x46cd64,182,object_set_velocities_and_wake,inferred
0x46cf24,848,object_move_with_collision_and_notify,inferred
0x46d274,209,scenario_find_object_placement_by_identifier,inferred
0x46d348,920,object_new_apply_scenario_placement,inferred
0x46d6e0,4516,object_new,inferred
0x46e884,824,object_new_init_model_nodes_and_identifier,inferred
0x46ecd0,155,object_find_detachable_descendant,supported
0x46ed6c,161,object_delete_recursive_notify,supported
0x46ee10,672,object_free,supported
0x46f0b0,498,detach_object_slot_link_and_dispatch_teardown,supported
0x46f2a4,50,object_free_now,supported
0x46f2d8,906,object_refresh_world_and_physics_state,inferred
0x46f9c4,566,object_sim_state_update_chain,inferred
0x46fd48,114,object_sim_state_refresh,inferred
0x46fdbc,93,object_sim_state_flush_and_remove_record,inferred
0x470158,153,object_compose_transform_with_parent_a,inferred
0x4701f4,139,object_compose_transform_with_parent_b,inferred
0x470280,153,object_compose_transform_with_parent_c,inferred
0x470728,622,object_build_marker_attachment_transform,inferred
0x470998,200,object_attach_to_marker,supported
0x470a60,392,object_attach_to_marker_impl,supported
0x470d24,316,object_set_orientation_from_axes_and_relink,inferred
0x470e60,186,object_attach_simple,supported
0x470f1c,838,object_link_child,supported
0x471264,214,object_unlink_from_parent,supported
0x47133c,160,object_detach,supported
0x4713dc,539,object_detach_default,supported
0x4715f8,228,object_set_at_rest_state,inferred
0x471898,,object_header_or_payload_cull_flag_test,inferred
0x4718dc,,object_chain_is_deleted_or_flagged,inferred
0x471afc,306,object_get_interpolated_position,inferred
0x4726e4,212,object_apply_function_value_to_animation_state,inferred
0x4727b8,81,object_reset_animation_and_mark_chain_ready,inferred
0x472bb4,105,object_model_variant_index_from_name,inferred
0x472c20,71,object_set_model_variant_index_byte,inferred
0x472c68,600,object_new_apply_model_variant,inferred
0x472f80,168,object_model_select_variant_graph_state,inferred
0x473264,311,object_apply_model_region_damage_state,inferred
0x4739cc,76,object_get_payload_by_type_mask,supported
0x473a18,,object_get_payload_by_type_mask_inline,supported
0x473a78,157,object_iterator_next,supported
0x473dc0,,object_get_root_parent,supported
0x473ed0,270,objects_collect_in_bounds,inferred
0x4745a0,278,object_delete_notify_type_hooks,inferred
0x4746b8,,object_set_expiration_time_offset,inferred
0x474708,350,object_set_garbage_selector,supported
0x474df4,,object_store_creation_vec3_at_0xf0,inferred
0x474e7c,,object_store_damage_effect_handle,inferred
0x474edc,261,object_snap_start_position_with_collision,inferred
0x474fe4,,object_name_unbind,supported
0x475128,107,object_payload_free_and_datum_delete,supported
0x476e50,202,object_pose_init_recursive,inferred
0x479d08,1056,object_new_init_node_matrices,inferred
0x47a1e8,861,object_type_hook_post_new_create_attached_children,inferred
0x47aae8,764,object_new_init_region_state_table,inferred
0x47b210,181,object_clear_marker_attachment_flags,inferred
0x47b2c8,465,object_sim_state_refresh_recursive,inferred
0x47b76c,84,object_garbage_collect_tick,supported
0x47b7c0,136,object_get_variant_color_entry,inferred
0x47bc08,,object_identifier_equal,supported
0x47c084,128,object_set_node_matrices_frozen,inferred
0x47c104,201,object_update_node_matrices_from_model,inferred
0x47c1d0,413,object_compute_node_matrices,inferred
0x47c4c0,,object_handle_differs_from,inferred
0x47c774,,object_scenario_slot_unbind,supported
0x47c7ec,,object_type_hook_prepare_init_scale_from_definition,inferred
0x47c96c,,object_ring_link_reset,inferred
0x47cb28,187,object_iterator_next_masked,supported
0x47cdec,,object_release_game_state_block,inferred
0x47ce9c,,object_render_globals_release_game_state_block,inferred
0x47cffc,,object_messaging_queue_release_game_state_block,inferred
0x47d6e0,,mover_state_match_0x22,inferred
0x47d900,1754,unit_type_hook_new,inferred
0x47dfdc,112,unit_type_hook_post_new,inferred
0x47e2e0,88,unit_type_hook_dispose,inferred
0x47e338,102,unit_can_pick_up_item_wrapper,inferred
0x47e3a0,1425,unit_pickup_reachability_collision_tests,inferred
0x47e934,,unit_current_seat_flag_bit4_test,inferred
0x47ed54,854,unit_find_exit_position_and_place,inferred
0x4812cc,72,object_set_update_flag_bit,inferred
0x48375c,,unit_get_last_linked_object,inferred
0x483804,524,unit_choose_vehicle_entry_animation_state,inferred
0x483a10,606,unit_choose_vehicle_exit_animation_state,inferred
0x484f24,891,weapon_compute_muzzle_origin_and_aim,inferred
0x485838,368,unit_get_next_zoom_level,inferred
0x485c8c,1538,unit_find_best_enterable_vehicle_seat,inferred
0x486300,,unit_get_current_seat_definition,supported
0x4863a8,472,vehicle_seat_entry_range_and_angle_test,inferred
0x48668c,1097,unit_can_enter_vehicle_seat,inferred
0x486ad8,579,unit_damage_reaction_compute_scale,inferred
0x486d1c,310,unit_damage_reaction_parameters_build,inferred
0x486e54,348,unit_apply_weapon_event_to_slot_actions,inferred
0x486fb0,995,unit_start_damage_reaction_animation,inferred
0x487394,5054,unit_damage_update_vitality_and_death_handling,inferred
0x489aac,1317,unit_die,supported
0x48b01c,165,unit_clear_weapon_aim_records_along_link_chain,inferred
0x48b58c,137,unit_find_next_grenade_type,inferred
0x48c3f8,,vehicle_seat_flag_bit_test,supported
0x48c48c,,vehicle_seat_role_test,supported
0x48c574,931,unit_post_new_assign_link_chain,inferred
0x48d230,167,unit_release_equipment_and_grenade_links,inferred
0x48d570,,scenario_get_starting_profile,inferred
0x48d7f0,600,unit_apply_starting_profile,supported
0x48da48,123,unit_release_all_inventory_slots,inferred
0x48dac4,154,unit_clear_weapon_slot_and_request_switch,inferred
0x48db60,47,unit_clear_all_weapon_slots,inferred
0x48e2c0,,unit_find_inventory_slot_by_definition,inferred
0x48ec94,185,unit_action_weapon_pickup_select_animation_state,inferred
0x48ef98,98,unit_reset_seat_change_timer,inferred
0x48effc,256,unit_drop_weapon_item,inferred
0x48f1fc,923,unit_throw_dropped_item,inferred
0x48f84c,125,unit_mark_weapon_slot_update_bits,inferred
0x48f974,544,unit_spawn_dropped_grenades,inferred
0x48fb94,466,unit_type_hook_object_deleted_clear_references,inferred
0x490660,758,unit_melee_select_damage_effect_and_submit,inferred
0x4918ec,110,unit_melee_mark_attack_started,inferred
0x49195c,118,unit_set_player_timer_from_ticks,inferred
0x4919d4,2841,unit_melee_find_target_and_build_attack_data,inferred
0x4924f0,1151,unit_melee_apply_attack_to_target,inferred
0x493720,530,unit_apply_tag_effect_to_unit,inferred
0x493a0c,279,unit_has_active_equipment_effect,inferred
0x493bac,223,unit_component_iterator_begin,inferred
0x493c8c,552,unit_component_iterator_next,inferred
0x493eb4,297,unit_attach_inventory_item_to_marker,inferred
0x493fe0,146,unit_set_aim_and_look_vectors,inferred
0x494640,103,unit_grenade_set_throw_timer_or_flag,inferred
0x4949ec,139,unit_get_variant_record_by_index_0x4a8,inferred
0x494b6c,147,weapon_decay_pending_counter_timer,inferred
0x4951d4,,vehicle_set_seat_blend_value,inferred
0x495230,496,damage_fill_death_report_names,inferred
0x4956b8,116,unit_start_weapon_action_animation_by_code,inferred
0x49572c,427,object_collect_seats_recursive,supported
0x495a40,181,weapon_get_clip_adjusted_count,inferred
0x495e08,,unit_get_player_handle_if_assigned,inferred
0x496434,,lights_globals_publish_pointer,inferred
0x496454,187,lights_create_for_structure_bsp_mask,inferred
0x496510,308,light_attachment_create,supported
0x4967ac,459,light_update,inferred
0x496978,800,light_create,supported
0x497070,107,light_delete_sibling_chain,inferred
0x4970dc,235,light_delete,inferred
0x497258,548,light_create_from_scenario_light_instance,inferred
0x4978dc,326,light_update_parent_and_flags,inferred
0x497a24,,light_lifetime_expired,inferred
0x497d4c,,light_get_parent_object,inferred
0x497d88,179,lights_delete_for_object,inferred
0x497e3c,723,light_update_marker_position_and_direction,inferred
0x498110,265,light_get_world_position,inferred
0x49821c,478,light_update_position_and_axes_pair,inferred
0x49854c,415,light_build_render_parameters,inferred
0x499118,229,vector3d_orthonormalize_against_forward,inferred
0x499260,897,light_update_world_transform,inferred
0x4995e4,130,light_clear_pending_effect_chain,inferred
0x499668,182,light_effect_refresh_or_start,inferred
0x499720,268,light_start_pending_effects_along_sibling_chain,inferred
0x49982c,543,light_update_position_color_and_region,inferred
0x499b8c,1079,light_update_orientation_from_definition,inferred
0x499fc4,372,light_compute_attenuation_factor,inferred
0x49a214,,lights_globals_release_game_state_block,inferred
0x49a2c4,,lights_release_game_state_block,inferred
0x49a738,575,ai_stimulus_check_for_target_unit,inferred
0x49a978,335,unit_set_damage_reaction_record,inferred
0x49ac18,239,unit_get_damage_reaction_duration,inferred
0x49ad08,1208,ai_stimulus_notify_on_damage,inferred
0x49b7d4,409,unit_find_damage_reaction_animation_entry,inferred
0x49bb84,,object_apply_definition_default_state,inferred
0x49bdf8,,object_placement_globals_publish_state_pointer,inferred
0x49bee8,212,object_placement_initialize_for_new_map,inferred
0x49bfbc,95,object_placement_initialize_for_new_zone_set,inferred
0x49c01c,628,object_placement_module_slot4_handler,inferred
0x49c2d0,376,object_placement_module_slot9_handler,inferred
0x49c7d0,228,object_definition_apply_game_options_set_override,inferred
0x49c8b4,778,object_placement_allowed_for_game_mode,inferred
0x49cc24,404,object_placement_data_initialize,inferred
0x49d490,,datum_iterate_helper_0x49d490,inferred
0x49d5a0,348,object_variant_name_lookup_entry,inferred
0x49db14,,object_definition_get_damage_field_e0,inferred
0x49db5c,,object_definition_get_damage_field_ec,inferred
0x49dba4,,object_definition_get_damage_field_f8,inferred
0x49e8ac,111,object_definition_get_damage_element_at_fc,inferred
0x49e91c,,object_definition_find_first_damage_info_with_link,inferred
0x49e980,203,damage_new,inferred
0x49ea74,335,object_init_vitality_from_model_damage_info,supported
0x49ec88,190,object_damage_section_state_bit_get,inferred
0x49ef94,318,vehicle_reset_after_biped_exit,inferred
0x49f210,60,unit_action_start_by_id,inferred
0x49f908,203,weapon_apply_event_to_unit_animation,inferred
0x49f9d4,439,object_group_b73120_type_hook_new,inferred
0x49fb8c,112,object_group_b73120_type_hook_dispose,inferred
0x49fbfc,175,object_group_b73120_type_hook_object_deleted,inferred
0x49fcac,112,unit_mover_program_call_slot_0x50,supported
0x49fd1c,112,object_group_b73120_type_hook_slot_0x110,inferred
0x4a0704,,unit_get_biped_locomotion_state,supported
0x4a0744,,unit_is_in_vehicle_entry_animation_state,inferred
0x4a07d0,,unit_is_in_vehicle_exit_animation_state,inferred
0x4a085c,,mover_state_match_0x24,inferred
0x4a0868,,mover_state_match_0x8,inferred
0x4a0b28,323,unit_new_initialize,inferred
0x4a0c6c,,object_hook_release_tracked_positions,inferred
0x4a0c74,,biped_type_hook_object_deleted,inferred
0x4a15b8,352,unit_request_exit_immediate_on_vehicle_timeout,inferred
0x4a2970,817,unit_reset_runtime_state,inferred
0x4a3bb4,135,unit_place_near_vehicle_exit_scaled,inferred
0x4a46f0,264,unit_sanitize_orientation_vectors,inferred
0x4a47f8,574,unit_place_after_vehicle_exit,inferred
0x4a4a38,300,unit_place_after_vehicle_exit_dispatch,inferred
0x4a5484,,biped_get_gravity_scale,inferred
0x4a58e0,,biped_get_turn_rate,inferred
0x4a5a18,283,biped_ragdoll_check_and_fix_penetration,inferred
0x4a5b34,311,biped_ragdoll_fix_bone_penetration,inferred
0x4a5c6c,1282,biped_ragdoll_resolve_bone_collision,inferred
0x4a6170,435,biped_ragdoll_resolve_connected_bones,inferred
0x4a6450,596,biped_enter_death_state,inferred
0x4a6be4,454,unit_notice_object_for_ai_actor,inferred
0x4a6e64,716,vehicle_apply_unit_boarding_impulse,inferred
0x4a7678,,unit_get_block_at_0xa6c_helper,inferred
0x4a76b8,,unit_locomotion_state_set_1,inferred
0x4a76f8,104,unit_locomotion_state_set_dead,inferred
0x4a7760,,unit_locomotion_state_reset,inferred
0x4a8b28,1211,vector3d_rotate_toward_within_two_angle_limits,inferred
0x4aa4d0,472,unit_compute_velocity_from_motion_history,inferred
0x4ab7dc,106,unit_animation_context_init_extended_slot_links,inferred
0x4ac238,129,unit_action_vtable_call_slot_0x18,inferred
0x4ac4c0,163,unit_action_slots_stop_all,inferred
0x4ac938,111,unit_mover_program_call_slot_0x48,supported
0x4ac9f8,1477,vehicle_control_block_initialize,inferred
0x4acfc0,158,vehicle_get_type3_param_scale,inferred
0x4ad060,644,vehicle_scale_value_by_type_parameters,inferred
0x4ad958,363,vehicle_dispatch_control_update_by_type,inferred
0x4adda0,84,vehicle_object_flag_0x8000_test_for_type_1,inferred
0x4addf4,80,vehicle_type3_flag_0xee_get,inferred
0x4adf7c,289,vehicle_type_hook_slot_0x138_init_components,inferred
0x4ae0a0,376,vehicle_type_hook_new,inferred
0x4ae218,,object_get_vehicle_type,supported
0x4ae24c,993,vehicle_type_hook_update,inferred
0x4ae630,100,vehicle_type_hook_object_deleted,inferred
0x4ae7b8,152,vehicle_type_hook_slot_0x160_component_query,inferred
0x4aed10,92,object_up_vector_within_slope_limit,inferred
0x4af714,88,vehicle_is_in_animated_trick_state,inferred
0x4af76c,,vehicle_get_current_trick_definition,supported
0x4afc98,,object_early_movers_publish_state_pointer,inferred
0x4afcb8,155,object_early_movers_initialize,supported
0x4afd54,,object_early_movers_dispose,inferred
0x4afd74,63,object_early_movers_initialize_for_new_map,inferred
0x4afdb4,,object_early_movers_dispose_from_old_map,inferred
0x4afdd8,438,object_free_release_tracked_references,inferred
0x4b0674,1407,object_attach_and_update_marker_transform,inferred
0x4b1048,,object_function_helper_0x4b1048,inferred
0x4b10f4,275,object_new_register_with_tracker,inferred
0x4b1f60,,object_early_movers_release_game_state_block,inferred
0x4b20dc,885,megalo_object_ext_init_from_definition_and_placement,inferred
0x4b2454,113,unit_get_aim_origin_x,inferred
0x4b24c8,266,unit_get_aim_origin_and_vectors,inferred
0x4b2cdc,165,forge_object_apply_team_or_attach_color,supported
0x4b6318,242,weapon_fire_pending_triggers,inferred
0x4b657c,606,weapon_type_hook_new,inferred
0x4b67dc,140,weapon_type_hook_dispose,inferred
0x4b6868,299,weapon_notify_owner_slot_event_and_submit,inferred
0x4b6994,1097,weapon_update_reload_completion,inferred
0x4b6ffc,176,weapon_trigger_blocked_by_selected_subrecord,inferred
0x4b70ac,3741,weapon_update_magazine_states,inferred
0x4b7f4c,2091,weapon_update_trigger_states,inferred
0x4b9038,1305,weapon_update_heat_and_overheat,inferred
0x4ba708,471,weapon_update_trigger_effect_locations_from_object,inferred
0x4ba8e0,1365,unit_pickup_weapon_execute,inferred
0x4bae38,484,weapon_start_ready_state,inferred
0x4bb01c,423,weapon_reset_triggers_and_magazines,inferred
0x4bbeac,,weapon_has_attached_owner_unit_with_selected_slot,inferred
0x4bc5c8,,weapon_has_zoom_levels,supported
0x4bc9d8,41,weapon_record_has_secondary_target,inferred
0x4bca04,,weapon_first_magazine_definition_type_is_7,inferred
0x4bcb44,,weapon_ready_countdown_in_window_5_to_10,inferred
0x4bd0cc,273,weapon_request_replication_update_pair,inferred
0x4bd1e0,176,weapon_set_ammo_counts,inferred
0x4bd3e4,,weapon_definition_get_trigger_field_0x40_or_default,inferred
0x4bd484,269,weapon_marker_group_centroid,inferred
0x4bd594,92,weapon_owner_has_pending_swap_state,inferred
0x4bd5f0,111,weapon_is_busy_for_swap,inferred
0x4bd7b8,,weapon_definition_has_flag_0x101,inferred
0x4bd8c8,,weapon_can_vent_heat,inferred
0x4bd9f4,530,weapon_get_selection_state_for_owner,inferred
0x4bdd50,166,weapon_reset_state_on_stow,inferred
0x4be038,125,weapon_get_effect_owner_object,inferred
0x4be108,140,weapon_get_slot_index_in_owner,inferred
0x4be194,488,weapon_get_controlling_unit_or_seat_root,inferred
0x4be66c,341,weapon_trigger_get_fire_interval_ticks_scaled,inferred
0x4becbc,444,weapon_trigger_try_enter_firing_on_reserves,inferred
0x4bff08,270,weapon_trigger_set_fire_requested,inferred
0x4c0018,,weapon_trigger_clear_flag_0x40,inferred
0x4c006c,465,weapon_stop_firing_and_release_projectile,inferred
0x4c0240,199,weapon_request_held_projectile_detonation,inferred
0x4c0308,174,weapon_detach_held_projectile,inferred
0x4c0554,1605,weapon_trigger_update_fire_state,inferred
0x4c0b9c,437,weapon_trigger_can_afford_rounds,inferred
0x4c0d54,320,weapon_trigger_consume_rounds,inferred
0x4c0e94,220,weapon_trigger_record_shot_counters,inferred
0x4c13c4,387,weapon_trigger_add_heat_for_shot,inferred
0x4c1548,253,weapon_trigger_get_rate_of_fire_for_game_type,inferred
0x4c1648,379,weapon_trigger_apply_firing_effects_to_unit,inferred
0x4c17c4,289,weapon_start_effect_or_sound_from_tag,supported
0x4c18e8,230,weapon_magazine_clear_reload_state,inferred
0x4c1aa8,290,weapon_magazine_begin_reload,inferred
0x4c1bcc,263,weapon_trigger_finish_firing_state,inferred
0x4c1e30,420,weapon_trigger_compute_interval_ticks,inferred
0x4c1fd4,386,weapon_trigger_enter_firing_state,inferred
0x4c2158,173,weapon_trigger_enter_cooldown_state,inferred
0x4c2208,283,weapon_trigger_error_angle_lerp,inferred
0x4c2324,171,weapon_expire_play_effects_and_delete,inferred
0x4c2520,495,weapon_trigger_generate_shot_seed,inferred
0x4c2710,8723,weapon_trigger_fire_projectiles,inferred
0x4c4924,,weapon_trigger_get_charge_fraction,inferred
0x4c4fbc,176,weapon_trigger_reset_ramp_fraction,inferred
0x4c5750,694,weapon_start_animation_for_action,inferred
0x4c5a08,617,weapon_animation_event_callback,inferred
0x4c5c74,492,weapon_play_animation_with_event_callback,inferred
0x4c5e60,166,weapon_notify_fire_event_to_group,inferred
0x4c5f90,134,weapon_owner_unit_is_in_firing_posture,inferred
0x4c6184,442,weapon_can_attach_to_unit_holster,inferred
0x4c6340,124,unit_attach_weapon_item_to_marker_0x29,inferred
0x4c63bc,352,weapon_replace_with_pickup_variant,inferred
0x4c651c,226,weapon_get_owner_definition_hand_record,inferred
0x4c6c00,177,unit_get_action_slot_animation_channel,inferred
0x4c6cb4,42,unit_get_slot_animation_channel_for_pointer,inferred
0x4c6ce0,,unit_animation_get_state_key,inferred
0x4c6d34,,unit_animation_get_state_key_pair,inferred
0x4c6d9c,169,unit_animation_state_key_is_active,inferred
0x4c7290,122,unit_animation_state_query_has_result,inferred
0x4c7484,188,unit_animation_search_context_candidates,inferred
0x4c7540,100,unit_animation_try_state_key_default_contexts,inferred
0x4c75a4,177,unit_animation_try_state_key_with_fallback_0xae,inferred
0x4c7738,131,unit_action_slot_test_metadata_flags,inferred
0x4c7898,174,unit_action_slots_test_any,inferred
0x4c7bb0,194,unit_action_slots_stop_by_flag_mask,inferred
0x4c7c74,470,unit_action_slots_stop_mismatched,inferred
0x4c7e4c,275,unit_animation_request_build_and_start,inferred
0x4c7f60,64,unit_animation_request_start_default_keys,inferred
0x4c7fa0,375,unit_action_slots_stop_overridden,inferred
0x4c8118,,unit_action_slot_find_by_state_id,supported
0x4c8180,,unit_find_active_action_slot_by_action_id,inferred
0x4c81f8,,unit_action_slot_index_from_pointer,supported
0x4c8260,683,unit_reset_pose_after_vehicle_exit,inferred
0x4c8f18,1655,unit_enter_vehicle,supported
0x4c9590,267,unit_apply_seat_flags_to_object,inferred
0x4c969c,562,unit_begin_exit_vehicle,inferred
0x4c98d0,1257,unit_detach_from_vehicle,supported
0x4c9dbc,235,unit_exit_vehicle,inferred
0x4c9ea8,274,unit_animation_request_build_and_play,inferred
0x4c9fbc,904,unit_animation_request_play_in_channel,inferred
0x4ca344,626,unit_animation_request_play_with_custom_keys,inferred
0x4ca848,1537,mover_program_common_animation_update,inferred
0x4cae4c,98,unit_animation_request_build_with_default_contexts,inferred
0x4caeb0,459,unit_animation_request_build_and_fill,inferred
0x4cb07c,925,unit_animation_request_play_impl,inferred
0x4cb4c4,44,unit_animation_request_play_simple,inferred
0x4cb6bc,,animation_request_initialize_defaults,inferred
0x4cb6fc,,unit_get_exit_animation_state_variant,inferred
0x4cb7a0,403,unit_animation_state_initialize,inferred
0x4cb934,96,unit_animation_marker_progress,inferred
0x4cb994,121,unit_animation_marker_progress_checked,inferred
0x4cba10,,unit_animation_query_210c04,inferred
0x4cbad0,197,unit_animation_evaluate_state_start_pose,inferred
0x4cdaf4,145,unit_hook_0x120,inferred
0x4ce3a0,98,unit_raise_weapon_internal,inferred
0x4ce4f8,199,unit_animation_hold_state_allowed,inferred
0x4ce5c0,168,unit_animation_context_init_default_slot_links,inferred
0x4ce668,152,unit_set_emotion_internal,inferred
0x4ce700,183,unit_set_emotion_by_name_internal,inferred
0x4cfa98,,unit_animation_set_key_0x1f4,inferred
0x4cff54,310,unit_animation_candidate_key_list_build,inferred
0x4d008c,125,unit_animation_call_13f440,inferred
0x4d0178,326,unit_animation_candidate_key_list_build_wrapper,inferred
0x4d1948,99,unit_program_allows_airborne_enter,inferred
0x4d1a60,81,device_groups_initialize,supported
0x4d1ab4,80,device_type_dispose,inferred
0x4d1b04,151,device_type_initialize_for_new_map,inferred
0x4d1b9c,,device_type_dispose_from_old_map,inferred
0x4d1bc0,225,device_new,inferred
0x4d1ca4,244,device_placement_pre_reset,inferred
0x4d1d98,,device_dispose,inferred
0x4d1da0,1812,device_update,inferred
0x4d24b4,710,device_hook_0xa8,inferred
0x4d277c,289,device_hook_0x118,inferred
0x4d2a04,393,device_group_set_internal,inferred
0x4d2c04,,device_hook_0xa0,inferred
0x4d2c50,290,device_group_set_immediate_internal,inferred
0x4d2e10,202,device_group_change_only_once_more_set_internal,inferred
0x4d2edc,716,device_placement_post,inferred
0x4d3498,426,device_animate_overlay_internal,inferred
0x4d421c,270,device_set_overlay_track_internal,inferred
0x4d432c,141,device_animate_position_internal,inferred
0x4d477c,,game_state_block_device_groups_free,inferred
0x4d47a8,129,game_state_block_device_groups_allocate,inferred
0x4d482c,182,control_new,inferred
0x4d48e4,,control_placement_post,inferred
0x4d5444,251,unit_action_sync_container_callback,inferred
0x4d64f4,29,object_deleted_listener_unlink_ring_0x15c,inferred
0x4d658c,126,object_unlink_from_ring_0x15c,inferred
0x4d93b0,151,object_scripting_globals_initialize,supported
0x4d9604,368,object_set_cinematic_function_variable_internal,inferred
0x4d9774,,object_clear_all_cinematic_function_variables_internal,inferred
0x4d97e4,316,object_set_function_variable_internal,inferred
0x4d9920,205,object_set_shield_effect_internal,inferred
0x4d99f0,,object_get_parent_internal,inferred
0x4d9a28,271,object_at_marker_internal,inferred
0x4d9e0c,140,object_schedule_globals_initialize,supported
0x4da168,282,object_activation_region_helper_a,inferred
0x4da284,318,object_activation_region_helper_b,inferred
0x4da4fc,74,object_activation_regions_initialize,supported
0x4da7e0,,game_state_block_object_activation_regions_free,inferred
0x4da80c,129,game_state_block_object_activation_regions_allocate,inferred
0x4da8b0,138,airstrike_globals_initialize,supported
0x4daf64,105,airstrike_set_launches_internal,inferred
0x4db34c,277,big_battle_squads_initialize,supported
0x4dbcc8,274,object_new_init_attached_effect_slots,inferred
0x4dc068,,game_state_block_widget_free,inferred
0x4dc094,129,game_state_block_widget_allocate,inferred
0x4dc118,,mover_state_match_0x3,inferred
0x4dc144,143,damage_globals_object_deleted_listener,supported
0x4dc1d4,159,damage_globals_update_pending_entries,supported
0x4dc274,,damage_data_compute_damage_amount,inferred
0x4dc334,692,damage_data_compute_scale_for_target,inferred
0x4dc5e8,665,damage_apply_response_effects_to_object,inferred
0x4dc884,251,object_get_difficulty_damage_divisor,inferred
0x4dcb30,414,damage_apply_to_object_chain,inferred
0x4dcf10,2426,damage_apply_to_object,inferred
0x4dd88c,929,damage_finalize_and_notify_unit,inferred
0x4ddc30,636,damage_apply_section_modifiers,inferred
0x4ddeac,102,damage_data_add_damaged_pair,inferred
0x4ddf14,2565,damage_apply_vitality_and_shield_damage,inferred
0x4de91c,282,damage_section_apply_with_pair_registration,inferred
0x4debec,599,damage_section_commit_vitality_change,inferred
0x4dee44,582,damage_section_apply_or_defer_if_blocked,inferred
0x4df08c,165,damage_section_trigger_effects_dispatch,inferred
0x4df134,404,damage_section_apply_damage_and_commit,inferred
0x4df478,1115,damage_section_update_pending_state,inferred
0x4df8d4,464,object_update_vitality_recovery,inferred
0x4dfca4,259,object_dispatch_damage_hook_0xf8,inferred
0x4e0234,1201,damage_section_handle_threshold_effects_and_death,inferred
0x4e06e8,278,damage_resolve_object_regions_secondary,inferred
0x4e0800,193,damage_response_play_both_effects,inferred
0x4e08c4,3634,damage_section_apply_response,inferred
0x4e1c80,289,damage_section_destroyed_effect,inferred
0x4e2934,301,damage_section_get_recharge_ticks,inferred
0x4e2a64,306,damage_section_set_recovery_timer,inferred
0x4e2b98,137,skull_enable_internal,inferred
0x4e2c24,688,damage_resolve_unit_hit_animation,inferred
0x4e2ed4,1496,damage_notify_unit_on_death_or_hit,inferred
0x4e369c,251,damage_globals_enqueue_entry,inferred
0x4e3798,,object_has_damage_radius_values,inferred
0x4e3818,395,damage_compute_kill_modifiers,inferred
0x4e39a4,649,damage_globals_process_entry,inferred
0x4e3c30,502,damage_globals_queue_and_process,inferred
0x4e3e28,109,object_damage_apply_with_empty_damage_data,inferred
0x4e3e98,698,object_damage_apply_to_object,inferred
0x4e4154,117,object_damage_state_apply_if_current_entry,inferred
0x4e41cc,289,object_set_killed_state,supported
0x4e42f0,137,object_damage_initialize_active_sections,inferred
0x4e437c,863,damage_section_process_responses,inferred
0x4e4850,498,object_damage_trigger_model_damage_sections,inferred
0x4e4a44,460,unit_apply_weapon_damage_effect,inferred
0x4e4c10,469,damage_response_spawn_effect,inferred
0x4e559c,1673,damage_area_apply,inferred
0x4e5c28,116,damage_area_apply_to_object,inferred
0x4e60f4,2332,damage_area_compute_target_falloff_and_apply,inferred
0x4e6a10,699,damage_area_apply_to_object_secondary,inferred
0x4e73b4,,float_compare_descending_qsort,supported
0x4e73c0,1103,damage_area_line_of_sight_test,inferred
0x4e7810,,object_get_model_damage_info_or_null,inferred
0x4e78a0,,object_get_damage_section_by_index,inferred
0x4e7910,387,object_damage_sections_reset_to_full,inferred
0x4e7a94,226,object_damage_is_blocked,inferred
0x4e7b78,257,damage_section_get_effective_scale,inferred
0x4e7c7c,,damage_data_find_first_active_entry,inferred
0x4e7cd0,,damage_data_find_first_active_entry_index,inferred
0x4e7d30,124,damage_data_entry_is_first_pending,inferred
0x4e7dac,,damage_sim_authority_gate,inferred
0x4e7dd8,161,object_is_child_of_replicated_attachment_flag,inferred
0x4e7e7c,,object_is_unreplicated_root_without_parent,inferred
0x4e7ecc,333,object_enable_damage_section_internal,inferred
0x4e801c,606,object_damage_damage_section_internal,inferred
0x4e8f78,186,unit_update_orientation_from_input,inferred
0x4eac10,266,biped_compute_height_adjust,inferred
0x4ead1c,727,unit_fall_damage_check,inferred
0x4ec048,225,biped_apply_height_adjust,inferred
0x4ec314,557,mover_program_biped_climb_slot_0x50,inferred
0x4ec7d0,183,bitstream_write_variant_number_value,inferred
0x4ec888,293,bitstream_read_variant_number_value,inferred
0x4ec9b0,312,variant_number_value_equal,inferred
0x4ecae8,84,bitstream_write_quantized_float_0_200,inferred
0x4ecb3c,278,item_get_world_position_vector_pair,inferred
0x4ecc54,123,item_new,inferred
0x4eccd0,452,item_reset_to_upright_orientation,inferred
0x4ece94,825,item_update,inferred
0x4ed1d0,,item_hook_0x98,inferred
0x4ed1e0,,item_hook_0xc0,inferred
0x4ed1ec,,item_hook_0xc8,inferred
0x4ed1f8,,item_hook_0xd0,inferred
0x4ed8b4,,item_get_pickup_definition_or_global_default,inferred
0x4eda24,,item_update_held_by_player_flag,inferred
0x4eda98,112,item_enter_held_state,inferred
0x4edb08,163,item_attach_to_unit_marker_and_clear_slot,inferred
0x4edbac,81,item_enter_stowed_state,inferred
0x4edc00,213,item_enter_stowed_and_attach_to_marker,inferred
0x4edcd8,231,item_detach_and_attach_to_marker_set_flag,inferred
0x4eddc0,93,item_apply_velocity_if_unparented,inferred
0x4ede20,278,item_hook_0x148,inferred
0x4ee0bc,106,item_start_expiration_timer,inferred
0x4ee128,346,item_set_scale_for_holder,inferred
0x4ee284,,object_type_index_from_definition_group,inferred
0x4ee4a0,117,object_type_hook_prepare,supported
0x4ee518,284,object_type_hook_new,supported
0x4ee6e4,154,object_dispatch_placement_pre_reset_hook,inferred
0x4ee780,176,object_type_hook_post_new,supported
0x4ee830,224,object_type_hook_dispose,supported
0x4ee910,302,object_type_hook_update,supported
0x4eea40,223,object_dispatch_hook_0xa8,inferred
0x4eeb20,199,object_dispatch_hook_0x118,inferred
0x4eebe8,179,object_dispatch_hook_0x120,inferred
0x4eec9c,182,object_dispatch_hook_0x128,inferred
0x4eed54,182,object_dispatch_hook_0x130,inferred
0x4eee0c,190,object_dispatch_physics_create_hook_0x158,inferred
0x4eeecc,266,object_get_float_with_engine_override,inferred
0x4eefd8,199,object_dispatch_hook_0x140,inferred
0x4ef0a0,179,object_dispatch_hook_0x148,inferred
0x4ef154,176,object_dispatch_hook_0x100,inferred
0x4ef204,143,object_dispatch_hook_0x108,inferred
0x4ef294,143,object_dispatch_hook_0x110,inferred
0x4ef324,1075,projectile_new,inferred
0x4ef758,119,impact_target_record_is_valid_unit_hit,inferred
0x4efe3c,572,projectile_update,inferred
0x4f0078,416,projectile_process_impact_response_type,inferred
0x4f0218,472,projectile_detonate_and_delete,inferred
0x4f03f0,4561,projectile_update_flight_and_collision,inferred
0x4f15c4,1016,projectile_first_update_after_spawn,inferred
0x4f19bc,1059,projectile_apply_surface_impact_and_effects,inferred
0x4f2518,464,projectile_set_initial_spin_and_wake,inferred
0x4f26e8,293,projectile_hook_0x148,inferred
0x4f2810,705,game_safe_to_speak_internal,inferred
0x4f2ad4,155,projectile_object_free_hook,inferred
0x4f2b70,,projectile_request_detonation,inferred
0x4f2d00,5827,projectile_trace_and_handle_impact,inferred
0x4f43c4,862,projectile_collision_segment_test,inferred
0x4f4724,,projectile_spawn_effect_at_object,inferred
0x4f47a8,226,projectile_init_spin_axis_and_angle,inferred
0x4f488c,617,projectile_hook_0xa8,inferred
0x4f4af8,,projectile_init_range_value_from_definition,inferred
0x4f4e88,1444,projectile_move_and_collide_step,inferred
0x4f55fc,517,projectile_detonation_apply_area_damage,inferred
0x4f5804,438,projectile_detonation_dispatch_effects_and_damage,inferred
0x4f5b34,555,projectile_detonation_resolve_and_submit,inferred
0x4f5fa4,1692,projectile_detonation_damage_and_effects,inferred
0x4f6640,551,projectile_detonation_spawn_effect_at_location,inferred
0x4f6868,471,projectile_detonation_spawn_impact_and_blast_effects,inferred
0x4f6ea0,85,projectile_damage_hook_0xf8,inferred
0x4f6ef8,1375,projectile_get_material_response,inferred
0x4f7458,103,projectile_get_material_response_with_remap,inferred
0x4f74c0,912,projectile_attach_to_object_and_stop,inferred
0x4f7850,221,projectile_spawn_material_impact_effect,inferred
0x4f7930,228,projectile_get_difficulty_scaled_definition_value,inferred
0x4f7a14,810,object_predict_fall_collision_time,inferred
0x4f7d40,178,projectile_get_parent_relative_vector,inferred
0x4f7fe0,356,machine_placement_post,inferred
0x4f8144,,machine_placement_pre_reset,inferred
0x4f817c,,machine_new,inferred
0x4f8234,271,machine_dispose,inferred
0x4f8724,1626,machine_update,inferred
0x4f8d80,360,machine_hook_0xa0,inferred
0x4f8ee8,99,unit_set_maximum_vitality_internal,inferred
0x4f906c,175,unit_has_weapon_readied_internal,inferred
0x4f911c,103,unit_limit_lipsync_to_mouth_only_internal,inferred
0x4f9184,74,unit_open_internal,inferred
0x4f91d0,193,unit_lower_weapon_internal,inferred
0x4f9294,210,unit_set_integrated_flashlight_internal,inferred
0x4f9368,178,unit_in_vehicle_internal,inferred
0x4f941c,85,unit_test_seat_internal,inferred
0x4f9474,200,vehicle_test_seat_unit_internal,inferred
0x4f953c,331,vehicle_set_unit_interaction_internal,inferred
0x4f9688,305,vehicle_test_seat_unit_list_internal,inferred
0x4f9994,222,unit_board_vehicle_internal,inferred
0x4f9a74,260,unit_exit_vehicle_internal,inferred
0x4f9b78,198,vehicle_riders_internal,inferred
0x4f9c40,181,object_get_turret_internal,inferred
0x4f9cf8,576,vehicle_load_magic_internal,inferred
0x4f9f38,212,vehicle_unload_internal,inferred
0x4fa00c,219,custom_animation_internal,inferred
0x4fa0e8,166,custom_animation_relative_internal,inferred
0x4fa274,584,unit_has_mandibles_hidden_internal,inferred
0x4fa4bc,585,unit_play_random_ping_internal,inferred
0x4fa708,649,sync_action_create_internal,inferred
0x4fa994,435,projectile_response_table_binary_search,inferred
0x4fab48,235,object_get_incoming_damage_difficulty_scale,inferred
0x4fac34,217,object_get_outgoing_damage_difficulty_scale,inferred
0x4fad10,108,object_get_combined_damage_difficulty_scale,inferred
0x4fad7c,194,damage_data_initialize_from_damage_effect,inferred
0x4fae40,382,object_model_target_destroyed_internal,inferred
0x4fb064,,object_cannot_die_internal,inferred
0x4fbff8,,object_effect_slot_pair_initialize,inferred
0x4fc368,413,crate_new,inferred
0x4fc508,188,crate_placement_post,inferred
0x4fc5c4,259,crate_update,inferred
0x4fc6c8,,crate_hook_0x98,inferred
0x4fc6d8,499,creature_new,inferred
0x4fd03c,582,creature_update,inferred
0x4fd284,,creature_hook_0xa8,inferred
0x4fd574,,scenery_hook_0x48,inferred
0x4fd5ac,224,scenery_placement_post,inferred
0x4fd68c,259,scenery_new,inferred
0x4fd790,369,scenery_update,inferred
0x4fda84,80,scenery_hook_0x98,inferred
0x4fdad4,158,scenery_hook_0x120,inferred
0x4fdc1c,157,scenery_animation_idle_internal,inferred
0x4fdcbc,334,scenery_get_animation_time_internal,inferred
0x4fe124,235,scenery_hook_0xa0,inferred
0x4fe274,156,object_gc_recycling_group_remove,supported
0x4fe310,247,object_recycling_group_relink,inferred
0x4fe408,937,recycling_group_update_center,inferred
0x4fef4c,53,object_gc_policy_setup_callback,inferred
0x4ff0a4,341,object_gc_policy_remove_candidates_callback,inferred
0x4ff1fc,770,object_garbage_collect,supported
0x4ff5e0,253,add_recycling_volume_internal,inferred
0x4ffb28,,item_get_global_time_table_ticks,inferred
0x4ffc3c,,game_state_block_recycling_group_free,inferred
0x4ffc68,129,game_state_block_recycling_group_allocate,inferred
0x4ffcec,150,giant_placement_post,inferred
0x4ffd84,230,giant_new,inferred
0x4ffe6c,502,giant_update,inferred
0x500064,98,giant_hook_0xa8,inferred
0x5000c8,156,object_buckling_magnitude_get_internal,inferred
0x50190c,305,giant_hook_0x118,inferred
0x504680,,unit_action_return_self_for_action_0x1d,inferred
0x5046a4,109,unit_weapon_slot_is_overheated,inferred
0x504714,113,unit_weapon_slot_state_word_in_1_to_2,inferred
0x504978,261,unit_stow_weapon_slot,inferred
0x504b80,,unit_get_inventory_slot_handle,inferred
0x505128,334,unit_refresh_active_weapon_for_seat,inferred
0x5053c8,86,unit_action_weapon_switch_request,inferred
0x505420,362,unit_action_primary_weapon_primary_recoil_group_callback,inferred
0x50558c,202,unit_overheat_action_start_for_state,inferred
0x505658,339,unit_action_primary_weapon_vent_group_callback,inferred
0x505a9c,477,unit_action_reload_start_for_slot,inferred
0x505cb0,170,unit_selected_weapon_has_active_subrecord,inferred
0x505db4,69,unit_selected_weapon_finish_reload_if_idle,inferred
0x505dfc,263,unit_melee_cancel_weapon_reload_and_events,inferred
0x505f04,1081,unit_grenade_create_projectile_object,inferred
0x506340,714,unit_grenade_launch_object,inferred
0x50660c,581,unit_grenade_compute_throw_origin_and_direction,inferred
0x5069fc,2636,unit_grenade_throw_create_and_launch,inferred
0x507448,2417,unit_action_grenade_callback,inferred
0x507dbc,313,unit_action_grenade_update_throw_state,inferred
0x507ef8,106,unit_action_stop_and_start_action_0xc,inferred
0x50850c,925,unit_action_equipment_callback,inferred
0x508a00,251,unit_action_kamikaze_callback,inferred
0x50929c,,vehicle_seat_get_first_access_marker_id,inferred
0x509320,,mover_state_match_0x1c,inferred
0x509350,,mover_state_match_0xe,inferred
0x509380,,mover_state_match_0x1b,inferred
0x50944c,429,unit_action_vehicle_enter_callback,inferred
0x5095fc,131,unit_vehicle_boarding_impulse_callback,inferred
0x509680,611,unit_action_vehicle_exit_group_callback,inferred
0x5098e4,128,unit_vehicle_leave_impulse_callback,inferred
0x509b04,1069,unit_action_vehicle_board_callback,inferred
0x50a0d8,227,unit_action_vehicle_ejection_callback,inferred
0x50a384,164,unit_action_vehicle_exit_and_detach_callback,inferred
0x50a428,64,unit_action_vehicle_animated_trick_callback,inferred
0x50a468,258,unit_action_player_dodge_callback,inferred
0x50a578,64,unit_action_takeoff_callback,inferred
0x50a5b8,130,unit_action_perch_callback,inferred
0x50a63c,158,unit_action_land_callback,inferred
0x50a6dc,119,unit_action_climb_attach_callback,inferred
0x50a754,121,unit_action_climb_detach_callback,inferred
0x50a7d0,64,unit_action_vehicle_flip_callback,inferred
0x50a810,305,unit_action_bunker_close_callback,inferred
0x50a944,305,unit_action_bunker_open_callback,inferred
0x50aa78,557,unit_action_melee_ai_callback,inferred
0x50ad5c,200,unit_melee_resolve_weapon_timing_ticks,inferred
0x50ae24,2070,unit_melee_player_begin_attack,inferred
0x50b63c,689,unit_action_melee_player_callback,inferred
0x50b8f0,1334,unit_melee_player_update,inferred
0x50be64,92,unit_action_use_health_station_callback,inferred
0x50bfd0,2133,unit_action_death_ping_group_callback,inferred
0x50c828,426,unit_action_smash_callback,inferred
0x50cedc,276,unit_action_ai_impulse_callback,inferred
0x50cff0,282,unit_action_vault_callback,inferred
0x50d198,341,unit_action_hoist_callback,inferred
0x50d2f0,440,unit_action_juke_callback,inferred
0x50d5e4,313,unit_action_berserk_callback,inferred
0x50dc10,250,unit_action_deploy_turret_callback,inferred
0x50dda8,122,unit_action_flurry_callback,inferred
0x50df4c,,unit_action_emit_ai_callback,inferred
0x50e09c,257,unit_action_resurrect_callback,inferred
0x50e1a0,137,unit_action_jump_callback,inferred
0x50e298,128,unit_action_animated_jump_callback,inferred
0x50e39c,912,unit_action_leap_anticipation_callback,inferred
0x50e898,121,unit_action_leap_callback,inferred
0x50e914,637,unit_action_leap_recovery_callback,inferred
0x50eb94,48,unit_action_equipment_pickup_callback,inferred
0x50ebc4,180,unit_action_grenade_pickup_callback,inferred
0x50ec78,16,unit_action_equipment_drop_callback,inferred
0x50ec88,180,unit_action_surge_callback,inferred
0x50ef04,509,unit_action_phase_callback,inferred
0x50f104,354,unit_action_posture_callback,inferred
0x50f268,249,unit_action_posture_exit_callback,inferred
0x50f364,462,unit_action_custom_animation_callback,inferred
0x50f534,80,unit_action_stop_custom_animation_callback,inferred
0x50f634,555,unit_action_equipment_animation_callback,inferred
0x50fbf4,73,unit_action_infect_callback,inferred
0x50fc40,64,unit_action_get_infected_callback,inferred
0x50fe98,1117,unit_action_assassinate_callback,inferred
0x510f10,125,mover_set_program_internal,inferred
0x5112b4,458,vehicle_type0_control_update,inferred
0x511790,1780,vehicle_type1_control_update,inferred
0x512488,2185,vehicle_type3_control_update,inferred
0x513134,2730,vehicle_type2_control_update,inferred
0x51415c,651,vehicle_type4_control_update,inferred
0x514b44,867,vehicle_type11_control_update,inferred
0x516030,470,vehicle_type5_control_prepare_and_update,inferred
0x516208,3399,vehicle_type5_control_update,inferred
0x51710c,1957,vehicle_type6_control_update,inferred
0x517ad4,1617,vehicle_type7_control_update,inferred
0x518a54,1872,vehicle_type10_control_update,inferred
0x5192f4,3465,vehicle_type8_control_update,inferred
0x51c140,3518,vehicle_type9_control_update,inferred
0x51d478,666,vehicle_type12_control_update,inferred
0x51de3c,2884,vehicle_type13_control_update,inferred
0x51ed18,751,vehicle_type14_control_update,inferred
0x51f498,305,vehicle_type5_control_yaw_pitch_target_update,inferred
0x51f5cc,1381,vehicle_trick_update,inferred
0x51fb34,633,vehicle_trick_begin,inferred
0x51fdb0,,vehicle_type5_control_get_type_flag,inferred
0x520070,,vehicle_update_unit_flag_0x9d8_bit5,inferred
0x520210,648,vehicle_control_drive_toward_target_with_limits,inferred
0x5204f4,,math_safe_divide_float,inferred
0x520740,161,unit_get_scaled_move_input_magnitude,inferred
0x520a70,223,unit_compute_ramp_from_input_ticks,inferred
0x520c84,,unit_input_ticks_below_half_second,inferred
0x520cfc,205,vehicle_count_matching_occupants_after_control,inferred
0x5258a4,,biped_dead_get_up_marker_progress,inferred
0x525934,416,biped_dead_cache_animation_markers,inferred
0x525ad4,280,biped_dead_sync_ragdoll_to_pose_record,inferred
0x525bec,547,mover_state_biped_handle_simulation_warp_handler,inferred
0x525e10,215,mover_state_biped_dead_force_airborne_handler,inferred
0x525ee8,187,mover_state_biped_dead_force_relaxation_state_handler,inferred
0x525fa4,1126,mover_state_biped_dead_resurrect_handler,inferred
0x52640c,122,mover_state_biped_dead_resurrect_hook_0x38,inferred
0x526488,357,mover_state_biped_dead_execute_death_program_handler,inferred
0x5265f0,212,mover_program_biped_dead_enter,inferred
0x5266c4,74,mover_program_biped_dead_exit,inferred
0x526710,79,mover_program_biped_dead_slot_0x10,inferred
0x526760,736,biped_exit_ragdoll_state,inferred
0x526a40,,biped_dead_ragdoll_blend_update,inferred
0x526b6c,809,biped_dead_setup_ragdoll_bone_offsets,inferred
0x526e98,929,biped_dead_begin_ragdoll,inferred
0x52723c,535,biped_dead_try_begin_ragdoll,inferred
0x527454,317,biped_dead_state_update,inferred
0x527fa0,247,biped_dead_finish_ragdoll,inferred
0x528098,197,biped_dead_capture_root_node_offset,inferred
0x528160,295,biped_dead_sweep_for_ground,inferred
0x528288,906,biped_dead_choose_animation_request,inferred
0x5286e8,1111,biped_dead_update,inferred
0x528b40,387,mover_program_biped_dead_slot_0x28,inferred
0x528cc4,220,biped_dead_update_pose_selection,inferred
0x528da0,486,biped_dead_apply_pose_to_ragdoll,inferred
0x528f88,360,biped_dead_set_pose_index,inferred
0x5290f0,335,biped_dead_pick_pose_index,inferred
0x529594,113,biped_dead_set_pose_record_slot,inferred
0x529608,116,biped_dead_ragdoll_delay_elapsed,inferred
0x52967c,,mover_program_biped_dead_slot_0x40,inferred
0x5296b8,137,mover_program_biped_dead_slot_0x48,inferred
0x5299b4,73,antenna_widget_initialize,supported
0x529a00,,widget_antenna_initialize_for_new_map,inferred
0x529a28,,widget_antenna_dispose_from_old_map,inferred
0x529a4c,,widget_antenna_hook_0x18,inferred
0x529a74,474,widget_antenna_hook_0x20,inferred
0x529c50,,widget_antenna_delete,inferred
0x529c74,96,widget_antenna_hook_0x58,inferred
0x529cd4,130,widget_antenna_hook_0x60,inferred
0x529d58,220,widget_antenna_hook_0x38,inferred
0x52a988,,game_state_block_antenna_free,inferred
0x52a9b4,129,game_state_block_antenna_allocate,inferred
0x52aa9c,316,widget_cloth_hook_0x38,inferred
0x52abd8,244,widget_cloth_hook_0x20,inferred
0x52accc,,widget_cloth_delete,inferred
0x52acf0,189,cloth_initialize,supported
0x52adb0,,widget_cloth_initialize_for_new_map,inferred
0x52add8,,widget_cloth_dispose_from_old_map,inferred
0x52adfc,64,widget_cloth_hook_0x18,inferred
0x52ae3c,917,widget_cloth_hook_0x48,inferred
0x52b1d4,108,widget_cloth_hook_0x50,inferred
0x52b240,,widget_cloth_hook_0x58,inferred
0x52b24c,133,widget_cloth_hook_0x60,inferred
0x52d18c,,game_state_block_cloth_free,inferred
0x52d1b8,129,game_state_block_cloth_allocate,inferred
0x52d280,339,widget_leaf_system_hook_0x38,inferred
0x52d3d4,593,widget_leaf_system_hook_0x20,inferred
0x52d628,75,leaf_system_initialize,supported
0x52d674,,widget_leaf_system_initialize_for_new_map,inferred
0x52d69c,,widget_leaf_system_dispose_from_old_map,inferred
0x52d6c0,64,widget_leaf_system_hook_0x18,inferred
0x52d8b0,1951,widget_leaf_system_hook_0x48,inferred
0x52e050,,widget_leaf_system_hook_0x60,inferred
0x52e0a8,147,widget_leaf_system_hook_0x68,inferred
0x52f064,,game_state_block_leaf_system_free,inferred
0x52f090,129,game_state_block_leaf_system_allocate,inferred
0x52f21c,,widget_widget_type3_delete,inferred
0x52f240,,widget_widget_type3_initialize,inferred
0x52f260,644,widget_widget_type3_hook_0x48,inferred
0x52f4e4,807,widget_widget_type3_hook_0x30,inferred
0x52f8f0,,mover_state_biped_animation_handler,inferred
0x52f900,499,mover_state_unit_die_handler,inferred
0x52faf4,315,mover_state_biped_stun_handler,inferred
0x52fc30,352,mover_state_unit_enter_handler,inferred
0x52fd90,16,mover_state_unit_enter_hook_0x38,inferred
0x52fda0,685,mover_state_biped_vehicle_exit_handler,inferred
0x530050,258,mover_state_biped_vehicle_exit_hook_0x38,inferred
0x530154,1550,biped_accelerate_state_apply,inferred
0x530764,46,mover_state_biped_accelerate_handler,inferred
0x530794,490,mover_state_posture_exit_handler,inferred
0x530980,130,mover_state_posture_exit_hook_0x38,inferred
0x530a04,16,mover_state_posture_exit_hook_0x30,inferred
0x530a14,110,mover_state_weapon_animation_handler,inferred
0x530a84,109,mover_state_weapon_stow_handler,inferred
0x530af4,582,mover_state_weapon_draw_handler,inferred
0x530d3c,100,mover_state_weapon_draw_hook_0x28,inferred
0x530da0,720,mover_state_grenade_handler,inferred
0x531070,323,mover_state_equipment_handler,inferred
0x5311b4,274,mover_state_melee_handler,inferred
0x5312c8,1187,mover_state_ping_handler,inferred
0x53176c,442,mover_state_biped_posture_ping_handler,inferred
0x531928,450,mover_state_biped_posture_animation_handler,inferred
0x531aec,87,mover_state_biped_force_airborne_handler,inferred
0x531b44,246,mover_state_creature_default_hook_0x38,inferred
0x531c3c,159,mover_state_biped_force_heavy_handler,inferred
0x531cdc,,mover_state_biped_leap_anticipation_handler,inferred
0x531cec,,mover_state_biped_leap_landing_handler,inferred
0x531cfc,616,mover_state_sync_action_handler,inferred
0x531f64,640,mover_state_sync_action_hook_0x20,inferred
0x5321e4,644,mover_state_sync_action_hook_0x38,inferred
0x532468,113,mover_state_sync_action_hook_0x28,inferred
0x5324dc,315,mover_state_sync_action_hook_0x30,inferred
0x532908,1786,mover_state_biped_leap_handler,inferred
0x533004,114,mover_program_mover_program_08_enter,inferred
0x5338e4,446,mover_program_mover_program_08_update,inferred
0x533ce0,748,mover_program_mover_program_08_slot_0x28,inferred
0x533fcc,268,mover_program_mover_program_08_slot_0x50,inferred
0x534258,93,mover_state_biped_ground_default_hook_0x28,inferred
0x5342b8,125,mover_state_biped_ground_default_hook_0x38,inferred
0x534338,321,mover_state_biped_ground_jump_handler,inferred
0x53447c,109,mover_state_biped_ground_jump_hook_0x38,inferred
0x5344ec,,mover_state_biped_ground_jump_hook_0x30,inferred
0x534528,529,mover_state_biped_ground_animated_jump_handler,inferred
0x534a6c,314,mover_state_biped_ground_animated_jump_hook_0x20,inferred
0x5353cc,68,mover_state_biped_ground_animated_jump_hook_0x38,inferred
0x535410,,mover_state_biped_ground_animated_jump_hook_0x30,inferred
0x535418,53,mover_state_biped_ground_dash_handler,inferred
0x535450,169,mover_state_biped_ground_land_handler,inferred
0x5354fc,124,mover_state_biped_ground_takeoff_submit_hook_0x38,inferred
0x535578,306,mover_state_biped_ground_takeoff_submit_handler,inferred
0x5356ac,,mover_state_biped_ground_takeoff_submit_hook_0x20,inferred
0x5356ec,16,mover_state_biped_ground_takeoff_submit_hook_0x30,inferred
0x5356fc,425,mover_state_biped_bunker_close_submit_handler,inferred
0x5358a8,429,mover_state_biped_bunker_open_handler,inferred
0x535a58,312,mover_state_biped_ground_animation_handler,inferred
0x535b90,184,mover_state_biped_ground_transient_posture_handler,inferred
0x535c48,123,mover_state_biped_ground_transient_posture_hook_0x20,inferred
0x535cc4,227,mover_state_biped_ground_transient_posture_hook_0x38,inferred
0x535da8,16,mover_state_biped_ground_transient_posture_hook_0x30,inferred
0x535db8,352,mover_state_biped_ground_hoist_handler,inferred
0x535f18,243,mover_state_biped_ground_hoist_hook_0x20,inferred
0x53600c,16,mover_state_biped_ground_hoist_hook_0x30,inferred
0x53601c,289,mover_state_biped_ground_get_infected_handler,inferred
0x536140,391,mover_program_biped_ground_enter,inferred
0x5362c8,,mover_program_biped_ground_exit,inferred
0x537e90,673,biped_ground_landing_recovery_update,inferred
0x538134,183,biped_ground_check_idle_motion,inferred
0x538354,1472,mover_program_biped_ground_update,inferred
0x538914,1142,biped_ground_update_motion_gate,inferred
0x539040,373,mover_program_biped_ground_slot_0x28,inferred
0x5391b8,416,mover_program_biped_airborne_enter,inferred
0x539358,,mover_program_biped_airborne_exit,inferred
0x539390,1269,biped_update_facing_toward_desired_direction,inferred
0x539888,1344,biped_airborne_choose_animation_request,inferred
0x539dc8,569,mover_program_biped_airborne_update,inferred
0x53a004,922,biped_airborne_ground_proximity_update,inferred
0x53a5c4,470,mover_program_biped_airborne_slot_0x28,inferred
0x53a79c,76,mover_state_biped_vehicle_board_handler,inferred
0x53aa88,16,mover_state_biped_vehicle_board_hook_0x30,inferred
0x53aa98,220,mover_state_biped_vehicle_ejection_hook_0x38,inferred
0x53ab74,254,mover_state_biped_vehicle_ejection_handler,inferred
0x53ac74,,mover_program_biped_vehicle_enter,inferred
0x53acbc,416,mover_program_biped_vehicle_update,inferred
0x53ae5c,40,mover_program_biped_vehicle_slot_0x28,inferred
0x53ae84,342,mover_state_biped_flying_land_handler,inferred
0x53afdc,49,mover_state_biped_flying_land_hook_0x38,inferred
0x53b010,88,mover_program_biped_flying_enter,inferred
0x53b384,584,mover_program_biped_flying_update,inferred
0x53b5cc,40,mover_program_biped_flying_slot_0x28,inferred
0x53b5f4,568,mover_state_biped_perch_default_hook_0x38,inferred
0x53b82c,404,mover_state_biped_perch_attach_handler,inferred
0x53b9c0,440,mover_state_biped_perch_attach_hook_0x38,inferred
0x53bb78,96,mover_state_biped_perch_detach_hook_0x38,inferred
0x53bbd8,172,mover_state_biped_perch_detach_handler,inferred
0x53bc84,365,mover_state_biped_perch_handler,inferred
0x53bdf4,298,mover_state_biped_perch_takeoff_handler,inferred
0x53bf20,,mover_program_biped_perch_enter,inferred
0x53bf6c,95,mover_program_biped_perch_exit,inferred
0x53c330,427,mover_program_biped_perch_update,inferred
0x53c4dc,108,mover_program_biped_perch_slot_0x28,inferred
0x53c548,288,mover_state_biped_bunker_close_handler,inferred
0x53c668,196,mover_state_biped_bunker_close_hook_0x38,inferred
0x53c72c,288,mover_state_biped_bunker_open_handler,inferred
0x53c84c,196,mover_state_biped_bunker_open_hook_0x38,inferred
0x53c910,,mover_program_biped_bunker_enter,inferred
0x53c958,157,mover_program_biped_bunker_exit,inferred
0x53c9f8,527,mover_program_biped_bunker_update,inferred
0x53cc08,174,mover_program_biped_bunker_slot_0x28,inferred
0x53ccb8,,mover_state_biped_climb_default_hook_0x28,inferred
0x53cd08,117,mover_program_biped_climb_enter,inferred
0x53d3a0,641,mover_program_biped_climb_update,inferred
0x53d624,172,mover_program_biped_climb_slot_0x28,inferred
0x53d6d0,856,mover_state_biped_climbing_ping_handler,inferred
0x53da28,444,mover_state_external_biped_posture_handler,inferred
0x53dbe4,128,mover_program_biped_posture_enter,inferred
0x53dc64,168,mover_program_biped_posture_exit,inferred
0x53dd0c,582,mover_program_biped_posture_update,inferred
0x53df54,108,mover_program_biped_posture_slot_0x28,inferred
0x53dff0,198,mover_state_vehicle_surge_handler,inferred
0x53e0b8,,mover_state_vehicle_surge_hook_0x20,inferred
0x53e100,,mover_state_vehicle_surge_hook_0x38,inferred
0x53e140,247,mover_state_unit_phase_handler,inferred
0x53e238,,mover_state_unit_phase_hook_0x20,inferred
0x53e278,473,mover_state_vehicle_flip_handler,inferred
0x53e454,185,mover_state_vehicle_animated_trick_handler,inferred
0x53e510,,mover_state_vehicle_animation_hook_0x38,inferred
0x53e550,178,mover_state_vehicle_animation_handler,inferred
0x53e604,78,mover_program_vehicle_enter,inferred
0x53e86c,1503,vehicle_mover_apply_physics_forces,inferred
0x53ef1c,1992,vehicle_mover_ground_contact_and_suspension_update,inferred
0x53f950,2423,mover_program_vehicle_update,inferred
0x540410,711,mover_state_unit_custom_animation_play_animation_handler,inferred
0x5406d8,,mover_state_unit_custom_animation_play_animation_hook_0x30,inferred
0x54071c,350,mover_state_unit_custom_animation_play_animation_hook_0x38,inferred
0x54087c,53,mover_state_unit_custom_animation_play_animation_hook_0x28,inferred
0x5408b4,334,mover_state_unit_custom_animation_play_animation_hook_0x20,inferred
0x540a04,40,mover_state_unit_custom_animation_stop_animation_handler,inferred
0x540a2c,220,mover_state_unit_custom_animation_death_ping_handler,inferred
0x540b08,87,mover_program_unit_custom_animation_enter,inferred
0x540f84,2478,mover_program_unit_custom_animation_exit,inferred
0x541934,283,mover_program_unit_custom_animation_update,inferred
0x541a50,158,mover_program_unit_custom_animation_slot_0x28,inferred
0x541af0,78,mover_program_mover_program_12_enter,inferred
0x541b40,,mover_program_mover_program_12_exit,inferred
0x541b84,533,mover_program_mover_program_12_update,inferred
0x541d9c,93,mover_program_mover_program_12_slot_0x28,inferred
0x541dfc,286,mover_state_creature_ground_infect_handler,inferred
0x541f1c,357,mover_state_creature_ground_infect_hook_0x30,inferred
0x542084,185,mover_program_creature_ground_enter,inferred
0x542588,523,mover_program_creature_ground_update,inferred
0x542794,609,mover_program_creature_ground_slot_0x28,inferred
0x5429f8,,mover_program_creature_ground_slot_0x38,inferred
0x542a34,175,mover_program_creature_enter,inferred
0x542bdc,602,mover_program_creature_update,inferred
0x542e38,22,mover_program_creature_slot_0x28,inferred
0x542e50,79,mover_program_giant_enter,inferred
0x544220,475,mover_program_giant_update,inferred
0x548780,229,jpeg_CreateCompress,supported
0x5489c0,332,jpeg_start_compress,inferred
0x549ec0,85,jpeg_mem_sscanf_wrapper,inferred
0x549f20,165,jpeg_mem_alloc_small,inferred
0x54a0b0,234,jpeg_mem_alloc_large,inferred
0x54a1a0,229,jpeg_mem_alloc_sarray,inferred
0x54a290,228,jpeg_mem_alloc_barray,inferred
0x54a380,161,jpeg_mem_request_virt_sarray,inferred
0x54a430,161,jpeg_mem_request_virt_barray,inferred
0x54a4e0,411,jpeg_mem_realize_virt_arrays,inferred
0x54a680,98,jpeg_mem_access_virt_sarray,inferred
0x54a8e0,99,jpeg_mem_access_virt_barray,inferred
0x54ab50,17,jpeg_mem_free_pool,inferred
0x54ac90,366,jpeg_mem_self_destruct,inferred
0x54ae00,366,jpeg_jinit_memory_mgr,supported
0x5572b0,24,jpeg_jinit_compress_master,inferred
0x5577c0,2290,jpeg_idct_8x8_islow,inferred
0x5580c0,899,jpeg_idct_7x7,inferred
0x558450,2159,jpeg_idct_6x6,inferred
0x558cc0,2021,jpeg_idct_5x5,inferred
0x5594b0,1166,jpeg_idct_4x4,inferred
0x559940,614,jpeg_idct_3x3,inferred
0x559bb0,206,jpeg_idct_2x2,inferred
0x559c80,,jpeg_idct_1x1,inferred
0x559cc0,2173,jpeg_idct_9x9,inferred
0x55a540,2047,jpeg_idct_10x10,inferred
0x55ad40,1989,jpeg_idct_11x11,inferred
0x55b510,2379,jpeg_idct_12x12,inferred
0x55be60,2243,jpeg_idct_13x13,inferred
0x55c730,2877,jpeg_idct_14x14,inferred
0x55d270,2235,jpeg_idct_15x15,inferred
0x55db30,2642,jpeg_idct_16x16,inferred
0x55e590,2898,jpeg_idct_16x8,inferred
0x55f0f0,1587,jpeg_idct_14x7,inferred
0x55f730,2189,jpeg_idct_12x6,inferred
0x55ffc0,1431,jpeg_idct_10x5,inferred
0x560560,1988,jpeg_idct_8x4,inferred
0x560d30,1265,jpeg_idct_6x3,inferred
0x561230,458,jpeg_idct_4x2,inferred
0x561400,,jpeg_idct_2x1,inferred
0x561460,1784,jpeg_idct_8x16,inferred
0x561b60,1577,jpeg_idct_7x14,inferred
0x562190,2591,jpeg_idct_6x12,inferred
0x562bb0,1678,jpeg_idct_5x10,inferred
0x563240,2357,jpeg_idct_4x8,inferred
0x563b80,1299,jpeg_idct_3x6,inferred
0x5640a0,498,jpeg_idct_2x4,inferred
0x5642a0,,jpeg_idct_1x2,inferred
0x564310,1887,jpeg_idct_ifast,inferred
0x564a70,2244,jpeg_idct_float,inferred
0x56d240,93,jpeg_forward_dct_int,inferred
0x56d520,96,jpeg_forward_dct_float,inferred
0x56d800,50,jpeg_jinit_forward_dct,inferred
0x56e150,1947,jpeg_fdct_8x8_islow,inferred
0x56e8f0,744,jpeg_fdct_7x7,inferred
0x56ebe0,1880,jpeg_fdct_6x6,inferred
0x56f340,1806,jpeg_fdct_5x5,inferred
0x56fa50,917,jpeg_fdct_4x4,inferred
0x56fdf0,535,jpeg_fdct_3x3,inferred
0x570010,141,jpeg_fdct_2x2,inferred
0x5700a0,68,jpeg_fdct_1x1,inferred
0x5700f0,1287,jpeg_fdct_9x9,inferred
0x570600,1638,jpeg_fdct_10x10,inferred
0x570c70,2040,jpeg_fdct_11x11,inferred
0x571470,1833,jpeg_fdct_12x12,inferred
0x571ba0,2332,jpeg_fdct_13x13,inferred
0x5724c0,2240,jpeg_fdct_14x14,inferred
0x572d80,2334,jpeg_fdct_15x15,inferred
0x5736a0,2633,jpeg_fdct_16x16,inferred
0x5740f0,1562,jpeg_fdct_16x8,inferred
0x574710,1952,jpeg_fdct_14x7,inferred
0x574eb0,1932,jpeg_fdct_12x6,inferred
0x575640,1257,jpeg_fdct_10x5,inferred
0x575b30,1593,jpeg_fdct_8x4,inferred
0x576170,1085,jpeg_fdct_6x3,inferred
0x5765b0,408,jpeg_fdct_4x2,inferred
0x576750,91,jpeg_fdct_2x1,inferred
0x5767b0,2226,jpeg_fdct_8x16,inferred
0x577070,1338,jpeg_fdct_7x14,inferred
0x5775b0,1562,jpeg_fdct_6x12,inferred
0x577bd0,791,jpeg_fdct_5x10,inferred
0x577ef0,1627,jpeg_fdct_4x8,inferred
0x578550,1244,jpeg_fdct_3x6,inferred
0x578a30,369,jpeg_fdct_2x4,inferred
0x578bb0,94,jpeg_fdct_1x2,inferred
0x578c10,1436,jpeg_fdct_ifast,inferred
0x579a60,420,fmod_System_release,supported
0x579c10,50,fmod_System_update,supported
0x579d50,65,fmod_System_createStream,supported
0x579ea0,43,fmod_Sound_release,supported
0x579fe0,51,fmod_Sound_getSubSound,supported
0x57a1b0,57,fmod_Sound_readData,supported
0x57a390,46,fmod_Sound_seekData,supported
0x57a7f0,201,fmod_api_log_args_getSubSound,inferred
0x57a8c0,134,fmod_System_init,supported
0x57ab20,362,fmod_api_log_args_createStream,inferred
0x57acc0,218,fmod_memory_pool_block_table_alloc,supported
0x57b1e0,602,fmod_memory_alloc,supported
0x57b440,552,fmod_memory_free,inferred
0x57b690,94,fmod_memory_realloc,inferred
0x57ba90,127,fmod_Sound_getDefaults,supported
0x57bc90,328,fmod_api_log_args_readData,inferred
0x57bde0,29,fmod_ChannelControl_isPlaying,supported
0x57c130,56,fmod_memory_member_57c130,supported
0x57c240,,fmod_channel_count_to_speakermode,supported
0x57c2c0,,fmod_speakermode_to_channel_count,supported
0x57c4b0,5076,fmod_systemi_register_builtin_plugins,supported
0x57e2c0,423,fmod_systemi_member_57e2c0,supported
0x57f0b0,562,fmod_systemi_init_internal,inferred
0x5803f0,58,fmod_systemi_create_sound,inferred
0x580c00,367,fmod_systemi_create_master_channelgroup,inferred
0x580f30,58,fmod_string_member_580f30,supported
0x581c90,115,fmod_systemi_dsp_member_581c90,supported
0x582860,295,fmod_systemi_dsp_member_582860,supported
0x582b60,32,fmod_DSP_setActive,supported
0x582d30,32,fmod_DSP_setBypass,supported
0x582f30,151,fmod_os_misc_member_582f30,supported
0x583250,84,fmod_thread_entry_trampoline,supported
0x5832b0,121,fmod_os_misc_member_5832b0,supported
0x583830,686,fmod_file_thread_create,supported
0x583b90,510,fmod_file_member_583b90,supported
0x584090,371,fmod_file_close,inferred
0x584970,66,fmod_file_read,inferred
0x585030,380,fmod_file_seek,inferred
0x5851b0,193,fmod_file_member_5851b0,supported
0x585280,420,fmod_file_member_585280,supported
0x585430,,fmod_async_thread_proc,inferred
0x585440,106,fmod_async_nonblocking_thread_create,supported
0x5892e0,105,fmod_systemi_speaker_member_5892e0,supported
0x58e8b0,100,fmod_soundi_member_58e8b0,supported
0x58f5c0,841,fmod_soundi_member_58f5c0,supported
0x594fd0,407,fmod_net_base64_encode,inferred
0x595310,,fmod_string_strncpy_utf8,inferred
0x5955b0,132,fmod_string_member_5955b0,supported
0x595640,29,fmod_string_snprintf,inferred
0x595660,37,fmod_string_vsnprintf,inferred
0x595770,1589,fmod_register_platform_outputs,supported
0x596600,181,fmod_dsp_multiband_eq_member_596600,supported
0x5966c0,22,fmod_dsp_multiband_eq_member_5966c0,supported
0x596ce0,499,fmod_dsp_multiband_eq_member_596ce0,supported
0x597310,3330,fmod_dsp_multiband_eq_get_description,supported
0x598020,2386,fmod_dsp_compressor_get_description,supported
0x599460,32,fmod_dsp_compressor_create,inferred
0x599540,48,fmod_dsp_compressor_reset,inferred
0x599570,,fmod_dsp_compressor_read,inferred
0x599580,68,fmod_dsp_compressor_should_i_process,inferred
0x5995d0,,fmod_dsp_compressor_set_parameter_float,inferred
0x599630,207,fmod_dsp_compressor_get_parameter_float,inferred
0x599700,,fmod_dsp_compressor_set_parameter_data,inferred
0x599720,,fmod_dsp_compressor_set_parameter_bool,inferred
0x599740,83,fmod_dsp_compressor_get_parameter_bool,inferred
0x5997a0,78,fmod_dsp_compressor_get_parameter_data,inferred
0x5997f0,,fmod_codec_file_read,inferred
0x599810,,fmod_codec_file_seek,inferred
0x599820,,fmod_codec_add_metadata_tag,inferred
0x5998a0,4517,fmod_codec_dls_open_impl,inferred
0x59aa50,443,fmod_codec_dls_read_impl,inferred
0x59ac10,181,fmod_codec_dls_open,inferred
0x59adc0,61,fmod_codec_dls_close,inferred
0x59af50,,fmod_codec_dls_read,inferred
0x59af60,225,fmod_codec_dls_setposition,inferred
0x59b050,733,fmod_dsp_oscillator_get_description,supported
0x59bee0,,fmod_dsp_oscillator_create,inferred
0x59bef0,,fmod_dsp_oscillator_process,inferred
0x59bf00,,fmod_dsp_oscillator_set_parameter_float,inferred
0x59bf40,64,fmod_dsp_oscillator_get_parameter_float,inferred
0x59bf80,,fmod_dsp_oscillator_set_parameter_int,inferred
0x59bfa0,92,fmod_dsp_oscillator_get_parameter_int,inferred
0x59c000,730,fmod_dsp_return_get_description,supported
0x59c2e0,631,fmod_dsp_return_member_59c2e0,supported
0x59c560,327,fmod_dsp_return_create,inferred
0x59c6b0,63,fmod_dsp_return_release,inferred
0x59c6f0,,fmod_dsp_return_should_i_process,inferred
0x59c720,165,fmod_dsp_return_read,inferred
0x59c7d0,,fmod_dsp_return_set_parameter_int,inferred
0x59c800,84,fmod_dsp_return_get_parameter_int,inferred
0x5a0b60,265,fmod_codec_midi_member_5a0b60,supported
0x5a0c70,1948,fmod_codec_midi_parse_meta_event,inferred
0x5a1870,305,fmod_codec_midi_open_impl,inferred
0x5a2c00,925,fmod_codec_midi_read_impl,inferred
0x5a2fa0,,fmod_codec_midi_open,inferred
0x5a2fb0,,fmod_codec_midi_close,inferred
0x5a2fc0,,fmod_codec_midi_read,inferred
0x5a2fd0,29,fmod_codec_midi_setposition,inferred
0x5a53d0,82,fmod_mixer_thread_create,supported
0x5a58f0,134,fmod_output_member_5a58f0,supported
0x5a5a20,,fmod_codec_mpeg_get_description,supported
0x5a62c0,330,fmod_codec_mpeg_open_impl,inferred
0x5a6bc0,1334,fmod_codec_mpeg_read_impl,inferred
0x5a7100,505,fmod_codec_mpeg_setposition_impl,inferred
0x5a7520,,fmod_codec_mpeg_open,inferred
0x5a7530,59,fmod_codec_mpeg_close,inferred
0x5a7570,45,fmod_codec_mpeg_soundcreate,inferred
0x5a7650,,fmod_codec_mpeg_read,inferred
0x5a7660,,fmod_codec_mpeg_setposition,inferred
0x5a7740,5414,fmod_dsp_delay_get_description,supported
0x5a8c70,1276,fmod_dsp_delay_member_5a8c70,supported
0x5a9390,3813,fmod_dsp_delay_member_5a9390,supported
0x5aa280,,fmod_dsp_delay_create,inferred
0x5aa290,70,fmod_dsp_delay_release,inferred
0x5aa2e0,,fmod_dsp_delay_reset,inferred
0x5aa2f0,,fmod_dsp_delay_read,inferred
0x5aa300,,fmod_dsp_delay_set_parameter_float,inferred
0x5aa330,102,fmod_dsp_delay_get_parameter_float,inferred
0x5aa3a0,994,fmod_dsp_loudness_meter_get_description,supported
0x5aaed0,43,fmod_dsp_loudness_meter_member_5aaed0,supported
0x5ac1e0,,fmod_dsp_loudness_meter_create,inferred
0x5ac1f0,41,fmod_dsp_loudness_meter_release,inferred
0x5ac220,,fmod_dsp_loudness_meter_reset,inferred
0x5ac240,,fmod_dsp_loudness_meter_read,inferred
0x5ac250,,fmod_dsp_loudness_meter_set_parameter_int,inferred
0x5ac2a0,86,fmod_dsp_loudness_meter_get_parameter_int,inferred
0x5ac300,,fmod_dsp_loudness_meter_set_parameter_data,inferred
0x5ac3a0,,fmod_dsp_loudness_meter_get_parameter_data,inferred
0x5ac840,695,fmod_codec_flac_open_impl,inferred
0x5acb00,,fmod_codec_flac_open,inferred
0x5acb10,30,fmod_codec_flac_close,inferred
0x5acc80,60,fmod_codec_flac_read,inferred
0x5acdd0,329,fmod_codec_flac_setposition,inferred
0x5acf20,,fmod_output_wavwriter_getnumdrivers,inferred
0x5acf30,165,fmod_output_wavwriter_nrt_getdriverinfo,inferred
0x5acfe0,471,fmod_output_wavwriter_nrt_init,inferred
0x5ad1c0,67,fmod_output_wavwriter_nrt_close,inferred
0x5ad430,660,fmod_dsp_transceiver_get_description,supported
0x5ad6d0,364,fmod_dsp_transceiver_member_5ad6d0,supported
0x5adec0,472,fmod_dsp_transceiver_create,inferred
0x5ae0a0,132,fmod_dsp_transceiver_release,inferred
0x5ae130,154,fmod_dsp_transceiver_reset,inferred
0x5ae1d0,309,fmod_dsp_transceiver_process,inferred
0x5ae310,,fmod_dsp_transceiver_set_parameter_float,inferred
0x5ae330,78,fmod_dsp_transceiver_get_parameter_float,inferred
0x5ae380,,fmod_dsp_transceiver_set_parameter_int,inferred
0x5ae3b0,122,fmod_dsp_transceiver_get_parameter_int,inferred
0x5ae430,,fmod_dsp_transceiver_set_parameter_bool,inferred
0x5ae450,68,fmod_dsp_transceiver_get_parameter_bool,inferred
0x5ae4a0,,fmod_dsp_transceiver_set_parameter_data,inferred
0x5ae4b0,148,fmod_dsp_transceiver_get_parameter_data,inferred
0x5ae550,455,fmod_dsp_transceiver_sys_register,inferred
0x5ae720,232,fmod_dsp_transceiver_sys_deregister,inferred
0x5ae810,282,fmod_dsp_transceiver_sys_mix,inferred
0x5b1180,197,fmod_channel_create_fader_dsp,inferred
0x5b4990,190,fmod_dspi_member_5b4990,supported
0x5b4ce0,362,fmod_dspi_run_job_mix,supported
0x5b9800,117,fmod_dspi_run_job_small,supported
0x5bc100,20,fmod_dspi_member_5bc100,supported
0x5bd250,,fmod_dsp_should_i_process_default,inferred
0x5bd2a0,297,fmod_expandingpool_member_5bd2a0,supported
0x5bd9d0,215,fmod_codec_it_member_5bd9d0,supported
0x5c19d0,12623,fmod_codec_it_open_impl,inferred
0x5c4b40,858,fmod_codec_it_read_impl,inferred
0x5c4ea0,,fmod_codec_it_open,inferred
0x5c4eb0,29,fmod_codec_it_close,inferred
0x5c4fe0,,fmod_codec_it_read,inferred
0x5c4ff0,291,fmod_codec_it_setposition,inferred
0x5c5120,,fmod_codec_fsbvorbis_get_description,supported
0x5c51c0,961,fmod_codec_fsbvorbis_member_5c51c0,supported
0x5c5770,496,fmod_codec_fsbvorbis_read_impl,inferred
0x5c5960,1196,fmod_codec_fsbvorbis_setposition_impl,inferred
0x5c5e10,59,fmod_codec_fsbvorbis_close,inferred
0x5c5e50,,fmod_codec_fsbvorbis_read,inferred
0x5c5e60,,fmod_codec_fsbvorbis_setposition,inferred
0x5c60f0,68,fmod_os_misc_member_5c60f0,supported
0x5c6590,342,fmod_profile_remotefile_member_5c6590,supported
0x5c68e0,628,fmod_profile_remotefile_member_5c68e0,supported
0x5c6b60,559,fmod_profile_remotefile_member_5c6b60,supported
0x5c7a40,1400,fmod_dsp_envelope_follower_get_description,supported
0x5c8350,38,fmod_dsp_envelope_follower_create,inferred
0x5c8420,,fmod_dsp_envelope_follower_reset,inferred
0x5c8430,,fmod_dsp_envelope_follower_should_i_process,inferred
0x5c8470,,fmod_dsp_envelope_follower_read,inferred
0x5c8480,,fmod_dsp_envelope_follower_set_parameter_float,inferred
0x5c84c0,131,fmod_dsp_envelope_follower_get_parameter_float,inferred
0x5c8550,,fmod_dsp_envelope_follower_set_parameter_data,inferred
0x5c8570,78,fmod_dsp_envelope_follower_get_parameter_data,inferred
0x5c85c0,,fmod_codec_raw_get_description,supported
0x5c8660,563,fmod_codec_raw_read_impl,inferred
0x5c88a0,355,fmod_codec_raw_open,inferred
0x5c8a10,,fmod_codec_raw_read,inferred
0x5c8a20,,fmod_codec_raw_setposition,inferred
0x5c8ac0,1112,fmod_dsp_parameq_get_description,supported
0x5ca650,210,fmod_dsp_parameq_create,inferred
0x5ca7f0,,fmod_dsp_parameq_reset,inferred
0x5ca800,,fmod_dsp_parameq_read,inferred
0x5ca810,,fmod_dsp_parameq_set_parameter_float,inferred
0x5ca870,127,fmod_dsp_parameq_get_parameter_float,inferred
0x5ca8f0,747,fmod_dsp_lowpass_get_description,supported
0x5ccad0,316,fmod_dsp_lowpass_create,inferred
0x5ccc10,,fmod_dsp_lowpass_should_i_process,inferred
0x5ccc50,,fmod_dsp_lowpass_read,inferred
0x5ccc60,34,fmod_dsp_lowpass_reset,inferred
0x5ccc90,,fmod_dsp_lowpass_set_parameter_float,inferred
0x5cccd0,96,fmod_dsp_lowpass_get_parameter_float,inferred
0x5ccd30,1443,fmod_dsp_pitchshift_get_description,supported
0x5d0980,23,fmod_dsp_pitchshift_member_5d0980,supported
0x5d0fe0,314,fmod_dsp_pitchshift_create,inferred
0x5d1120,59,fmod_dsp_pitchshift_release,inferred
0x5d1160,23,fmod_dsp_pitchshift_reset,inferred
0x5d12a0,31,fmod_dsp_pitchshift_read,inferred
0x5d13f0,,fmod_dsp_pitchshift_set_parameter_float,inferred
0x5d1400,273,fmod_dsp_pitchshift_get_parameter_float,inferred
0x5d15b0,122,fmod_profile_dsp_member_5d15b0,supported
0x5d1730,57,fmod_profile_dsp_write_packets,inferred
0x5d2040,30,fmod_dsp_show_delays_option_handler,inferred
0x5d2500,1790,fmod_dsp_itecho_get_description,supported
0x5d3350,460,fmod_dsp_itecho_member_5d3350,supported
0x5d3650,,fmod_dsp_itecho_create,inferred
0x5d3710,,fmod_dsp_itecho_release,inferred
0x5d3720,78,fmod_dsp_itecho_reset,inferred
0x5d3770,,fmod_dsp_itecho_process,inferred
0x5d3780,,fmod_dsp_itecho_set_parameter_float,inferred
0x5d3790,364,fmod_dsp_itecho_get_parameter_float,inferred
0x5d3990,1474,fmod_dsp_echo_get_description,supported
0x5d47c0,288,fmod_dsp_echo_member_5d47c0,supported
0x5d4d20,307,fmod_dsp_echo_create,inferred
0x5d4f10,70,fmod_dsp_release_free_buffers_shared,inferred
0x5d4f60,,fmod_dsp_echo_reset,inferred
0x5d4f70,,fmod_dsp_echo_should_i_process,inferred
0x5d4fe0,113,fmod_dsp_echo_read,inferred
0x5d51b0,336,fmod_dsp_echo_set_parameter_float,inferred
0x5d5300,187,fmod_dsp_echo_get_parameter_float,inferred
0x5d53d0,2900,fmod_dsp_objectpan_get_description,supported
0x5d6df0,88,fmod_dsp_objectpan_create,inferred
0x5d6f10,,fmod_dsp_objectpan_process,inferred
0x5d6f20,,fmod_dsp_objectpan_set_parameter_float,inferred
0x5d7050,,fmod_dsp_objectpan_get_parameter_float,inferred
0x5d70e0,,fmod_dsp_objectpan_set_parameter_int,inferred
0x5d7160,,fmod_dsp_objectpan_get_parameter_int,inferred
0x5d71a0,137,fmod_dsp_objectpan_set_parameter_data,inferred
0x5d72f0,,fmod_dsp_objectpan_get_parameter_data,inferred
0x5d7350,1150,fmod_dsp_channel_mix_get_description,supported
0x5d84f0,,fmod_dsp_channel_mix_create,inferred
0x5d8500,86,fmod_dsp_channel_mix_reset,inferred
0x5d8560,,fmod_dsp_channel_mix_process,inferred
0x5d8570,,fmod_dsp_channel_mix_set_parameter_int,inferred
0x5d8590,176,fmod_dsp_channel_mix_get_parameter_int,inferred
0x5d8640,,fmod_dsp_channel_mix_set_parameter_float,inferred
0x5d8660,82,fmod_dsp_channel_mix_get_parameter_float,inferred
0x5d86d0,1111,fmod_dsp_normalize_get_description,supported
0x5d8ce0,144,fmod_dsp_normalize_create,inferred
0x5d8d70,,fmod_dsp_normalize_reset,inferred
0x5d8d90,,fmod_dsp_normalize_read,inferred
0x5d8da0,,fmod_dsp_normalize_set_parameter_float,inferred
0x5d8e20,127,fmod_dsp_normalize_get_parameter_float,inferred
0x5d8ea0,1386,fmod_dsp_limiter_get_description,supported
0x5d96c0,,fmod_dsp_limiter_create,inferred
0x5d96d0,,fmod_dsp_limiter_reset,inferred
0x5d9820,62,fmod_dsp_limiter_read,inferred
0x5d9970,221,fmod_dsp_limiter_set_parameter_float,inferred
0x5d9a50,289,fmod_dsp_limiter_get_parameter_float,inferred
0x5d9b80,,fmod_dsp_limiter_set_parameter_bool,inferred
0x5d9ba0,83,fmod_dsp_limiter_get_parameter_bool,inferred
0x5d9c00,1215,fmod_dsp_chorus_get_description,supported
0x5da250,371,fmod_dsp_chorus_member_5da250,supported
0x5daa40,353,fmod_dsp_chorus_create,inferred
0x5dabb0,,fmod_dsp_chorus_reset,inferred
0x5dabc0,,fmod_dsp_chorus_read,inferred
0x5dabd0,,fmod_dsp_chorus_set_parameter_float,inferred
0x5dac10,127,fmod_dsp_chorus_get_parameter_float,inferred
0x5daca0,204,fmod_codec_asf_open_impl,inferred
0x5dbb30,,fmod_codec_asf_open,inferred
0x5dbb40,88,fmod_codec_asf_close,inferred
0x5dbba0,403,fmod_codec_asf_read,inferred
0x5dbd40,58,fmod_codec_asf_setposition,inferred
0x5dbe90,,fmod_codec_asf_soundcreate,inferred
0x5dbfb0,195,fmod_codec_aiff_open_impl,inferred
0x5dc770,904,fmod_codec_aiff_read_impl,inferred
0x5dcb00,,fmod_codec_aiff_open,inferred
0x5dcb10,,fmod_codec_aiff_close,inferred
0x5dcb20,,fmod_codec_aiff_read,inferred
0x5dcb30,,fmod_codec_aiff_setposition,inferred
0x5dcba0,17,fmod_dsp_pan_get_description,supported
0x5de910,,fmod_dsp_pan_reset,inferred
0x5df640,416,fmod_dsp_pan_member_5df640,supported
0x5e0350,,fmod_dsp_pan_create,inferred
0x5e0360,278,fmod_dsp_pan_release,inferred
0x5e0480,,fmod_dsp_pan_process,inferred
0x5e0490,,fmod_dsp_pan_set_parameter_float,inferred
0x5e06b0,,fmod_dsp_pan_get_parameter_float,inferred
0x5e07e0,,fmod_dsp_pan_set_parameter_int,inferred
0x5e0950,,fmod_dsp_pan_get_parameter_int,inferred
0x5e0a20,110,fmod_dsp_pan_set_parameter_data,inferred
0x5e0b60,165,fmod_dsp_pan_get_parameter_data,inferred
0x5e1230,2716,fmod_dsp_tremolo_get_description,supported
0x5e33a0,,fmod_dsp_tremolo_create,inferred
0x5e33b0,,fmod_dsp_tremolo_reset,inferred
0x5e33c0,,fmod_dsp_tremolo_read,inferred
0x5e33d0,,fmod_dsp_tremolo_set_parameter_float,inferred
0x5e3490,332,fmod_dsp_tremolo_get_parameter_float,inferred
0x5e37d0,116,fmod_output_wavwriter_getdriverinfo,inferred
0x5e3850,408,fmod_output_wavwriter_init,inferred
0x5e3ac0,207,fmod_output_wavwriter_close,inferred
0x5e3b90,74,fmod_output_getposition_timegettime,supported
0x5e3be0,157,fmod_output_wavwriter_lock,inferred
0x5e3c80,,fmod_output_wavwriter_unlock,inferred
0x5e3ca0,,fmod_codec_wav_get_description,supported
0x5e3d70,176,fmod_codec_wav_open_impl,inferred
0x5e46b0,1381,fmod_codec_wav_read_impl,inferred
0x5e4c20,95,fmod_codec_wav_setposition_impl,inferred
0x5e4df0,,fmod_codec_wav_open,inferred
0x5e4e00,166,fmod_codec_wav_close,inferred
0x5e4eb0,44,fmod_codec_wav_soundcreate,inferred
0x5e4ff0,,fmod_codec_wav_read,inferred
0x5e5000,,fmod_codec_wav_setposition,inferred
0x5e5010,,fmod_codec_wav_getposition,inferred
0x5e5360,410,fmod_dsp_lowpass_simple_get_description,supported
0x5e6030,296,fmod_dsp_lowpass_simple_create,inferred
0x5e6160,,fmod_dsp_lowpass_simple_reset,inferred
0x5e6170,,fmod_dsp_lowpass_simple_read,inferred
0x5e6180,,fmod_dsp_simple_filter_set_parameter_float,inferred
0x5e61a0,63,fmod_dsp_simple_filter_get_parameter_float,inferred
0x5e6570,2020,fmod_dsp_threeeq_get_description,supported
0x5e9290,,fmod_dsp_threeeq_create,inferred
0x5e92a0,327,fmod_dsp_threeeq_reset,inferred
0x5e93f0,,fmod_dsp_threeeq_read,inferred
0x5ec8c0,,fmod_dsp_threeeq_set_parameter_float,inferred
0x5ec920,,fmod_dsp_threeeq_set_parameter_int,inferred
0x5ec940,112,fmod_dsp_threeeq_get_parameter_int,inferred
0x5ec9b0,201,fmod_dsp_threeeq_get_parameter_float,inferred
0x5eca80,275,fmod_codec_playlist_open_impl,inferred
0x5ecf90,71,fmod_playlist_parse_asx,inferred
0x5ed4c0,71,fmod_playlist_parse_wpl,inferred
0x5ed870,122,fmod_playlist_parse_xml_playstring,inferred
0x5edf60,66,fmod_playlist_parse_m3u,inferred
0x5ee3d0,69,fmod_playlist_parse_pls,inferred
0x5eefd0,,fmod_codec_playlist_open,inferred
0x5ef0b0,357,fmod_codec_user_open,inferred
0x5ef220,,fmod_codec_user_read,inferred
0x5ef230,38,fmod_output_software_member_5ef230,supported
0x5ef380,747,fmod_output_software_member_5ef380,supported
0x5efc20,582,fmod_pluginfactory_register_codec,supported
0x5efe70,1010,fmod_pluginfactory_register_dsp,inferred
0x5f02c0,326,fmod_pluginfactory_register_output,supported
0x5f0410,356,fmod_pluginfactory_member_5f0410,supported
0x5f0600,50,fmod_pluginfactory_member_5f0600,supported
0x5f0790,873,fmod_pluginfactory_load_or_find_plugin,inferred
0x5f0c20,6,fmod_systemi_fft_member_5f0c20,supported
0x5f12b0,736,fmod_systemi_driver_member_5f12b0,supported
0x5f1590,614,fmod_systemi_driver_member_5f1590,supported
0x5f1800,181,fmod_systemi_driver_member_5f1800,supported
0x5f18c0,836,fmod_pluginfactory_register_builtin_wrapper,inferred
0x5f1e00,1822,fmod_systemi_sound_member_5f1e00,supported
0x5f2520,220,fmod_systemi_sound_member_5f2520,supported
0x5f2600,27,fmod_systemi_sound_member_5f2600,supported
0x5f2c90,1924,fmod_systemi_create_sound_internal,inferred
0x5f4f70,789,fmod_systemi_create_channelgroup_tree,inferred
0x5f6860,405,fmod_dsp_distortion_get_description,supported
0x5f6bf0,267,fmod_dsp_distortion_create,inferred
0x5f6d00,,fmod_dsp_distortion_read,inferred
0x5f6d10,,fmod_dsp_distortion_set_parameter_float,inferred
0x5f6d20,59,fmod_dsp_distortion_get_parameter_float,inferred
0x5f6e70,119,fmod_fft_member_5f6e70,supported
0x5f7760,1059,fmod_dsp_send_get_description,supported
0x5f80b0,275,fmod_dsp_send_create,inferred
0x5f81d0,,fmod_dsp_send_reset,inferred
0x5f81f0,,fmod_dsp_send_process,inferred
0x5f8200,,fmod_dsp_send_set_parameter_float,inferred
0x5f8220,78,fmod_dsp_send_get_parameter_float,inferred
0x5f8270,250,fmod_dsp_send_set_parameter_int,inferred
0x5f8370,68,fmod_dsp_send_get_parameter_int,inferred
0x5f83c0,,fmod_dsp_send_set_parameter_data,inferred
0x5f83d0,,fmod_dsp_send_get_parameter_data,inferred
0x5f8470,1159,fmod_dsp_flange_get_description,supported
0x5f89f0,362,fmod_dsp_flange_member_5f89f0,supported
0x5f92d0,353,fmod_dsp_flange_create,inferred
0x5f9440,70,fmod_dsp_flange_release,inferred
0x5f9490,,fmod_dsp_flange_reset,inferred
0x5f94a0,,fmod_dsp_flange_read,inferred
0x5f94b0,,fmod_dsp_flange_set_parameter_float,inferred
0x5f94f0,141,fmod_dsp_flange_get_parameter_float,inferred
0x5f9580,747,fmod_dsp_highpass_get_description,supported
0x5fb710,188,fmod_dsp_highpass_create,inferred
0x5fb7d0,,fmod_dsp_highpass_reset,inferred
0x5fb7e0,,fmod_dsp_highpass_read,inferred
0x5fb7f0,,fmod_dsp_highpass_set_parameter_float,inferred
0x5fb830,96,fmod_dsp_highpass_get_parameter_float,inferred
0x5fb890,749,fmod_dsp_it_lowpass_get_description,supported
0x5fc800,312,fmod_dsp_it_lowpass_create,inferred
0x5fc940,,fmod_dsp_it_lowpass_reset,inferred
0x5fc950,,fmod_dsp_it_lowpass_read,inferred
0x5fc960,,fmod_dsp_it_lowpass_set_parameter_float,inferred
0x5fc990,96,fmod_dsp_it_lowpass_get_parameter_float,inferred
0x5fcca0,,fmod_codec_fadpcm_get_description,supported
0x5fcd40,390,fmod_codec_fadpcm_read,inferred
0x5fced0,,fmod_codec_fadpcm_setposition,inferred
0x5fcf00,255,fmod_thread_main_loop,inferred
0x5fd000,575,fmod_os_thread_create,supported
0x5fd390,,fmod_output_nosound_getnumdrivers,inferred
0x5fd3a0,37,fmod_output_nosound_getdriverinfo,inferred
0x5fd3d0,250,fmod_output_nosound_init,inferred
0x5fd4d0,63,fmod_output_nosound_close,inferred
0x5fd510,157,fmod_output_nosound_lock,inferred
0x5fd810,87,fmod_codec_oggvorbis_member_5fd810,supported
0x5fd870,93,fmod_codec_oggvorbis_member_5fd870,supported
0x5fd8d0,77,fmod_codec_oggvorbis_member_5fd8d0,supported
0x5fd9a0,357,fmod_codec_oggvorbis_open_impl,inferred
0x5fe040,501,fmod_codec_oggvorbis_read_impl,inferred
0x5fe340,,fmod_codec_oggvorbis_open,inferred
0x5fe350,30,fmod_codec_oggvorbis_close,inferred
0x5fe370,,fmod_codec_oggvorbis_read,inferred
0x5fe380,101,fmod_codec_oggvorbis_setposition,inferred
0x5feaa0,50,fmod_os_misc_member_5feaa0,supported
0x5fec00,77,fmod_profile_member_5fec00,supported
0x5ff0f0,470,fmod_profile_member_5ff0f0,supported
0x600cb0,128,fmod_codec_mod_open_impl,inferred
0x6021f0,863,fmod_codec_mod_read_impl,inferred
0x602550,,fmod_codec_mod_open,inferred
0x602560,,fmod_codec_mod_close,inferred
0x602570,,fmod_codec_mod_read,inferred
0x602580,69,fmod_codec_mod_setposition,inferred
0x6027d0,207,fmod_codec_fsb5_member_6027d0,supported
0x602ac0,1511,fmod_codec_fsb_open_impl,inferred
0x6033c0,636,fmod_codec_fsb5_member_6033c0,supported
0x603980,,fmod_codec_fsb_open,inferred
0x603990,,fmod_codec_fsb_close,inferred
0x6039a0,,fmod_codec_fsb_read,inferred
0x6039b0,144,fmod_codec_fsb_setposition,inferred
0x603a40,,fmod_codec_fsb_soundcreate,inferred
0x603ad0,,fmod_codec_fsb_getwaveformat,inferred
0x603af0,1357,fmod_dsp_fft_get_description,supported
0x604f70,492,fmod_dsp_fft_member_604f70,supported
0x6057a0,227,fmod_dsp_fft_create,inferred
0x605890,,fmod_dsp_fft_release,inferred
0x6058a0,,fmod_dsp_fft_read,inferred
0x6058b0,,fmod_dsp_fft_set_parameter_int,inferred
0x605920,94,fmod_dsp_fft_get_parameter_int,inferred
0x605980,67,fmod_dsp_fft_get_parameter_data,inferred
0x6059d0,74,fmod_dsp_fft_get_parameter_float,inferred
0x605a20,230,fmod_output_nosound_nrt_init,inferred
0x605b10,67,fmod_output_nosound_nrt_close,inferred
0x605b90,464,fmod_dsp_convolutionreverb_get_description,supported
0x6061f0,1719,fmod_dsp_convolutionreverb_member_6061f0,supported
0x607a30,77,fmod_dsp_convolutionreverb_member_607a30,supported
0x608490,106,fmod_dsp_convolutionreverb_create,inferred
0x608660,96,fmod_dsp_convolutionreverb_release,inferred
0x6086c0,4,fmod_dsp_convolutionreverb_reset,inferred
0x6087f0,39,fmod_dsp_convolutionreverb_set_parameter_data,inferred
0x608910,155,fmod_dsp_convolutionreverb_set_parameter_float,inferred
0x6089b0,159,fmod_dsp_convolutionreverb_get_parameter_float,inferred
0x608a50,,fmod_dsp_convolutionreverb_set_parameter_bool,inferred
0x608a70,,fmod_dsp_convolutionreverb_get_parameter_bool,inferred
0x608a90,254,fmod_dsp_convolutionreverb_process,inferred
0x608bf0,24,fmod_dsp_convolutionreverb_sys_mix,inferred
0x60ad60,1034,fmod_codec_xm_open_impl,inferred
0x60c500,858,fmod_codec_xm_read_impl,inferred
0x60c860,,fmod_codec_xm_open,inferred
0x60c870,68,fmod_codec_xm_close,inferred
0x60c8c0,,fmod_codec_xm_read,inferred
0x60c8d0,69,fmod_codec_xm_setposition,inferred
0x60c9b0,4561,fmod_dsp_sfxreverb_get_description,supported
0x60ee00,,fmod_dsp_sfxreverb_create,inferred
0x60ee10,161,fmod_dsp_sfxreverb_release,inferred
0x60eec0,121,fmod_dsp_sfxreverb_reset,inferred
0x60ef40,,fmod_dsp_sfxreverb_should_i_process,inferred
0x60efd0,137,fmod_dsp_sfxreverb_read,inferred
0x60f060,,fmod_dsp_sfxreverb_set_parameter_float,inferred
0x60f070,,fmod_dsp_sfxreverb_get_parameter_float,inferred
0x610020,710,fmod_systemi_dsp_member_610020,supported
0x610920,150,fmod_channelpool_member_610920,supported
0x610d90,410,fmod_dsp_highpass_simple_get_description,supported
0x6119e0,296,fmod_dsp_highpass_simple_create,inferred
0x611b10,,fmod_dsp_highpass_simple_reset,inferred
0x611b20,,fmod_dsp_highpass_simple_read,inferred
0x6130f0,6134,fmod_codec_s3m_open_impl,inferred
0x6148f0,858,fmod_codec_s3m_read_impl,inferred
0x614c50,,fmod_codec_s3m_open,inferred
0x614c60,,fmod_codec_s3m_read,inferred
0x614c70,120,fmod_codec_s3m_setposition,inferred
0x6156f0,330,fmod_downmix_srs_member_6156f0,supported
0x616210,513,fmod_pan_member_616210,supported
0x61a620,221,fmod_codec_member_61a620,supported
0x61ad40,68,fmod_codec_metadata_add,inferred
0x61ae40,208,fmod_metadata_tag_free,inferred
0x61b2a0,245,fmod_metadata_add_tag,inferred
0x61be70,109,fmod_output_wasapi_member_61be70,supported
0x61c4e0,8,fmod_output_wasapi_member_61c4e0,supported
0x61c720,69,fmod_output_wasapi_getnumdrivers,inferred
0x61c770,317,fmod_output_wasapi_getdriverinfo,inferred
0x61c8b0,,fmod_output_wasapi_init,inferred
0x61c8d0,507,fmod_output_wasapi_close,inferred
0x61ccf0,86,fmod_output_wasapi_driver_name_with_loopback,inferred
0x61d080,775,fmod_output_dsound_load_library,supported
0x61d390,403,fmod_output_dsound_member_61d390,supported
0x61e0d0,102,fmod_output_dsound_getnumdrivers,inferred
0x61e140,448,fmod_output_dsound_getdriverinfo,inferred
0x61e300,,fmod_output_dsound_init,inferred
0x61e320,,fmod_output_dsound_close,inferred
0x61e3e0,413,fmod_output_dsound_getposition,inferred
0x61e580,,fmod_output_dsound_lock,inferred
0x61e5a0,,fmod_output_dsound_unlock,inferred
0x61e920,1144,fmod_output_asio_member_61e920,supported
0x61eda0,135,fmod_output_asio_member_61eda0,supported
0x61f9b0,74,fmod_output_asio_getnumdrivers,inferred
0x61fa00,206,fmod_output_asio_getdriverinfo,inferred
0x61fad0,,fmod_output_asio_init,inferred
0x61faf0,500,fmod_output_asio_close,inferred
0x61fe80,81,fmod_output_asio_member_61fe80,supported
0x620190,420,fmod_output_winmm_member_620190,supported
0x620840,60,fmod_output_winmm_record_start,inferred
0x621220,25,fmod_output_winmm_getnumdrivers,inferred
0x621240,180,fmod_output_winmm_getdriverinfo,inferred
0x621300,64,fmod_output_winmm_init,inferred
0x6213a0,218,fmod_output_winmm_getposition,inferred
0x621480,157,fmod_output_winmm_lock,inferred
0x621bc0,65,fmod_output_winsonic_get_driver_name,supported
0x621c10,92,fmod_output_winsonic_member_621c10,supported
0x621f50,29,fmod_output_winsonic_member_621f50,supported
0x625c10,121,fmod_dsp_resampler_member_625c10,supported
0x626ee0,1059,fmod_codec_mpeg_parse_xing_header,inferred
0x632290,1750,fmod_codec_wav_riff_member_632290,supported
0x637300,416,fmod_music_member_637300,supported
0x637bf0,,fmod_codec_music_getlength,inferred
0x637c50,,fmod_codec_music_getposition,inferred
0x63e240,1215,fmod_codec_tag_read_id3v1_fields,inferred
0x63e700,99,fmod_codec_tag_member_63e700,supported
0x63ebb0,73,fmod_codec_tag_read_asf_content_description,inferred
0x63faf0,1352,fmod_net_url_parse,inferred
0x640040,6533,fmod_file_net_http_open,supported
0x641d80,157,fmod_net_shoutcast_parse_stream_title,supported
0x6427c0,1772,fmod_codec_oggvorbis_member_6427c0,supported
0x643c20,624,fmod_codec_oggvorbis_member_643c20,supported
0x6452d0,72,fmod_codec_oggvorbis_setposition_impl,inferred
0x6461b0,984,fmod_codec_oggvorbis_member_6461b0,supported
0x646a40,270,fmod_os_misc_member_646a40,supported
0x646ed0,94,fmod_profile_client_start_threads,supported
0x647720,962,fmod_profile_client_member_647720,supported
0x647d80,2522,asfxdsp_member_647d80,supported
0x648c40,151,asfxdsp_member_648c40,supported
0x65d9f0,258,fmod_output_dsound_record_member_65d9f0,supported
0x65db00,494,fmod_output_dsound_record_member_65db00,supported
0x66be40,38,fmod_codec_oggvorbis_function_66be40,supported
0x66bf40,1069,fmod_codec_oggvorbis_function_66bf40,supported
0x66d540,1090,fmod_codec_oggvorbis_function_66d540,supported
0x66f050,528,fmod_codec_oggvorbis_function_66f050,supported
0x66f310,59,fmod_codec_oggvorbis_function_66f310,supported
0x66f710,1953,fmod_codec_oggvorbis_function_66f710,supported
0x671590,330,fmod_codec_oggvorbis_function_671590,supported
0x672920,1246,fmod_codec_oggvorbis_function_672920,supported
0x672e00,159,fmod_codec_oggvorbis_function_672e00,supported
0x673b60,573,fmod_codec_oggvorbis_function_673b60,supported
0x673da0,946,fmod_codec_oggvorbis_function_673da0,supported
0x674830,678,fmod_codec_oggvorbis_function_674830,supported
0x6751a0,108,havok_referenced_object_deleting_destructor_6751a0,inferred
0x6754a0,78,havok_base_object_deleting_destructor_6754a0,inferred
0x675610,213,havok_qsort_u64,inferred
0x6758b0,96,havok_referenced_object_deleting_destructor_6758b0,inferred
0x675950,96,havok_referenced_object_deleting_destructor_675950,inferred
0x6759b0,96,havok_referenced_object_deleting_destructor_6759b0,inferred
0x675a10,96,havok_referenced_object_deleting_destructor_675a10,inferred
0x675a80,96,havok_referenced_object_deleting_destructor_675a80,inferred
0x675ae0,159,havok_referenced_object_deleting_destructor_675ae0,inferred
0x675b80,96,havok_referenced_object_deleting_destructor_675b80,inferred
0x675be0,99,havok_base_object_deleting_destructor_675be0,inferred
0x6765f0,96,havok_referenced_object_deleting_destructor_6765f0,inferred
0x676730,96,havok_referenced_object_deleting_destructor_676730,inferred
0x676790,78,havok_base_object_deleting_destructor_676790,inferred
0x676a60,96,havok_referenced_object_deleting_destructor_676a60,inferred
0x677560,96,havok_referenced_object_deleting_destructor_677560,inferred
0x677680,144,havok_referenced_object_deleting_destructor_677680,inferred
0x677780,96,havok_referenced_object_deleting_destructor_677780,inferred
0x6777e0,234,havok_agent_linear_cast_wrapper_6777e0,inferred
0x6778d0,63,havok_agent_get_penetrations_wrapper_6778d0,inferred
0x677910,50,havok_agent_get_penetrations_wrapper_677910,inferred
0x677950,72,havok_agent_get_closest_points_wrapper_677950,inferred
0x6779a0,59,havok_agent_get_closest_points_wrapper_6779a0,inferred
0x6779e0,244,havok_agent_linear_cast_wrapper_6779e0,inferred
0x677ae0,147,havok_agent_linear_cast_flip_result_677ae0,inferred
0x677c60,,havok_contact_record_flip,inferred
0x677cd0,102,havok_referenced_object_deleting_destructor_677cd0,inferred
0x677d50,102,havok_referenced_object_deleting_destructor_677d50,inferred
0x677dc0,102,havok_referenced_object_deleting_destructor_677dc0,inferred
0x677eb0,106,havok_referenced_object_deleting_destructor_677eb0,inferred
0x677f20,96,havok_referenced_object_deleting_destructor_677f20,inferred
0x678180,78,havok_base_object_deleting_destructor_678180,inferred
0x6781d0,78,havok_base_object_deleting_destructor_6781d0,inferred
0x678220,,havok_deleting_destructor_thunk_678220,inferred
0x678230,78,havok_base_object_deleting_destructor_678230,inferred
0x678280,244,havok_agent_linear_cast_wrapper_678280,inferred
0x6783f0,96,havok_referenced_object_deleting_destructor_6783f0,inferred
0x678450,234,havok_agent_linear_cast_wrapper_678450,inferred
0x678540,63,havok_agent_get_penetrations_wrapper_678540,inferred
0x678580,72,havok_agent_get_closest_points_wrapper_678580,inferred
0x6785d0,147,havok_agent_linear_cast_flip_result_6785d0,inferred
0x678680,234,havok_agent_linear_cast_wrapper_678680,inferred
0x678770,63,havok_agent_get_penetrations_wrapper_678770,inferred
0x6787b0,72,havok_agent_get_closest_points_wrapper_6787b0,inferred
0x678800,147,havok_agent_linear_cast_flip_result_678800,inferred
0x6788b0,96,havok_referenced_object_deleting_destructor_6788b0,inferred
0x678970,96,havok_referenced_object_deleting_destructor_678970,inferred
0x678a30,50,havok_agent_get_penetrations_wrapper_678a30,inferred
0x678a70,59,havok_agent_get_closest_points_wrapper_678a70,inferred
0x678ab0,244,havok_agent_linear_cast_wrapper_678ab0,inferred
0x678bb0,234,havok_agent_linear_cast_wrapper_678bb0,inferred
0x678ca0,63,havok_agent_get_penetrations_wrapper_678ca0,inferred
0x678ce0,72,havok_agent_get_closest_points_wrapper_678ce0,inferred
0x678d30,147,havok_agent_linear_cast_flip_result_678d30,inferred
0x6791a0,107,havok_referenced_object_deleting_destructor_6791a0,inferred
0x679210,106,havok_referenced_object_deleting_destructor_679210,inferred
0x679280,106,havok_referenced_object_deleting_destructor_679280,inferred
0x6792f0,106,havok_referenced_object_deleting_destructor_6792f0,inferred
0x679360,107,havok_referenced_object_deleting_destructor_679360,inferred
0x6793f0,107,havok_referenced_object_deleting_destructor_6793f0,inferred
0x679970,96,havok_referenced_object_deleting_destructor_679970,inferred
0x6799d0,234,havok_agent_linear_cast_wrapper_6799d0,inferred
0x679ac0,63,havok_agent_get_penetrations_wrapper_679ac0,inferred
0x679b00,50,havok_agent_get_penetrations_wrapper_679b00,inferred
0x679b40,72,havok_agent_get_closest_points_wrapper_679b40,inferred
0x679b90,59,havok_agent_get_closest_points_wrapper_679b90,inferred
0x679bd0,244,havok_agent_linear_cast_wrapper_679bd0,inferred
0x679cd0,147,havok_agent_linear_cast_flip_result_679cd0,inferred
0x679d80,128,havok_referenced_object_deleting_destructor_679d80,inferred
0x67a200,234,havok_agent_linear_cast_wrapper_67a200,inferred
0x67a2f0,63,havok_agent_get_penetrations_wrapper_67a2f0,inferred
0x67a330,50,havok_agent_get_penetrations_wrapper_67a330,inferred
0x67a370,72,havok_agent_get_closest_points_wrapper_67a370,inferred
0x67a3c0,59,havok_agent_get_closest_points_wrapper_67a3c0,inferred
0x67a400,244,havok_agent_linear_cast_wrapper_67a400,inferred
0x67a500,147,havok_agent_linear_cast_flip_result_67a500,inferred
0x67a5b0,106,havok_referenced_object_deleting_destructor_67a5b0,inferred
0x67a690,106,havok_referenced_object_deleting_destructor_67a690,inferred
0x67aa80,63,havok_agent_get_penetrations_wrapper_67aa80,inferred
0x67aac0,50,havok_agent_get_penetrations_wrapper_67aac0,inferred
0x67ab00,72,havok_agent_get_closest_points_wrapper_67ab00,inferred
0x67ab50,59,havok_agent_get_closest_points_wrapper_67ab50,inferred
0x67ab90,244,havok_agent_linear_cast_wrapper_67ab90,inferred
0x67ac90,147,havok_agent_linear_cast_flip_result_67ac90,inferred
0x67ad30,106,havok_referenced_object_deleting_destructor_67ad30,inferred
0x67b010,63,havok_agent_get_penetrations_wrapper_67b010,inferred
0x67b050,50,havok_agent_get_penetrations_wrapper_67b050,inferred
0x67b090,72,havok_agent_get_closest_points_wrapper_67b090,inferred
0x67b0e0,59,havok_agent_get_closest_points_wrapper_67b0e0,inferred
0x67b120,147,havok_agent_linear_cast_flip_result_67b120,inferred
0x67b1c0,63,havok_agent_get_penetrations_wrapper_67b1c0,inferred
0x67b200,50,havok_agent_get_penetrations_wrapper_67b200,inferred
0x67b240,72,havok_agent_get_closest_points_wrapper_67b240,inferred
0x67b290,59,havok_agent_get_closest_points_wrapper_67b290,inferred
0x67b2d0,147,havok_agent_linear_cast_flip_result_67b2d0,inferred
0x67b5d0,106,havok_referenced_object_deleting_destructor_67b5d0,inferred
0x67b980,63,havok_agent_get_penetrations_wrapper_67b980,inferred
0x67b9c0,50,havok_agent_get_penetrations_wrapper_67b9c0,inferred
0x67ba00,72,havok_agent_get_closest_points_wrapper_67ba00,inferred
0x67ba50,59,havok_agent_get_closest_points_wrapper_67ba50,inferred
0x67ba90,147,havok_agent_linear_cast_flip_result_67ba90,inferred
0x67be10,63,havok_agent_get_penetrations_wrapper_67be10,inferred
0x67be50,50,havok_agent_get_penetrations_wrapper_67be50,inferred
0x67be90,72,havok_agent_get_closest_points_wrapper_67be90,inferred
0x67bee0,59,havok_agent_get_closest_points_wrapper_67bee0,inferred
0x67bf20,147,havok_agent_linear_cast_flip_result_67bf20,inferred
0x67bfc0,96,havok_referenced_object_deleting_destructor_67bfc0,inferred
0x67c370,63,havok_agent_get_penetrations_wrapper_67c370,inferred
0x67c3b0,50,havok_agent_get_penetrations_wrapper_67c3b0,inferred
0x67c3f0,72,havok_agent_get_closest_points_wrapper_67c3f0,inferred
0x67c440,59,havok_agent_get_closest_points_wrapper_67c440,inferred
0x67c480,147,havok_agent_linear_cast_flip_result_67c480,inferred
0x67c520,106,havok_referenced_object_deleting_destructor_67c520,inferred
0x67c590,234,havok_agent_linear_cast_wrapper_67c590,inferred
0x67c680,63,havok_agent_get_penetrations_wrapper_67c680,inferred
0x67c6c0,50,havok_agent_get_penetrations_wrapper_67c6c0,inferred
0x67c700,72,havok_agent_get_closest_points_wrapper_67c700,inferred
0x67c750,59,havok_agent_get_closest_points_wrapper_67c750,inferred
0x67c790,244,havok_agent_linear_cast_wrapper_67c790,inferred
0x67c890,147,havok_agent_linear_cast_flip_result_67c890,inferred
0x67c940,234,havok_agent_linear_cast_wrapper_67c940,inferred
0x67ca30,63,havok_agent_get_penetrations_wrapper_67ca30,inferred
0x67ca70,50,havok_agent_get_penetrations_wrapper_67ca70,inferred
0x67cab0,72,havok_agent_get_closest_points_wrapper_67cab0,inferred
0x67cb00,59,havok_agent_get_closest_points_wrapper_67cb00,inferred
0x67cb40,244,havok_agent_linear_cast_wrapper_67cb40,inferred
0x67cc40,147,havok_agent_linear_cast_flip_result_67cc40,inferred
0x67cce0,234,havok_agent_linear_cast_wrapper_67cce0,inferred
0x67cdd0,63,havok_agent_get_penetrations_wrapper_67cdd0,inferred
0x67ce10,50,havok_agent_get_penetrations_wrapper_67ce10,inferred
0x67ce50,72,havok_agent_get_closest_points_wrapper_67ce50,inferred
0x67cee0,244,havok_agent_linear_cast_wrapper_67cee0,inferred
0x67cfe0,147,havok_agent_linear_cast_flip_result_67cfe0,inferred
0x67d1f0,96,havok_referenced_object_deleting_destructor_67d1f0,inferred
0x67d250,96,havok_referenced_object_deleting_destructor_67d250,inferred
0x67d2b0,78,havok_base_object_deleting_destructor_67d2b0,inferred
0x67d300,16,havok_referenced_object_deleting_destructor_67d300,inferred
0x67d500,78,havok_base_object_deleting_destructor_67d500,inferred
0x67d630,40,havok_contact_mgr_factory_set_type_name,inferred
0x67d660,108,havok_referenced_object_deleting_destructor_67d660,inferred
0x67d740,57,havok_base_object_deleting_destructor_67d740,inferred
0x67d780,96,havok_referenced_object_deleting_destructor_67d780,inferred
0x67d810,107,havok_referenced_object_deleting_destructor_67d810,inferred
0x67d880,78,havok_base_object_deleting_destructor_67d880,inferred
0x67d918,,havok_deleting_destructor_thunk_67d918,inferred
0x67d924,,havok_deleting_destructor_thunk_67d924,inferred
0x67d930,,havok_deleting_destructor_thunk_67d930,inferred
0x67d93c,,havok_deleting_destructor_thunk_67d93c,inferred
0x67d948,,havok_deleting_destructor_thunk_67d948,inferred
0x67db50,78,havok_base_object_deleting_destructor_67db50,inferred
0x67dde0,78,havok_base_object_deleting_destructor_67dde0,inferred
0x67df30,78,havok_base_object_deleting_destructor_67df30,inferred
0x67dff0,78,havok_base_object_deleting_destructor_67dff0,inferred
0x67e040,78,havok_base_object_deleting_destructor_67e040,inferred
0x67e190,78,havok_base_object_deleting_destructor_67e190,inferred
0x67e1e0,78,havok_base_object_deleting_destructor_67e1e0,inferred
0x67e230,88,havok_base_object_deleting_destructor_67e230,inferred
0x67e2a0,78,havok_base_object_deleting_destructor_67e2a0,inferred
0x67e2f0,78,havok_base_object_deleting_destructor_67e2f0,inferred
0x67e340,78,havok_base_object_deleting_destructor_67e340,inferred
0x67e390,88,havok_base_object_deleting_destructor_67e390,inferred
0x67e3f0,78,havok_base_object_deleting_destructor_67e3f0,inferred
0x67e440,88,havok_base_object_deleting_destructor_67e440,inferred
0x67e4a0,78,havok_base_object_deleting_destructor_67e4a0,inferred
0x67e500,78,havok_base_object_deleting_destructor_67e500,inferred
0x67e560,118,havok_referenced_object_deleting_destructor_67e560,inferred
0x67e5e0,78,havok_base_object_deleting_destructor_67e5e0,inferred
0x67e630,118,havok_referenced_object_deleting_destructor_67e630,inferred
0x67e710,78,havok_base_object_deleting_destructor_67e710,inferred
0x67e874,,havok_deleting_destructor_thunk_67e874,inferred
0x67e880,,havok_deleting_destructor_thunk_67e880,inferred
0x67e88c,,havok_deleting_destructor_thunk_67e88c,inferred
0x67ec70,78,havok_base_object_deleting_destructor_67ec70,inferred
0x67ed60,96,havok_referenced_object_deleting_destructor_67ed60,inferred
0x67ef20,96,havok_referenced_object_deleting_destructor_67ef20,inferred
0x67ef90,96,havok_referenced_object_deleting_destructor_67ef90,inferred
0x67eff0,78,havok_base_object_deleting_destructor_67eff0,inferred
0x67f070,78,havok_base_object_deleting_destructor_67f070,inferred
0x67f0c0,107,havok_referenced_object_deleting_destructor_67f0c0,inferred
0x67f12c,,havok_deleting_destructor_thunk_67f12c,inferred
0x67f150,78,havok_base_object_deleting_destructor_67f150,inferred
0x67f5c0,78,havok_base_object_deleting_destructor_67f5c0,inferred
0x67f7b0,130,havok_referenced_object_deleting_destructor_67f7b0,inferred
0x67f910,,havok_deleting_destructor_thunk_67f910,inferred
0x67f91c,,havok_deleting_destructor_thunk_67f91c,inferred
0x67f9f0,81,havok_referenced_object_deleting_destructor_67f9f0,inferred
0x67fa80,96,havok_referenced_object_deleting_destructor_67fa80,inferred
0x67fae0,,havok_deleting_destructor_thunk_67fae0,inferred
0x67faec,,havok_deleting_destructor_thunk_67faec,inferred
0x67fb20,96,havok_referenced_object_deleting_destructor_67fb20,inferred
0x67fbdc,,havok_deleting_destructor_thunk_67fbdc,inferred
0x67fbe8,,havok_deleting_destructor_thunk_67fbe8,inferred
0x67fbf4,,havok_deleting_destructor_thunk_67fbf4,inferred
0x67fc00,,havok_deleting_destructor_thunk_67fc00,inferred
0x67fc18,,havok_deleting_destructor_thunk_67fc18,inferred
0x67fc24,,havok_deleting_destructor_thunk_67fc24,inferred
0x67fc30,96,havok_referenced_object_deleting_destructor_67fc30,inferred
0x67fd40,78,havok_base_object_deleting_destructor_67fd40,inferred
0x67fd90,88,havok_base_object_deleting_destructor_67fd90,inferred
0x67fdf0,78,havok_base_object_deleting_destructor_67fdf0,inferred
0x67fe40,,havok_deleting_destructor_thunk_67fe40,inferred
0x67fe4c,,havok_deleting_destructor_thunk_67fe4c,inferred
0x67fe58,,havok_deleting_destructor_thunk_67fe58,inferred
0x67fe64,,havok_deleting_destructor_thunk_67fe64,inferred
0x67ff80,96,havok_referenced_object_deleting_destructor_67ff80,inferred
0x680000,96,havok_referenced_object_deleting_destructor_680000,inferred
0x680204,,havok_deleting_destructor_thunk_680204,inferred
0x680210,78,havok_base_object_deleting_destructor_680210,inferred
0x680260,78,havok_base_object_deleting_destructor_680260,inferred
0x6802b0,88,havok_base_object_deleting_destructor_6802b0,inferred
0x680310,88,havok_base_object_deleting_destructor_680310,inferred
0x680370,88,havok_base_object_deleting_destructor_680370,inferred
0x6803d0,78,havok_base_object_deleting_destructor_6803d0,inferred
0x680998,,havok_deleting_destructor_thunk_680998,inferred
0x6809a4,,havok_deleting_destructor_thunk_6809a4,inferred
0x6809b0,,havok_deleting_destructor_thunk_6809b0,inferred
0x6809bc,,havok_deleting_destructor_thunk_6809bc,inferred
0x680ad0,96,havok_referenced_object_deleting_destructor_680ad0,inferred
0x680c70,160,havok_referenced_object_deleting_destructor_680c70,inferred
0x680e50,12,havok_ptr_array_free_blocks_and_storage_680e50,inferred
0x680f00,12,havok_ptr_array_free_blocks_and_storage_680f00,inferred
0x680fb0,20,havok_ptr_array_free_blocks_680fb0,inferred
0x681030,20,havok_ptr_array_free_blocks_681030,inferred
0x681160,179,havok_referenced_object_deleting_destructor_681160,inferred
0x681220,102,havok_referenced_object_deleting_destructor_681220,inferred
0x684e50,4913,havok_kdtree_builder_build,supported
0x686270,96,havok_referenced_object_deleting_destructor_686270,inferred
0x6862d0,160,havok_referenced_object_deleting_destructor_6862d0,inferred
0x686740,12,havok_ptr_array_free_blocks_and_storage_686740,inferred
0x6867f0,12,havok_ptr_array_free_blocks_and_storage_6867f0,inferred
0x6868a0,245,havok_referenced_object_deleting_destructor_6868a0,inferred
0x6869a0,160,havok_referenced_object_deleting_destructor_6869a0,inferred
0x686b60,20,havok_ptr_array_free_blocks_686b60,inferred
0x686be0,20,havok_ptr_array_free_blocks_686be0,inferred
0x686c60,12,havok_ptr_array_free_blocks_and_storage_686c60,inferred
0x686d10,12,havok_ptr_array_free_blocks_and_storage_686d10,inferred
0x686dc0,12,havok_ptr_array_free_blocks_and_storage_686dc0,inferred
0x686e70,20,havok_ptr_array_free_blocks_686e70,inferred
0x686ef0,20,havok_ptr_array_free_blocks_686ef0,inferred
0x6872a0,3172,havok_mopp_float_aabb_vm_query_a,supported
0x687f10,3220,havok_mopp_float_aabb_vm_query_b,supported
0x688cb0,88,havok_base_object_deleting_destructor_688cb0,inferred
0x688d20,78,havok_base_object_deleting_destructor_688d20,inferred
0x688d70,96,havok_referenced_object_deleting_destructor_688d70,inferred
0x688dd0,96,havok_referenced_object_deleting_destructor_688dd0,inferred
0x688e30,267,port64_address_space_init,inferred
0x688f3c,379,port64_pointer_to_compact_handle,supported
0x6890b8,,memory_is_all_zero,inferred
0x68911c,35,os_heap_alloc,supported
0x689140,45,os_heap_free,supported
0x689170,275,os_heap_realloc,supported
0x689284,72,os_get_page_size_cached,inferred
0x6892cc,103,os_heap_alloc_aligned,inferred
0x689368,105,os_get_logical_processor_count,supported
0x6893d4,324,os_query_logical_processor_information,supported
0x689518,79,wide_to_ascii_truncate,inferred
0x689568,443,qsort_u16_with_context,inferred
0x689724,423,qsort_u32_with_context,inferred
0x6898cc,780,qsort_generic_with_context,inferred
0x689bd8,150,hash_table_new,inferred
0x689c70,104,hash_table_reset,inferred
0x689cd8,,hash_table_relocate_pointers,inferred
0x689d6c,139,hash_table_insert,inferred
0x689df8,152,hash_table_remove,inferred
0x689e90,89,hash_table_find_value_copy,inferred
0x689eec,121,hash_table_find_entry,inferred
0x689f68,145,string_hash,inferred
0x689ffc,,string_equal,inferred
0x68a01c,69,lock_group_acquire_all,inferred
0x68a064,46,lock_group_release_all,inferred
0x68a094,109,relative_heap_new,supported
0x68a104,51,relative_heap_delete,inferred
0x68a138,64,relative_heap_init_in_place,inferred
0x68a178,194,relative_heap_compact_block,inferred
0x68a23c,,relative_heap_free_bytes_after_last_block,inferred
0x68a270,156,relative_heap_alloc,supported
0x68a30c,279,relative_heap_realloc,inferred
0x68a424,,relative_heap_free,inferred
0x68a470,62,relative_heap_alloc_pointer,inferred
0x68a4b0,136,relative_heap_header_init,supported
0x68a538,108,relative_heap_find_space_at_end,inferred
0x68a5a4,97,relative_heap_find_space_first_fit,inferred
0x68a608,136,relative_heap_find_space_best_fit,inferred
0x68a690,141,relative_heap_find_space,inferred
0x68a720,192,relative_heap_block_create,supported
0x68a7e0,136,bsearch_with_context,inferred
0x68a868,231,system_user_machine_id_string,supported
0x68a950,357,job_manager_submit,inferred
0x68ac2c,,job_queue_slot_init,inferred
0x68ac40,178,job_manager_pools_init,inferred
0x68acf4,86,job_manager_pools_dispose,inferred
0x68ad4c,131,job_batch_release_tokens,inferred
0x68add0,232,job_batch_alloc_tokens,inferred
0x68aeb8,,job_batch_set_job,inferred
0x68b130,219,job_index_list_push,inferred
0x68b20c,,job_index_list_pop,inferred
0x68b578,,job_queue_head_init,inferred
0x68b584,264,job_manager_init,supported
0x68b68c,,ai_player_state_globals_tls_bind_callback,inferred
0x68b6ac,149,ai_player_state_reset_all,inferred
0x68b744,192,ai_player_state_claim_slot,inferred
0x68c518,63,ai_player_state_find_by_player,inferred
0x68c558,105,ai_player_any_needs_vehicle_internal,inferred
0x68c5c4,34,ai_player_state_get_field_0x20,inferred
0x68d4bc,,ai_player_state_globals_allocator_free,inferred
0x68d4e8,129,ai_player_state_globals_allocator_allocate,inferred
0x68d73c,,ai_globals_tls_bind_callback,inferred
0x68d75c,2252,ai_module_initialize,supported
0x68e028,,ai_module_dispose,inferred
0x68e050,1967,ai_initialize_for_new_map,inferred
0x68e800,477,ai_dispose_from_old_map,inferred
0x68e9e0,312,ai_initialize_for_new_zone_set,inferred
0x68eb18,293,ai_dispose_from_old_zone_set,inferred
0x68ec74,381,ai_place_flagged_squads_at_map_start,inferred
0x68edf4,333,ai_update,inferred
0x68f5e4,249,object_gc_policy_remove_swarms_callback,inferred
0x68f6f8,355,object_gc_policy_remove_squads_gather_callback,inferred
0x68f85c,181,object_gc_policy_remove_squads_step_callback,inferred
0x690668,114,forward_12_args_to_68fedc_with_zero,inferred
0x690fe0,103,unit_get_root_or_driver_object,inferred
0x69237c,77,ai_smooth_falloff_curve,inferred
0x6936a4,,object_get_ai_reference_position,inferred
0x6937f4,,ai_globals_allocator_free,inferred
0x693820,129,ai_globals_allocator_allocate,inferred
0x694910,930,ai_formation_compute_slot_positions,inferred
0x694cb4,587,ai_squad_place,inferred
0x6973ac,633,ai_squad_groups_update,inferred
0x697ec0,105,squad_get_start_location_data,inferred
0x697f2c,,squad_get_scenario_squad_definition,inferred
0x69c0ec,,squad_actor_iterator_new,inferred
0x69c150,,squad_actor_iterator_next,inferred
0x69c1c4,87,squad_group_iterator_next,inferred
0x69c900,142,squad_get_task_record_first_field,inferred
0x69cb18,,squad_get_field_0xb0,inferred
0x69cc54,,squad_group_allocator_free,inferred
0x69cc80,129,squad_group_allocator_allocate,inferred
0x69cd04,,squad_allocator_free,inferred
0x69cd30,129,squad_allocator_allocate,inferred
0x69cdb4,,vocalization_timers_tls_bind_callback,inferred
0x69d0e4,,ai_scenario_get_current_zone_data,inferred
0x69d16c,81,ai_scenario_get_zone_entry,inferred
0x69d70c,414,ai_play_vocalization_internal,inferred
0x6a2f10,126,ai_vocalization_timers_bank_index,inferred
0x6a2f90,59,ai_vocalization_timers_get,inferred
0x6a30c4,,vocalization_records_allocator_free,inferred
0x6a30f0,129,vocalization_records_allocator_allocate,inferred
0x6a3174,,vocalization_timers_allocator_free,inferred
0x6a31a0,129,vocalization_timers_allocator_allocate,inferred
0x6a48e0,,ai_globals_flag_check,inferred
0x6a490c,,character_properties_cache_allocator_free,inferred
0x6a4938,129,character_properties_cache_allocator_allocate,inferred
0x6a4a00,,ai_reference_frame_tls_bind_callback,inferred
0x6a4a20,48,ai_reference_frame_hash_table_tls_bind_callback,inferred
0x6a663c,94,ai_bring_forward_internal,inferred
0x6aa324,130,ai_erase_inactive_internal,inferred
0x6aad88,215,actor_apply_idle_unit_input,inferred
0x6aae60,88,actor_release_unit_control,inferred
0x6aaf48,179,ai_set_active_camo_internal,inferred
0x6ab104,,ai_braindead_internal,inferred
0x6ae164,,actor_iterator_begin,inferred
0x6ae194,115,actor_iterator_next,inferred
0x6ae208,113,ai_spatial_query_iterator_init,inferred
0x6ae27c,427,ai_spatial_query_iterator_next,inferred
0x6af4c8,,ai_reference_frame_hash_table_allocator_free,inferred
0x6af4f4,129,ai_reference_frame_hash_table_allocator_allocate,inferred
0x6af578,,ai_reference_frame_allocator_free,inferred
0x6af5a4,129,ai_reference_frame_allocator_allocate,inferred
0x6af628,,actor_allocator_free,inferred
0x6af654,129,actor_allocator_allocate,inferred
0x6b02c8,223,command_script_find_or_create,inferred
0x6b0648,171,command_script_command_slot_init,inferred
0x6b06f4,273,cs_run_command_script_internal,inferred
0x6b0808,181,cs_stack_command_script_internal,inferred
0x6b08c0,158,cs_queue_command_script_internal,inferred
0x6b13c4,1329,vs_cast_internal,inferred
0x6b1c3c,508,command_script_for_each_slot,inferred
0x6b1e38,39,command_script_slot_state_clear,inferred
0x6b2020,75,command_script_slot_state_dispose,inferred
0x6b2870,,command_script_slot_state_get_phase,inferred
0x6b2878,214,command_script_slots_busy,inferred
0x6b2950,,ai_point_ref_is_valid,inferred
0x6b29cc,143,ai_point_ref_is_valid_or_unset,inferred
0x6b2a5c,294,object_teleport_to_ai_point_internal,inferred
0x6b2b84,,command_scripts_state_unregister,inferred
0x6b2bb0,129,command_scripts_state_register,inferred
0x6b2d4c,,ai_record_list_append,inferred
0x6b3ef0,362,ai_movement_evaluator_previously_discarded,inferred
0x6b405c,,ai_movement_evaluator_goal_points_only,inferred
0x6b4158,,ai_movement_evaluator_flag_preferences,inferred
0x6b423c,,ai_movement_evaluator_leadership,inferred
0x6b4310,,ai_movement_evaluator_perch_preferences,inferred
0x6b43d8,,ai_movement_evaluator_goal_preferences,inferred
0x6b44d8,,ai_movement_evaluator_postsearch_prefer_original,inferred
0x6b45d8,375,ai_movement_evaluator_current_position_shared,inferred
0x6b4750,512,ai_movement_evaluator_too_far_from_leader,inferred
0x6b4950,,ai_movement_evaluator_wall_leanable,inferred
0x6b4a1c,524,ai_movement_evaluator_multi_target,inferred
0x6b4c28,337,ai_movement_evaluator_heatmap,inferred
0x6b4d7c,419,ai_movement_evaluator_flank,inferred
0x6b4f20,1065,ai_movement_evaluator_obstacle,inferred
0x6b534c,1124,ai_movement_evaluator_inertia_preservation,inferred
0x6b57b0,,ai_movement_evaluator_combat_cue,inferred
0x6b58b0,643,ai_movement_evaluator_combatmove_elevation,inferred
0x6b5b34,742,ai_movement_evaluator_combatmove_follow_unit,inferred
0x6b5e1c,533,ai_movement_evaluator_move_localized,inferred
0x6b6260,242,ai_movement_evaluator_move_distance,inferred
0x6b6354,242,ai_movement_evaluator_vehicle_move_distance,inferred
0x6b6448,1050,ai_movement_evaluator_combatmove_lineoffire_shared,inferred
0x6b6864,,ai_movement_evaluator_panic_closetotarget,inferred
0x6b69b8,,ai_movement_evaluator_hide_equipment,inferred
0x6b6ae4,598,ai_movement_evaluator_attack_dangerousenemy,inferred
0x6b6d3c,1102,ai_movement_evaluator_attack_idealrange_shared,inferred
0x6b718c,617,ai_movement_evaluator_attack_leader_distance,inferred
0x6b73f8,923,ai_movement_evaluator_directional_movement,inferred
0x6b7794,324,ai_movement_evaluator_facing,inferred
0x6b78d8,,ai_movement_evaluator_flee_to_leader,inferred
0x6b79a4,1589,ai_movement_evaluator_task_direction,inferred
0x6b7fdc,1230,ai_movement_evaluator_danger_zone_shared,inferred
0x6b84ac,339,ai_movement_evaluator_panic_targetdistance,inferred
0x6b8600,934,ai_movement_evaluator_generic_flagged,inferred
0x6b89a8,641,ai_movement_evaluator_pursuit_search_pattern,inferred
0x6b8c2c,232,ai_movement_evaluator_attack_visible_shared,inferred
0x6b8d14,,ai_movement_evaluator_guard_cover,inferred
0x6b8d80,,ai_movement_evaluator_vehicle_hide_cover,inferred
0x6b8de8,,ai_movement_evaluator_uncover_visible,inferred
0x6b8e7c,,ai_movement_evaluator_hide_cover,inferred
0x6b8f68,379,ai_movement_evaluator_3d_path_available,inferred
0x6b90e4,1476,ai_movement_candidate_list_prepare,inferred
0x6b96a8,392,ai_movement_weights_apply_pass1,supported
0x6b9830,421,ai_movement_weights_apply_pass2,inferred
0x6b99d8,,ai_movement_candidate_compare,inferred
0x6b9a40,386,ai_movement_weights_apply_all,inferred
0x6ba2e4,249,ai_movement_update_entry,inferred
0x6ba3e0,3532,ai_movement_select_destination,inferred
0x6bc854,,ai_actor_ref_ring_reset,inferred
0x6bc8ac,,ai_actor_ref_ring_push,inferred
0x6bcebc,,ai_point_ref_resolve,inferred
0x6bd5e8,241,ai_ref_format_debug_name,supported
0x6bd7d4,,ai_actor_ref_validate_index,inferred
0x6bd848,246,ai_ref_to_actor_index,inferred
0x6bda90,428,ai_vehicle_get_from_squad_internal,inferred
0x6bdc3c,176,ai_player_get_vehicle_squad_internal,inferred
0x6bdcec,212,player_in_vehicle_internal,inferred
0x6bddc0,221,ai_vehicle_count_internal,inferred
0x6bdea0,478,ai_ref_iterator_setup_scope,inferred
0x6be080,244,ai_ref_iterator_next_squad,inferred
0x6be174,172,ai_ref_actor_iterator_begin,inferred
0x6be220,259,ai_ref_actor_iterator_next,inferred
0x6be324,99,ai_command_scripts_clear_owner,supported
0x6be388,265,ai_actors_internal,inferred
0x6be494,190,ai_index_from_spawn_formation_internal,inferred
0x6be554,220,ai_cannot_die_internal,inferred
0x6be630,244,ai_vitality_pinned_internal,inferred
0x6be724,179,ai_place_in_vehicle_internal,inferred
0x6be7d8,89,ai_get_unit_internal,inferred
0x6be834,330,ai_get_turret_ai_internal,inferred
0x6be980,1191,ai_random_smart_point_internal,inferred
0x6bee28,310,ai_nearest_point_internal,inferred
0x6bf01c,208,ai_disposable_internal,inferred
0x6bf0ec,280,ai_set_deaf_internal,inferred
0x6bf204,280,ai_set_blind_internal,inferred
0x6bf31c,263,ai_set_fireteam_absorber_internal,inferred
0x6bf424,357,ai_magically_see_internal,inferred
0x6bf58c,334,ai_magically_see_object_internal,inferred
0x6bf6dc,184,ai_grunt_kamikaze_internal,inferred
0x6bf794,184,ai_engineer_explode_internal,inferred
0x6bf84c,501,ai_squad_count_query,inferred
0x6bfa44,,ai_body_count_internal,inferred
0x6bfb14,202,ai_fighting_count_internal,inferred
0x6bfbe0,413,ai_migrate_infanty_internal,inferred
0x6bfd80,490,ai_migrate_internal,inferred
0x6bff6c,258,ai_allegiance_internal,inferred
0x6c0070,424,ai_enter_squad_vehicles_internal,inferred
0x6c0dcc,261,ai_vehicle_enter_internal,inferred
0x6c0ed4,307,ai_vehicle_exit_internal,inferred
0x6c1008,229,ai_braindead_by_unit_internal,inferred
0x6c10f0,115,ai_set_targeting_group_internal,inferred
0x6c1164,970,ai_teleport_to_spawn_point_if_outside_bsp_internal,inferred
0x6c1530,803,ai_teleport_internal,inferred
0x6c1854,428,ai_renew_internal,inferred
0x6c1a00,350,ai_force_active_internal,inferred
0x6c1b60,180,ai_exit_limbo_internal,inferred
0x6c1c14,201,ai_set_team_internal,inferred
0x6c1ce0,144,ai_object_targeting_slot_find_or_alloc,inferred
0x6c1d70,223,ai_vehicle_reserve_seat_internal,inferred
0x6c1e50,220,ai_vehicle_reserve_internal,inferred
0x6c1fac,470,ai_play_line_internal,inferred
0x6c2184,478,ai_play_line_at_player_internal,inferred
0x6c2454,619,ai_play_line_on_point_set_internal,inferred
0x6c26c0,214,flock_create_internal,inferred
0x6c2798,283,flock_destination_set_position_internal,inferred
0x6c28b4,204,flock_destination_copy_position_internal,inferred
0x6c2980,193,cs_command_script_running_internal,inferred
0x6c2a44,204,cs_command_script_attached_internal,inferred
0x6c2d28,144,ai_kill_internal,inferred
0x6c2db8,175,ai_dont_do_avoidance_internal,inferred
0x6c2e68,308,ai_add_navpoint_internal,inferred
0x6c3258,,actor_behavior_stack_stamp_frame,inferred
0x6c32ec,,actor_behavior_stack_find_level_by_id,inferred
0x6c4c9c,,actor_behavior_stack_get_state_template,inferred
0x6e707c,290,ai_actor_get_area_property_138,inferred
0x6e71a0,295,ai_actor_get_area_property_1ec,inferred
0x6e72c8,379,ai_actor_get_area_property_150,inferred
0x6e7444,306,ai_actor_get_area_property_15c,inferred
0x6e7578,308,ai_actor_get_area_property_168,inferred
0x6e76ac,274,ai_actor_get_area_property_198,inferred
0x6e77c0,278,ai_actor_get_area_property_174,inferred
0x6e78d8,274,ai_actor_get_area_property_114,inferred
0x6e79ec,221,ai_actor_get_area_property_78,inferred
0x6e7acc,324,ai_actor_get_area_property_1c8,inferred
0x6e7c10,,ai_projected_position_copy,inferred
0x6e7c94,182,ai_location_find_area_property_138,inferred
0x6e7d4c,182,ai_location_find_area_property_1ec,inferred
0x6e7e04,182,ai_location_find_area_property_150,inferred
0x6e7ebc,182,ai_location_find_area_property_15c,inferred
0x6e7f74,182,ai_location_find_area_property_168,inferred
0x6e802c,182,ai_location_find_area_property_198,inferred
0x6e80e4,182,ai_location_find_area_property_174,inferred
0x6e819c,182,ai_location_find_area_property_114,inferred
0x6e8254,176,ai_location_find_area_property_78,inferred
0x6e8304,182,ai_location_find_area_property_1c8,inferred
0x6e8444,109,performance_ref_is_valid,inferred
0x6e84b4,,performance_ref_flag_test,inferred
0x6e8510,,performance_ref_get_name_id,inferred
0x6e8724,,performance_ref_get_origin,inferred
0x6e87bc,,performance_get_role_count_internal,inferred
0x6e8874,525,performance_ref_find_role_by_id,inferred
0x6e8a84,605,performance_ref_get_role_by_index,inferred
0x6e974c,,performance_get_line_count_internal,inferred
0x6e9814,326,performance_ref_get_line,inferred
0x6e99cc,,performance_line_compute_content_flags,inferred
0x6e9a60,138,performance_line_script_ready_test,inferred
0x6ea558,191,performance_add_actor,inferred
0x6ea618,174,performance_release_actors,inferred
0x6ea740,,performance_pending_item_flag_test,inferred
0x6ea820,172,performance_all_actors_ready,inferred
0x6eb07c,,performance_find_slot_by_actor,inferred
0x6eb0dc,,performance_find_slot_by_role,inferred
0x6eb140,109,performance_get_actor_for_line,inferred
0x6eb2f0,144,performance_pending_add,inferred
0x6eb380,,performance_pending_remove,inferred
0x6ed940,281,thespian_folder_deactivate_internal,inferred
0x6eda5c,503,thespian_performance_setup_and_begin_internal,inferred
0x6edc54,316,performance_new_internal,inferred
0x6edd90,231,cast_squad_in_performance_internal,inferred
0x6ede78,73,performance_begin_internal,inferred
0x6edec4,190,thespian_performance_kill_by_name_internal,inferred
0x6edf84,217,thespian_performance_kill_by_ai_internal,inferred
0x6ee060,377,thespian_fake_task_transition_internal,inferred
0x6ee1dc,170,performance_play_line_internal,inferred
0x6ee288,494,performance_play_line_by_id_internal,inferred
0x6ee478,,performance_get_actor_by_index_internal,inferred
0x6ee4cc,192,performance_get_actor_core,inferred
0x6ee58c,,performance_actor_iterator_next,inferred
0x6ee604,,performance_runtime_definition_state_unregister,inferred
0x6ee630,129,performance_runtime_definition_state_register,inferred
0x6ee6b4,,performance_state_unregister,inferred
0x6ee6e0,129,performance_state_register,inferred
0x6ef214,177,character_properties_scale_by_difficulty_a,inferred
0x6ef67c,107,character_properties_scale_by_difficulty_b,inferred
0x6ef6e8,,ai_location_init_from_actor,inferred
0x6ef724,,ai_location_init_from_position,inferred
0x6efaf0,251,character_properties_get_weight_list,inferred
0x6efcc4,313,actor_get_cached_position_record,inferred
0x6efe00,84,actor_get_projected_position_for_surface,inferred
0x6f0b6c,162,character_properties_cache_aux_3bc,inferred
0x6f0c10,186,character_properties_cache_fill_3bc,inferred
0x6f0ccc,,character_properties_cache_aux_528,inferred
0x6f0d9c,360,character_properties_cache_fill_528,inferred
0x6f0f04,162,character_properties_cache_aux_484,inferred
0x6f0fa8,239,character_properties_cache_fill_484,inferred
0x6f11b0,,actor_get_character_properties,inferred
0x6f1350,,character_properties_cache_invalidate_3a4,inferred
0x6f1358,,character_properties_cache_fill_3a4,inferred
0x6f13cc,,character_properties_cache_invalidate_e4,inferred
0x6f13d4,,character_properties_cache_fill_e4,inferred
0x6f1444,,character_properties_cache_invalidate_528,inferred
0x6f144c,,character_properties_cache_invalidate_3bc,inferred
0x6f1454,,character_properties_cache_invalidate_1c8,inferred
0x6f145c,193,character_properties_cache_fill_1c8,inferred
0x6f1520,,character_properties_cache_invalidate_268,inferred
0x6f1528,172,character_properties_cache_fill_2f4,inferred
0x6f15d4,,character_properties_cache_fill_268,inferred
0x6f1674,128,character_properties_cache_fill_2c4,inferred
0x6f16f4,,character_properties_cache_invalidate_164,inferred
0x6f16fc,,character_properties_cache_fill_164,inferred
0x6f179c,,character_properties_cache_invalidate_c,inferred
0x6f17a4,193,character_properties_cache_fill_c,inferred
0x6f1868,,character_properties_cache_invalidate_350,inferred
0x6f1870,,character_properties_cache_fill_350,inferred
0x6f18fc,,character_properties_cache_invalidate_3b4,inferred
0x6f1904,,character_properties_cache_fill_3b4,inferred
0x6f1944,,character_properties_cache_invalidate_484,inferred
0x6f194c,,character_properties_cache_invalidate_fc,inferred
0x6f1954,62,character_properties_cache_fill_fc,inferred
0x6f1994,,character_properties_cache_invalidate_b4,inferred
0x6f199c,,character_properties_cache_fill_b4,inferred
0x6f1a20,251,stimulus_type_filter_update,inferred
0x6f1b1c,194,stimulus_type_filter_test,inferred
0x6f1de0,,stimulus_type_code_to_index,supported
0x6f2094,350,stimulus_update_prune,inferred
0x6f22a0,,stimulus_data_iterator_init,inferred
0x6f22e0,127,stimulus_data_iterator_next,inferred
0x6f2360,94,stimulus_ref_iterator_begin_for_stimulus,inferred
0x6f23c0,,stimulus_ref_iterator_begin_for_actor,inferred
0x6f246c,209,stimulus_ref_iterator_next,inferred
0x6f2540,262,stimulus_find_matching,inferred
0x6f2648,154,stimulus_post_basic,inferred
0x6f26e4,381,stimulus_new_or_merge,inferred
0x6f2864,115,stimulus_delete,inferred
0x6f28d8,337,stimulus_ref_delete,inferred
0x6f6c58,,stimulus_ref_state_unregister,inferred
0x6f6c84,129,stimulus_ref_state_register,inferred
0x6f6d08,,stimulus_data_state_unregister,inferred
0x6f6d34,129,stimulus_data_state_register,inferred
0x6f6dfc,290,ai_fire_teams_reset_runtime,inferred
0x6f6f20,162,ai_directive_new,inferred
0x6f6fc4,129,ai_directive_invoke_dispose_hook,inferred
0x6f7128,83,ai_directive_invoke_hook_28,inferred
0x6f717c,,ai_directive_candidate_compare,inferred
0x6f7198,111,ai_directive_candidates_sort,inferred
0x6f7208,,ai_directive_candidate_add,inferred
0x6f7278,,ai_directive_candidate_next,inferred
0x6f730c,,ai_directives_state_unregister,inferred
0x6f7338,129,ai_directives_state_register,inferred
0x6f85cc,,ai_task_records_publish_callback,inferred
0x6f87d4,288,ai_objective_task_record_init,inferred
0x6f88f4,157,ai_objective_tasks_init_all,inferred
0x6f8994,898,ai_reset_objective_internal,inferred
0x6f8d18,401,ai_objectives_update,inferred
0x6f8eac,1121,ai_objective_update_task_records,inferred
0x6f97a8,1049,ai_objective_assignment_step,inferred
0x6fd3d8,1224,ai_objective_task_tree_evaluate,inferred
0x6fe9d8,161,ai_set_task_internal,inferred
0x6fedc0,381,ai_task_status_internal,inferred
0x6fef40,236,ai_set_task_condition_internal,inferred
0x6ff02c,234,ai_leadership_internal,inferred
0x6ff118,331,ai_leadership_all_internal,inferred
0x6ff264,211,ai_task_count_internal,inferred
0x6ff428,,ai_squad_objective_task_is_valid,inferred
0x6ff494,281,ai_objective_task_tree_iterate,inferred
0x6ff7a4,,ai_objective_task_squad_iterator_next,inferred
0x6ff814,169,ai_objective_task_squad_iterator_begin,inferred
0x6ff8c0,180,ai_objective_task_squad_iterator_begin_alt,inferred
0x6ff9e0,,ai_task_records_state_unregister,inferred
0x6ffa0c,129,ai_task_records_state_register,inferred
0x6ffa90,,ai_objectives_state_unregister,inferred
0x6ffabc,129,ai_objectives_state_register,inferred
0x7019b4,,ai_ref_set_type_0xe,inferred
0x70210c,415,ai_path_search_state_init,inferred
0x7022ac,743,ai_path_search_add_start_node,inferred
0x702594,232,ai_path_search_begin,inferred
0x70267c,4587,ai_path_search_run,inferred
0x703868,167,ai_path_search_heap_sift_up,inferred
0x703910,245,ai_path_search_heap_sift_down,inferred
0x703a08,111,ai_path_search_heap_pop_min,inferred
0x703a78,67,ai_path_search_heap_push,inferred
0x70467c,120,ai_path_search_node_hash_find,inferred
0x7046f4,234,math_closest_point_on_segment,inferred
0x7047e0,281,ai_path_point_to_segment_falloff_cost,inferred
0x7048fc,,ai_path_scratch_buffer_acquire,inferred
0x70497c,,ai_path_scratch_buffer_release,inferred
0x7049c0,46,ai_path_ref_init,inferred
0x705558,,ai_sort_compare_by_float_descending,inferred
0x70593c,346,ai_compute_view_angle_from_basis,inferred
0x7066ac,,ai_actor_get_position_or_squad_position,inferred
0x70671c,235,ai_angle_to_cone_bucket,inferred
0x707a88,237,prop_ref_update_ai_scale_timer,inferred
0x707b78,3528,ai_actor_set_team_and_update_props,inferred
0x7098c4,174,ai_unit_has_boarding_seat,inferred
0x709974,236,ai_unit_vehicle_boarding_check,inferred
0x709a60,75,ai_actor_unit_is_vehicle_boarding,inferred
0x709cc8,135,actor_set_target_prop,inferred
0x709d50,124,prop_ref_mark_updated_and_notify,inferred
0x70a8b0,85,actor_get_target_prop_type,inferred
0x70a908,224,ai_actor_find_ability_record,inferred
0x70ab58,87,ai_actors_set_lod_override,supported
0x70abb0,,ai_sort_compare_by_dword_greater,inferred
0x70c584,66,ai_cue_datum_publication_callback,inferred
0x70c5c8,167,ai_cue_remove_by_name_id,supported
0x70c670,362,ai_cue_get_first_location,inferred
0x70c7dc,283,ai_cue_place,supported
0x70c8f8,,ai_cue_iterator_begin,inferred
0x70c938,105,ai_cue_iterator_next,inferred
0x70c9a4,,ai_cue_publication_unregister,inferred
0x70c9d0,129,ai_cue_publication_register,inferred
0x70ca54,66,squad_patrol_datum_publication_callback,inferred
0x70ca98,180,squad_patrol_iterate_update,inferred
0x70cb4c,270,squad_patrol_find_by_scenario_index,inferred
0x70cc5c,218,squad_patrol_set_enabled,supported
0x70cd38,188,squad_patrol_get_next_point_handle,inferred
0x70cdf4,188,ai_actors_any_ready_for_patrol,inferred
0x70d3c4,2002,squad_patrol_advance_waypoint,inferred
0x70e784,989,squad_patrol_record_clear,inferred
0x70ef40,517,squad_patrol_point_ref_validate,inferred
0x70f148,,squad_patrol_publication_unregister,inferred
0x70f174,129,squad_patrol_publication_register,inferred
0x70f420,192,cs_approach_set,supported
0x70f4e0,242,cs_action_set,supported
0x70f5d4,249,cs_play_sound_set,supported
0x70f6d0,534,cs_custom_animation_set,supported
0x70f8e8,,cs_force_combat_status_set,supported
0x70f930,,cs_look_point_set,inferred
0x70f98c,,cs_look_object_set,supported
0x70f9dc,163,cs_aim_set,supported
0x70fa80,114,cs_aim_point_set,inferred
0x70faf4,176,cs_aim_player_set,supported
0x70fba4,129,cs_aim_object_set,supported
0x70fc28,95,cs_face_set,supported
0x70fc88,81,cs_face_point_set,inferred
0x70fcdc,99,cs_face_object_set,supported
0x70fd40,109,cs_face_player_set,supported
0x70fdb0,181,cs_shoot_set,supported
0x70fe68,183,cs_shoot_point_set,inferred
0x70ff20,,cs_crouch_set,supported
0x70ff78,375,cs_move_look_target_update,inferred
0x7100f0,695,cs_teleport_to_firing_position,supported
0x7103a8,,ai_unit_object_is_ai_reference_type,inferred
0x71042c,272,ai_reference_frame_bind_object,inferred
0x71053c,187,ai_reference_frames_reset_all,inferred
0x7105f8,222,ai_reference_frame_find_by_object_tag,inferred
0x7106d8,208,ai_point_make_object_relative,inferred
0x7107a8,385,ai_reference_frame_local_to_world_point,inferred
0x71092c,384,ai_reference_frame_transform_vector_a,inferred
0x710aac,421,ai_reference_frame_world_to_local_point,inferred
0x710c54,421,ai_reference_frame_transform_vector_b,inferred
0x710dfc,86,ai_reference_frame_point_resolve_checked,inferred
0x710e54,82,ai_point_resolve_to_world,inferred
0x710ea8,100,ai_point_resolve_to_local_checked,inferred
0x710f0c,157,ai_point_distance_squared,inferred
0x710fac,139,ai_point_distance_squared_to_world_position,inferred
0x711038,182,ai_point_distance_squared_2d_or_scaled,inferred
0x7110f0,134,ai_point_delta_vector,inferred
0x711178,148,ai_reference_frames_share_moving_object,inferred
0x71120c,384,ai_dialogue_line_start,supported
0x71138c,694,ai_dialogue_line_find_by_id,supported
0x711644,328,ai_dialogue_line_lookup,supported
0x71178c,279,ai_dialogue_line_play_on_point_set,supported
0x7124a4,320,ai_prop_iterate_when_enabled,inferred
0x7125e4,,ai_destination_init_empty,inferred
0x712c7c,93,ai_destination_set_point,inferred
0x712cdc,54,ai_destination_set_position_only,inferred
0x712d48,87,ai_destination_set_object,inferred
0x713044,161,actor_get_destination_direction,inferred
0x713574,110,actor_get_current_destination_point,inferred
0x7135e4,,actor_set_aim_vector,inferred
0x7136ac,,actor_clear_aim_target_if_match,inferred
0x713704,237,actor_aim_vector_aligned_with_facing,inferred
0x7137f4,,actor_raise_alert_level,inferred
0x714740,140,actor_note_unit_flag_from_object,inferred
0x7155f8,122,actor_unit_get_animation_set_flag,inferred
0x715674,79,actor_unit_can_use_hand_animation,inferred
0x716544,89,actor_action_stop_if_idle,inferred
0x7165a0,281,actor_unit_is_driver_of_vehicle_type,inferred
0x717b98,487,actor_path_point_find_index_for_sector,inferred
0x717d80,304,math_rotate_2d_by_unit_vector,inferred
0x717eb0,,actor_command_script_is_moving_state,supported
0x717f00,,actor_move_request_clear,inferred
0x717f50,80,actor_move_state_reset,inferred
0x717fa0,,actor_set_state_byte_0x342,inferred
0x718018,120,actor_destination_record_is_pending,inferred
0x718090,318,actor_move_request_begin,inferred
0x7181d0,316,actor_path_distance_to_point_index,inferred
0x71830c,539,actor_path_nearest_point_distance,inferred
0x718528,128,actor_find_first_valid_path_point,inferred
0x7185a8,291,actor_get_path_point_distance,inferred
0x71951c,697,actor_unit_tag_ref_scan_first_match,inferred
0x7197d8,,ai_compare_signed_byte_priority,inferred
0x71b35c,307,actor_unit_find_ref_in_tag_blocks,inferred
0x71b490,222,ai_activity_find_by_id,supported
0x71b570,331,actor_activity_set,supported
0x71b6bc,109,actor_activity_abort,supported
0x71b72c,435,actor_activity_get_current_info,inferred
0x71b8e0,328,ai_enabled_guarded_unit_helper_a,inferred
0x71ba28,377,ai_enabled_guarded_unit_helper_b,inferred
0x71bba4,670,ai_enabled_guarded_unit_helper_c,inferred
0x71be44,321,ai_enabled_guarded_unit_helper_d,inferred
0x71bf88,1116,actor_board_vehicle_begin,inferred
0x71c3e4,493,actor_vehicle_board_distance_check,inferred
0x71c5d4,505,ai_enabled_guarded_unit_helper_e,inferred
0x71c7d0,345,actor_set_target_vehicle,inferred
0x71c92c,305,actor_set_target_seat,inferred
0x71ca60,250,actor_vehicle_enter_try_current_target,inferred
0x71cc8c,149,actor_vehicle_enter_try_reserved_seat,inferred
0x71cd24,540,actor_vehicle_enter_distance_compute,inferred
0x71cf40,394,vehicle_seat_is_enterable,inferred
0x71d0cc,669,vehicle_distance_to_nearest_seat,inferred
0x71d36c,847,actor_vehicle_enter_try_seat,inferred
0x71d6bc,389,actor_reserve_vehicle_seat,inferred
0x71d844,206,actor_release_vehicle_seat_reservation,inferred
0x71d914,173,vehicle_seat_reservation_get,inferred
0x71d9c4,311,actor_has_seat_reservation_for_team,inferred
0x71dbe4,804,actor_vehicle_seat_search,inferred
0x71df08,197,actor_vehicle_seat_available,inferred
0x71e104,452,actor_vehicle_enter_pick_seat,inferred
0x720cec,905,actor_berserk_set,supported
0x721078,154,actor_berserk_effect_update,inferred
0x721114,177,cs_stow_set,supported
0x7211c8,292,cs_posture_exit_set,supported
0x7212ec,117,actor_unit_has_flag_0x2c_state_in_range,inferred
0x721364,93,actor_unit_has_flag_0x36,inferred
0x7227c8,276,ai_vocalization_get_priority_scale,inferred
0x7228dc,725,ai_vocalization_record_create,supported
0x722e80,133,ai_vocalization_list_contains_record,inferred
0x722f08,120,ai_vocalization_record_delete,inferred
0x722f80,1230,ai_vocalization_scheduler_tick,inferred
0x723450,122,ai_vocalization_record_cancel_chain,inferred
0x7234cc,149,ai_vocalization_list_has_pending,inferred
0x723564,192,ai_vocalization_find_for_unit_a,inferred
0x723624,185,ai_vocalization_find_for_unit_b,inferred
0x7236e0,183,ai_vocalization_timers_update,inferred
0x723b78,184,ai_path_trace_to_point_normalized,inferred
0x723c30,286,ai_path_trace_between_points_checked,inferred
0x723d50,2268,ai_path_trace_between_points,inferred
0x72462c,189,ai_path_trace_direction_clear,inferred
0x7246ec,1589,ai_line_of_sight_or_trace_with_fallback,inferred
0x725238,122,ai_trace_forward_default_step,inferred
0x7252b4,187,ai_trace_forward_step,inferred
0x725370,363,ai_find_sector_for_position_with_global_query,inferred
0x7254dc,198,ai_trace_to_point_length_clamped,inferred
0x7255a4,242,ai_find_sector_for_position_up_offset,inferred
0x7278bc,,actor_is_in_state_4,inferred
0x72804c,557,ai_pick_random_offset_position,inferred
0x728a54,194,ai_random_scaled_float_from_record,inferred
0x728c2c,,ai_zone_get_firing_position_block,inferred
0x72ab54,,actor_alert_timer_expired,inferred
0x72af38,66,ai_sync_action_arranger_datum_publication_callback,inferred
0x72af7c,395,ai_sync_action_arranger_remove_unit,inferred
0x72b108,76,actor_leave_sync_action_arranger,inferred
0x72b154,202,ai_sync_action_arranger_create,inferred
0x72b220,157,ai_sync_action_arranger_release_all_participants,inferred
0x72ba8c,210,ai_sync_action_arranger_release_participant,inferred
0x72c688,149,ai_sync_action_arranger_update_participant_transforms,inferred
0x72d3fc,261,ai_sync_action_arranger_participant_detach,inferred
0x72d504,,ai_sync_action_arranger_find_participant,inferred
0x72d568,234,ai_sync_action_arranger_all_participants_ready_a,inferred
0x72d654,198,ai_sync_action_arranger_all_participants_ready_b,inferred
0x72dd78,,ai_sync_action_arranger_publication_unregister,inferred
0x72dda4,129,ai_sync_action_arranger_publication_register,inferred
0x72de28,259,ai_pathfinding_sector_ref_is_valid,inferred
0x72df2c,264,ai_pathfinding_sector_ref_is_valid_alt,inferred
0x72e034,,ai_pathfinding_sector_ref_get_data,inferred
0x72e070,66,squad_datum_publication_callback,inferred
0x72e0b4,,ai_swarm_spawner_globals_set_pointer,inferred
0x72e0d4,,ai_spawner_globals_set_pointer,inferred
0x72e0f4,352,ai_squad_get_first_valid_unit_data,inferred
0x72e7f0,167,ai_squad_detach_unit_links,inferred
0x72e898,203,ai_squad_erase,supported
0x72e964,195,ai_squad_kill_units,supported
0x72eb34,420,ai_squad_remove_unit,inferred
0x7564c0,459,ai_behavior_0xa5_update,inferred
0x75668c,348,ai_behavior_0xa5_act0,inferred
0x7567e8,210,ai_behavior_0xa4_evaluate,inferred
0x7568bc,,ai_behavior_0xa4_begin,inferred
0x7568fc,215,ai_behavior_0xa4_update,inferred
0x7569d4,290,ai_behavior_0xa4_act0,inferred
0x756af8,,ai_behavior_0xa0_evaluate,inferred
0x756b40,,ai_behavior_0xa0_update,inferred
0x757488,424,ai_behavior_0xa7_evaluate,inferred
0x763360,,ai_behavior_0xb_evaluate,inferred
0x7633a0,923,ai_behavior_0xb_begin,inferred
0x76373c,,ai_behavior_0xb_end,inferred
0x76378c,210,ai_behavior_0xb_update,inferred
0x763860,,ai_behavior_0xb_act1,inferred
0x763990,1288,ai_behavior_0x8_evaluate,inferred
0x764450,247,ai_behavior_0x8c_evaluate,inferred
0x764548,241,ai_behavior_0x8c_begin,inferred
0x76463c,44,ai_behavior_0x8c_update,inferred
0x764668,89,ai_behavior_0x97_evaluate,inferred
0x7646c4,79,ai_behavior_0x97_update,inferred
0x764714,412,ai_behavior_0x97_act0,inferred
0x7648b0,,ai_behavior_0x99_evaluate,inferred
0x76490c,115,ai_behavior_0x99_update,inferred
0x764980,,ai_behavior_0x99_begin,inferred
0x764988,1522,ai_behavior_0x99_act0,inferred
0x764f7c,151,ai_behavior_0x9a_evaluate,inferred
0x765014,,ai_behavior_0x98_evaluate,inferred
0x765064,,ai_behavior_0x98_update,inferred
0x7650a8,,ai_behavior_0x98_begin,inferred
0x7650e0,,ai_behavior_0x98_end,inferred
0x765118,195,ai_behavior_0x9b_update,inferred
0x7651dc,242,ai_behavior_0x9b_begin,inferred
0x7652d0,165,ai_behavior_0x9c_begin,inferred
0x765378,133,ai_behavior_0x9c_update,inferred
0x765400,164,ai_behavior_0x9c_act1,inferred
0x76567c,406,ai_behavior_0xb4_update,inferred
0x765ce4,,ai_behavior_0xb4_act0,inferred
0x77e878,712,cinematic_light_blend_state_into_slot,inferred
0x77eb40,233,render_animated_shader_constants_upload,inferred
0x77ec2c,723,render_animated_shader_constants_update,inferred
0x77f020,99,async_record_0x58_get_locked,inferred
0x77f084,38,async_record_0x58_unlock,inferred
0x77f0b8,44,async_record_0x58_release,inferred
0x77f0e4,2303,player_info_record_build,inferred
0x77ff20,35,text_char_is_whitespace,supported
0x77ff44,311,text_markup_get_attribute_string,supported
0x78007c,218,text_markup_get_attribute_hex_u32,inferred
0x780158,575,text_markup_decode_entity,supported
0x780398,511,text_markup_parse_run,inferred
0x780598,193,text_markup_text_handler,inferred
0x78065c,310,text_markup_tag_dispatch,inferred
0x780834,,scenario_tag_ref_0x83c_data_get,inferred
0x780a08,,xshow_device_selector_task_get_name,supported
0x780a10,97,xshow_device_selector_task_complete,inferred
0x780a74,320,xshow_device_selector_task_result_handler,inferred
0x780bb4,,xshow_device_selector_task_init,inferred
0x780bd8,116,rockall_fixed_region_backend_delete_area,inferred
0x780c4c,,rockall_fixed_region_backend_page_size,inferred
0x780c54,363,rockall_fixed_region_backend_new_area,inferred
0x780dc0,52,rockall_fixed_region_backend_deleting_destructor,inferred
0x780e48,251,rockall_fixed_region_heap_init,inferred
0x780f50,52,rockall_front_end_deleting_destructor,inferred
0x780f84,101,rockall_fixed_region_heap_create,inferred
0x780fec,,object_copy_motion_state_from_record,inferred
0x781c64,174,float_move_toward_target_clamped_rate,inferred
0x781d14,,float_apply_input_with_accel_limits,inferred
0x781dd8,98,float_drive_toward_target_with_limits,inferred
0x78205c,171,math_triangle_angle_from_sides_acos,supported
0x783ef0,513,random_ease_vector_update,inferred
0x784910,144,hk_class_deleting_destructor,inferred
0x784ce0,28,hk_ring_buffer_grow_0x100_elements,inferred
0x784dd0,180,hk_ring_buffer_push_0x100_element,inferred
0x784e90,179,hk_ring_buffer_push_0x100_element_b,inferred
0x784f50,108,hk_class_deleting_destructor,inferred
0x785000,96,hk_class_deleting_destructor,inferred
0x7850a0,96,hk_class_deleting_destructor,inferred
0x7853a0,235,sort_u16_pair_array_quicksort,inferred
0x785490,206,sort_u16_keyed_dword_array_quicksort,inferred
0x785560,316,sort_ptr_pair_array_by_field_0x24_quicksort,inferred
0x7856a0,96,hk_class_deleting_destructor,inferred
0x785700,114,hk_class_deleting_destructor,inferred
0x785774,,this_adjust_thunk_to_785700_minus_0x10,supported
0x785780,,this_adjust_thunk_to_785700_minus_0x18,supported
0x78578c,,this_adjust_thunk_to_785700_minus_0x8,supported
0x785ac0,102,hk_class_deleting_destructor,inferred
0x785c90,136,hk_class_deleting_destructor,inferred
0x785d18,,this_adjust_thunk_to_785c90_minus_0x8,supported
0x785d24,,this_adjust_thunk_to_785c90_minus_0x28,supported
0x785d30,,this_adjust_thunk_to_785c90_minus_0x10,supported
0x785d3c,,this_adjust_thunk_to_785c90_minus_0x18,supported
0x785d48,,this_adjust_thunk_to_785c90_minus_0x20,supported
0x785d60,107,hk_class_deleting_destructor,inferred
0x785e10,,hk_multi_base_object_init,inferred
0x785ea0,136,hk_class_deleting_destructor,inferred
0x785f28,,this_adjust_thunk_to_785ea0_minus_0x8,supported
0x785f34,,this_adjust_thunk_to_785ea0_minus_0x28,supported
0x785f40,,this_adjust_thunk_to_785ea0_minus_0x10,supported
0x785f4c,,this_adjust_thunk_to_785ea0_minus_0x18,supported
0x785f58,,this_adjust_thunk_to_785ea0_minus_0x20,supported
0x787d90,81,hk_class_deleting_destructor,inferred
0x789670,,audio_ring_buffer_init,inferred
0x7896c0,38,audio_buffer_free_cotaskmem,supported
0x7896f0,,audio_ring_buffer_swap_read_position,inferred
0x789734,,waveformat_channel_mask_get,inferred
0x7897d0,,audio_ring_buffer_commit_position,inferred
0x789800,,audio_double_buffer_read_flip,inferred
0x789864,197,audio_speaker_table_copy_cotaskmem,inferred
0x78992c,238,audio_voice_validate_format_and_clone,inferred
0x789a1c,223,waveformat_validate_ms_adpcm,inferred
0x789afc,451,waveformat_validate,inferred
0x789cc0,195,waveformat_validate_xma2,inferred
0x789d84,228,waveformat_validate_xma1,inferred
0x789e68,708,audio_voice_alloc_default_channel_matrix,inferred
0x78a12c,1508,audio_channel_order_sort_for_matrix,inferred
0x78a710,1336,audio_channel_matrix_build,inferred
0x78ac50,116,audio_double_buffer_copy_out,inferred
0x78acc4,,waveformat_get_effective_format_tag,supported
0x78acf4,58,audio_buffer_reset,inferred
0x78ad30,240,waveformat_validate_or_coerce_float32,supported
0x78ae20,217,waveformat_compare_or_copy_masked,inferred
0x78aefc,259,waveformat_clone_as_extensible,supported
0x78b000,,audio_sample_s16_to_float,supported
0x78b014,,audio_sample_s24_packed_20bit_to_float,supported
0x78b040,,audio_sample_s32_20bit_to_float,supported
0x78b058,,audio_sample_s24_packed_to_float,supported
0x78b084,,audio_sample_s32_24bit_to_float,supported
0x78b09c,,audio_sample_s32_to_float,supported
0x78b0ac,,audio_sample_u8_to_float,supported
0x78b0c8,108,cpu_simd_feature_mask_get,inferred
0x78b134,793,audio_mix_kernel_select,inferred
0x78b450,1054,audio_mix_kernel_m7_6in_8out_avx,inferred
0x78b870,1137,audio_mix_kernel_m7_6in_2out,inferred
0x78bce4,1290,audio_mix_kernel_m7_generic_avx,inferred
0x78c1f0,1188,audio_mix_kernel_m7_generic_scalar,inferred
0x78c694,452,audio_mix_kernel_m7_6in_8out_scalar,inferred
0x78c858,2504,audio_mix_kernel_m7_1in_6out_avx,inferred
0x78d220,665,audio_mix_kernel_m7_1in_6out_scalar,inferred
0x78d4bc,1461,audio_mix_kernel_m7_1in_8out_avx,inferred
0x78da74,265,audio_mix_kernel_m7_1in_8out_scalar,inferred
0x78db80,1473,audio_mix_kernel_m7_1in_2out_avx,inferred
0x78e144,313,audio_mix_kernel_m7_1in_2out_scalar,inferred
0x78e280,1928,audio_mix_kernel_m7_4in_6out,inferred
0x78ea08,2993,audio_mix_kernel_m7_2in_6out_avx,inferred
0x78f5bc,869,audio_mix_kernel_m7_2in_6out_scalar,inferred
0x78f924,1970,audio_mix_kernel_m7_2in_8out_avx,inferred
0x7900d8,427,audio_mix_kernel_m7_2in_8out_scalar,inferred
0x790284,1804,audio_mix_kernel_m7_2in_2out_avx,inferred
0x790990,1231,audio_mix_kernel_m1_6in_2out,inferred
0x790e60,1580,audio_mix_kernel_m1_generic_avx,inferred
0x79148c,1033,audio_mix_kernel_m1_generic_small_scalar,inferred
0x791898,506,audio_mix_kernel_m1_generic_scalar,inferred
0x791a94,720,audio_mix_kernel_m1_1in_6out,inferred
0x791d64,389,audio_mix_kernel_m1_1in_2out,inferred
0x791eec,1971,audio_mix_kernel_m1_4in_6out,inferred
0x7926a0,888,audio_mix_kernel_m1_2in_6out,inferred
0x792a18,1002,audio_mix_kernel_generic_matrix,supported
0x792e04,163,cpu_cpuid_cache_init,supported
0x792ea8,77,cpu_avx_usable,supported
0x792ef8,40,cpu_has_sse3,inferred
0x792f20,43,cpu_has_sse41,inferred
0x792f4c,43,cpu_has_sse42,inferred
0x792f90,28,cpu_cpuid_leaf_read,supported
0x79b2d0,378,EVP_CIPHER_CTX_copy,inferred
0x79b450,110,EVP_CIPHER_CTX_ctrl,supported
0x79b4c0,144,EVP_CIPHER_CTX_reset,inferred
0x79b550,36,EVP_CIPHER_CTX_new,supported
0x79b580,162,EVP_CIPHER_CTX_rand_key,supported
0x79b630,135,EVP_CIPHER_CTX_free,inferred
0x79b6c0,184,EVP_CIPHER_CTX_set_key_length,supported
0x79b780,,EVP_CIPHER_CTX_set_padding,supported
0x79b7a0,37,EVP_CipherFinal_ex,inferred
0x79b7d0,976,EVP_CipherInit_ex,inferred
0x79bba0,47,EVP_CipherUpdate,inferred
0x79bbd0,89,EVP_DecryptFinal_ex,inferred
0x79bdb0,41,EVP_DecryptInit_ex,inferred
0x79bde0,637,EVP_DecryptUpdate,inferred
0x79c060,314,EVP_EncryptFinal_ex,inferred
0x79c1a0,41,EVP_EncryptInit_ex,inferred
0x79c1d0,65,EVP_EncryptUpdate,inferred
0x79c220,645,evp_EncryptDecryptUpdate,inferred
0x79c4f0,272,aes_init_key,inferred
0x79c600,225,aes_cbc_cipher,inferred
0x79c6f0,140,aes_ecb_cipher,inferred
0x79c780,163,aes_ofb_cipher,inferred
0x79c830,176,aes_cfb_cipher,inferred
0x79c8e0,176,aes_cfb8_cipher,inferred
0x79c990,101,aes_cfb1_cipher,inferred
0x79cb30,234,aes_ctr_cipher,inferred
0x79cc20,120,aes_gcm_cleanup,inferred
0x79cca0,1176,aes_gcm_ctrl,inferred
0x79d140,276,aes_gcm_init_key,inferred
0x79d260,341,aes_gcm_cipher,inferred
0x79d3c0,197,aes_xts_ctrl,inferred
0x79d490,77,aes_xts_init_key,inferred
0x79d5b0,239,aes_xts_cipher,inferred
0x79d6a0,708,aes_ccm_ctrl,inferred
0x79d970,236,aes_ccm_init_key,inferred
0x79da60,609,aes_ccm_cipher,inferred
0x79dcd0,210,aes_wrap_init_key,inferred
0x79ddb0,452,aes_wrap_cipher,inferred
0x79df80,346,aes_ocb_ctrl,inferred
0x79e0e0,75,aes_ocb_init_key,inferred
0x79e250,774,aes_ocb_cipher,inferred
0x79e560,40,aes_ocb_cleanup,inferred
0x79eb50,,EVP_CIPHER_CTX_block_size,supported
0x79eb60,,EVP_CIPHER_CTX_buf_noconst,inferred
0x79eb70,,EVP_CIPHER_CTX_cipher,supported
0x79eb80,,EVP_CIPHER_CTX_get_cipher_data,supported
0x79eb90,,EVP_CIPHER_CTX_iv_length,supported
0x79eba0,,EVP_CIPHER_CTX_key_length,supported
0x79ebb0,,EVP_CIPHER_CTX_num,supported
0x79ebc0,,EVP_CIPHER_CTX_set_flags,supported
0x79ebd0,,EVP_CIPHER_CTX_set_num,supported
0x79ebe0,,EVP_CIPHER_CTX_test_flags,supported
0x79ebf0,290,EVP_CIPHER_asn1_to_param,inferred
0x79ed20,159,EVP_CIPHER_get_asn1_iv,inferred
0x79edd0,280,EVP_CIPHER_param_to_asn1,inferred
0x79eef0,33,EVP_CIPHER_set_asn1_iv,inferred
0x79f230,,EVP_MD_CTX_clear_flags,inferred
0x79f270,,EVP_MD_CTX_set_flags,inferred
0x79f290,,EVP_MD_CTX_test_flags,inferred
0x79f2a0,35,EVP_CIPHER_meth_free,supported
0x79f2d0,65,EVP_CIPHER_meth_new,supported
0x79f320,,EVP_CIPHER_meth_set_flags,inferred
0x79f390,66,EVP_MD_size,inferred
0x79f3e0,356,MD5_Final,inferred
0x79f550,,MD5_Init,supported
0x79f590,285,MD5_Update,inferred
0x79f6b0,45,md5_block_data_order,inferred
0x7a0140,395,SHA1_Final,inferred
0x7a02d0,,SHA1_Init,supported
0x7a0320,285,SHA1_Update,inferred
0x7a0440,5110,sha1_block_data_order,inferred
0x7a1840,22,SHA224_Final,inferred
0x7a1860,,SHA224_Init,supported
0x7a18c0,22,SHA224_Update,inferred
0x7a18e0,803,SHA256_Final,inferred
0x7a1c10,,SHA256_Init,supported
0x7a1c70,285,SHA256_Update,inferred
0x7a1d90,53,sha256_block_data_order,inferred
0x7a2ea0,22,SHA384_Final,inferred
0x7a2ec0,,SHA384_Init,supported
0x7a2f50,22,SHA384_Update,inferred
0x7a2f70,359,SHA512,supported
0x7a30e0,2061,SHA512_Final,inferred
0x7a38f0,,SHA512_Init,supported
0x7a3980,264,SHA512_Update,inferred
0x7a3a90,,sha512_224_init,supported
0x7a3b20,,sha512_256_init,supported
0x7a3bb0,41,sha512_block_data_order,inferred
0x7a57b0,41,BN_GENCB_free,supported
0x7a57e0,78,BN_GENCB_new,supported
0x7a5830,,BN_GENCB_set,inferred
0x7a5840,,BN_abs_is_word,inferred
0x7a5a30,139,BN_clear_free,inferred
0x7a5cc0,116,BN_copy,supported
0x7a5e60,100,BN_free,supported
0x7a5ed0,,BN_get_flags,supported
0x7a5ee0,,BN_get_word,supported
0x7a5f00,,BN_is_bit_set,supported
0x7a5f30,,BN_is_negative,supported
0x7a5f40,,BN_is_odd,supported
0x7a5f60,,BN_is_one,supported
0x7a5f80,,BN_is_word,inferred
0x7a5fb0,,BN_is_zero,supported
0x7a6040,88,BN_new,supported
0x7a60a0,256,BN_num_bits,supported
0x7a61a0,,BN_num_bits_word,supported
0x7a6280,88,BN_secure_new,supported
0x7a62e0,,BN_security_bits,inferred
0x7a6350,164,BN_set_bit,inferred
0x7a6400,,BN_set_flags,supported
0x7a6410,,BN_set_negative,supported
0x7a6430,98,BN_set_word,supported
0x7a64d0,,BN_ucmp,supported
0x7a6530,,BN_with_flags,inferred
0x7a6560,,BN_zero_ex,supported
0x7a6810,,bn_correct_top,supported
0x7a6840,280,bn_expand_internal,inferred
0x7a6980,35,bn_wexpand,supported
0x7a69b0,,X509_CINF_it,supported
0x7a69c0,178,x509_cb,inferred
0x7a6ba0,29,X509_free,supported
0x7a6bc0,,X509_it,supported
0x7a6bd0,29,d2i_X509,supported
0x7a7040,94,EVP_PKEY_free,supported
0x7a70a0,89,EVP_PKEY_free_it,supported
0x7a7100,,EVP_PKEY_get0,inferred
0x7a7110,67,EVP_PKEY_get0_EC_KEY,inferred
0x7a7160,79,EVP_PKEY_get0_poly1305,inferred
0x7a71b0,77,EVP_PKEY_get0_siphash,inferred
0x7a7270,181,EVP_PKEY_new,supported
0x7a77b0,50,EVP_PKEY_size,supported
0x7a7840,,EVP_PKEY_up_ref,supported
0x7a7860,276,RSA_free,inferred
0x7a7980,24,RSA_new,inferred
0x7a79a0,181,RSA_new_method,inferred
0x7a7cd0,103,RSA_security_bits,inferred
0x7a7d60,25,RSA_private_decrypt,supported
0x7a7d80,25,RSA_private_encrypt,supported
0x7a7da0,25,RSA_public_decrypt,supported
0x7a7dc0,25,RSA_public_encrypt,supported
0x7a7de0,128,RSA_setup_blinding,inferred
0x7a8070,39,RSA_size,supported
0x7a80a0,94,RSA_sign,inferred
0x7a8200,79,RSA_verify,inferred
0x7a8250,286,encode_pkcs1,inferred
0x7a8370,139,int_rsa_verify,inferred
0x7a86c0,151,mem_write,inferred
0x7a87c0,185,mem_read,inferred
0x7a8880,145,mem_puts,inferred
0x7a8980,98,mem_gets,inferred
0x7a8aa0,570,mem_ctrl,inferred
0x7a8ce0,24,mem_new,inferred
0x7a8d00,25,mem_new,inferred
0x7a8d20,137,mem_free,inferred
0x7a8db0,61,BIO_new_mem_buf,inferred
0x7a8e80,,BIO_s_mem,supported
0x7a8e90,,BIO_s_secmem,supported
0x7a9260,843,PKCS12_parse,inferred
0x7a97c0,,PKCS12_MAC_DATA_it,supported
0x7a97d0,,PKCS12_SAFEBAG_it,supported
0x7a97e0,,PKCS12_BAGS_it,supported
0x7a9810,,PKCS12_AUTHSAFES_it,supported
0x7a9820,,PKCS12_SAFEBAGS_it,supported
0x7a9830,29,PKCS12_SAFEBAG_free,supported
0x7a9850,29,PKCS12_free,supported
0x7a9870,29,d2i_PKCS12,supported
0x7a9890,23,ERR_STATE_free,inferred
0x7a9930,82,ERR_add_error_data,supported
0x7a9a80,32,ERR_clear_error,inferred
0x7a9f70,266,ERR_get_state,supported
0x7aa520,305,ERR_put_error,supported
0x7aa660,59,ERR_get_error_internal,inferred
0x7aa6a0,134,do_err_strings_init,supported
0x7aa990,,err_string_data_cmp,inferred
0x7aa9b0,,err_string_data_hash,inferred
0x7aad10,77,CRYPTO_malloc,supported
0x7aad60,55,CRYPTO_free,supported
0x7aada0,201,CRYPTO_realloc,supported
0x7aae70,124,CRYPTO_clear_free,supported
0x7aaef0,288,CRYPTO_clear_realloc,inferred
0x7ab060,,CRYPTO_get_mem_functions,supported
0x7ab090,125,CRYPTO_zalloc,supported
0x7ab110,32,OPENSSL_cleanse,supported
0x7ab130,,CRYPTO_memcmp,supported
0x7ab160,51,OPENSSL_die,supported
0x7ab1a0,830,OPENSSL_showfatal,supported
0x7ab500,104,RAND_bytes,supported
0x7ab570,83,RAND_get_rand_method,supported
0x7ab630,193,RAND_priv_bytes,inferred
0x7ab700,125,RAND_cleanup_int,inferred
0x7ab780,186,do_rand_init,supported
0x7ab910,59,rand_pool_free_buffer_or_cleanse,inferred
0x7abef0,129,rand_pool_add_begin,inferred
0x7abf80,95,rand_pool_add_end,inferred
0x7abfe0,149,rand_pool_attach,supported
0x7ac080,175,rand_pool_bytes_needed,inferred
0x7ac130,,rand_pool_entropy_available,inferred
0x7ac150,80,rand_pool_free,supported
0x7ac1a0,233,rand_pool_new,supported
0x7ac290,89,ENGINE_get_cipher,inferred
0x7ac420,243,ENGINE_finish,inferred
0x7ac520,229,ENGINE_init,inferred
0x7ac710,1508,AES_decrypt,inferred
0x7acd00,1538,AES_encrypt,inferred
0x7ad310,160,AES_set_decrypt_key,inferred
0x7ad570,68,AES_set_encrypt_key,supported
0x7ae4b0,62,AES_cbc_encrypt,inferred
0x7ae4f0,68,CRYPTO_cbc128_decrypt,inferred
0x7ae7a0,37,CRYPTO_cbc128_encrypt,inferred
0x7ae970,124,CRYPTO_ctr128_encrypt,inferred
0x7aeaf0,617,CRYPTO_ctr128_encrypt_ctr32,inferred
0x7aee20,116,CRYPTO_ofb128_encrypt,inferred
0x7aef90,33,CRYPTO_cfb128_1_encrypt,inferred
0x7af0b0,30,CRYPTO_cfb128_8_encrypt,inferred
0x7af160,643,CRYPTO_cfb128_encrypt,inferred
0x7af3f0,199,cfbr_encrypt_block,inferred
0x7af7d0,83,CRYPTO_gcm128_aad,supported
0x7af900,91,CRYPTO_gcm128_decrypt,inferred
0x7afcb0,79,CRYPTO_gcm128_decrypt_ctr32,inferred
0x7b0000,90,CRYPTO_gcm128_encrypt,inferred
0x7b03d0,79,CRYPTO_gcm128_encrypt_ctr32,inferred
0x7b0730,487,CRYPTO_gcm128_finish,inferred
0x7b0920,282,CRYPTO_gcm128_init,supported
0x7b0a40,88,CRYPTO_gcm128_setiv,inferred
0x7b0c70,83,CRYPTO_gcm128_tag,supported
0x7b0cd0,442,gcm_ghash_4bit,inferred
0x7b0e90,358,gcm_gmult_4bit,inferred
0x7b1000,524,gcm_init_4bit,supported
0x7b1210,62,CRYPTO_ccm128_aad,inferred
0x7b1e80,,CRYPTO_ccm128_init,supported
0x7b1ec0,166,CRYPTO_ccm128_setiv,inferred
0x7b1f70,71,CRYPTO_ccm128_tag,inferred
0x7b2ac0,71,CRYPTO_ocb128_cleanup,supported
0x7b2b10,271,CRYPTO_ocb128_copy_ctx,inferred
0x7b3950,,ASN1_TYPE_get,supported
0x7b3a30,105,ASN1_TYPE_set,inferred
0x7b3bf0,23,ASN1_OBJECT_free,supported
0x7b3ca0,88,ASN1_OBJECT_new,supported
0x7b3d00,113,a2d_ASN1_OBJECT,inferred
0x7b4150,71,c2i_ASN1_OBJECT,inferred
0x7b43b0,173,d2i_ASN1_OBJECT,inferred
0x7b45f0,220,ASN1_TYPE_get_int_octetstring,inferred
0x7b46d0,47,ASN1_TYPE_get_octetstring,inferred
0x7b47e0,123,ASN1_TYPE_set_octetstring,inferred
0x7b4cc0,,OBJ_length,inferred
0x7b4cd0,,OBJ_get0_data,inferred
0x7b4e00,178,OBJ_nid2ln,inferred
0x7b4ec0,173,OBJ_nid2obj,supported
0x7b4f70,176,OBJ_nid2sn,inferred
0x7b5b40,117,obj_cleanup_int,inferred
0x7b5bc0,189,EVP_PKEY_CTX_ctrl,inferred
0x7b5f40,150,EVP_PKEY_CTX_md,inferred
0x7b60c0,84,int_ctx_new,inferred
0x7b62d0,73,CRYPTO_secure_clear_free,inferred
0x7b6320,22,CRYPTO_secure_free,inferred
0x7b6340,22,CRYPTO_secure_malloc,inferred
0x7b6360,22,CRYPTO_secure_zalloc,inferred
0x7b6380,131,BN_MONT_CTX_copy,inferred
0x7b6410,82,BN_MONT_CTX_free,inferred
0x7b6470,149,BN_MONT_CTX_new,supported
0x7b69b0,60,BN_mod_mul_montgomery,inferred
0x7b6fb0,38,BN_mod_mul_montgomery_square,inferred
0x7b7110,29,ASN1_NULL_new,supported
0x7b71b0,29,ASN1_ANY_free,supported
0x7b71d0,29,ASN1_ANY_new,supported
0x7b7240,29,d2i_ASN1_INTEGER,supported
0x7b7260,29,d2i_ASN1_OCTET_STRING,supported
0x7b7280,29,d2i_ASN1_ANY,supported
0x7b72a0,29,i2d_ASN1_INTEGER,supported
0x7b72c0,29,i2d_ASN1_OCTET_STRING,supported
0x7b72e0,29,i2d_ASN1_SEQUENCE_ANY,supported
0x7b7300,29,i2d_ASN1_SET_ANY,supported
0x7b7320,29,i2d_ASN1_ANY,supported
0x7b7350,29,X509_ALGOR_free,supported
0x7b73b0,29,X509_ALGOR_new,supported
0x7b7540,29,d2i_X509_ALGOR,supported
0x7b7560,29,i2d_X509_ALGOR,supported
0x7b7590,45,pubkey_cb,inferred
0x7b7870,252,x509_pubkey_decode,inferred
0x7b7990,135,x509_name_ex_d2i,inferred
0x7b7c60,467,x509_name_encode,inferred
0x7b7e40,183,x509_name_ex_new,inferred
0x7b7f00,19,x509_name_ex_free,inferred
0x7b7f80,49,x509_name_ex_print,inferred
0x7b7fd0,32,X509_NAME_ENTRY_dup,supported
0x7b7ff0,29,X509_NAME_ENTRY_free,supported
0x7b8010,29,X509_NAME_ENTRY_new,supported
0x7b8030,32,X509_NAME_dup,supported
0x7b8050,29,X509_NAME_free,supported
0x7b8080,29,X509_NAME_new,supported
0x7b80a0,363,X509_NAME_print,inferred
0x7b8210,29,i2d_X509_NAME,supported
0x7b8300,167,x509_name_canon,inferred
0x7b8700,42,OPENSSL_sk_delete,supported
0x7b8730,125,OPENSSL_sk_delete_ptr,inferred
0x7b87d0,71,OPENSSL_sk_free,supported
0x7b8820,93,OPENSSL_sk_insert,inferred
0x7b8910,,OPENSSL_sk_is_sorted,inferred
0x7b8920,59,OPENSSL_sk_new,supported
0x7b8960,57,OPENSSL_sk_new_null,supported
0x7b89a0,165,OPENSSL_sk_new_reserve,inferred
0x7b8a50,,OPENSSL_sk_num,supported
0x7b8a60,42,OPENSSL_sk_pop,supported
0x7b8a90,28,OPENSSL_sk_pop_free,supported
0x7b8b30,38,OPENSSL_sk_push,supported
0x7b8b60,54,OPENSSL_sk_reserve,inferred
0x7b8ba0,,OPENSSL_sk_set,supported
0x7b8be0,,OPENSSL_sk_set_cmp_func,supported
0x7b8c00,41,OPENSSL_sk_shift,supported
0x7b8c80,,OPENSSL_sk_value,supported
0x7b8ca0,91,internal_sk_delete,inferred
0x7b9330,74,CRYPTO_get_ex_data_helper,inferred
0x7b9380,133,CRYPTO_get_ex_new_index,inferred
0x7b96c0,104,CRYPTO_set_ex_data,inferred
0x7b97a0,33,ex_data_free_ex_callback,supported
0x7b97d0,110,ex_data_cleanup,inferred
0x7b9840,70,do_ex_data_init,supported
0x7b9890,147,get_and_lock,inferred
0x7b9930,161,ASN1_item_dup,inferred
0x7b9a00,55,ASN1_item_new,supported
0x7b9a40,700,asn1_item_embed_new,inferred
0x7ba040,25,ASN1_item_ex_free,inferred
0x7ba060,36,ASN1_item_free,supported
0x7ba090,57,asn1_item_embed_free,inferred
0x7ba4d0,148,ASN1_item_d2i,supported
0x7baed0,118,asn1_ex_c2i,inferred
0x7bc8a0,25,ASN1_item_i2d,inferred
0x7bd2c0,29,X509_CERT_AUX_free,supported
0x7bd4a0,29,d2i_X509_CERT_AUX,supported
0x7bd4c0,29,AUTHORITY_KEYID_free,supported
0x7bd4f0,29,AUTHORITY_KEYID_new,supported
0x7bd540,29,GENERAL_NAMES_free,supported
0x7bd570,29,GENERAL_NAMES_new,supported
0x7bd590,29,GENERAL_NAME_free,supported
0x7bd5b0,29,GENERAL_NAME_new,supported
0x7bd5d0,29,OTHERNAME_new,supported
0x7bd630,638,v2i_crld,inferred
0x7bd9a0,63,dpn_cb,inferred
0x7bdb00,541,v2i_idp,inferred
0x7bdd20,29,CRL_DIST_POINTS_free,supported
0x7bdd40,29,DIST_POINT_free,supported
0x7bde30,29,ISSUING_DIST_POINT_free,supported
0x7be150,496,set_dist_point_name,inferred
0x7be4a0,462,v2i_NAME_CONSTRAINTS,inferred
0x7be6f0,29,NAME_CONSTRAINTS_free,supported
0x7be9a0,98,v2i_ASIdentifiers,inferred
0x7befe0,94,ASIdentifierChoice_canonize,inferred
0x7bf3e0,79,ASIdentifierChoice_is_canonical,inferred
0x7bf640,29,ASIdentifiers_free,supported
0x7bfc50,107,v2i_IPAddrBlocks,inferred
0x7c0420,29,IPAddressFamily_free,supported
0x7c17f0,35,CRYPTO_THREAD_cleanup_local,supported
0x7c1820,,CRYPTO_THREAD_compare_id,supported
0x7c1830,24,CRYPTO_THREAD_get_current_id,supported
0x7c1850,63,CRYPTO_THREAD_get_local,supported
0x7c1890,42,CRYPTO_THREAD_init_local,supported
0x7c18c0,55,CRYPTO_THREAD_lock_free,supported
0x7c1900,96,CRYPTO_THREAD_lock_new,supported
0x7c1960,29,CRYPTO_THREAD_write_lock,supported
0x7c1980,104,CRYPTO_THREAD_run_once,supported
0x7c19f0,35,CRYPTO_THREAD_set_local,supported
0x7c1a20,29,CRYPTO_THREAD_unlock,supported
0x7c1a40,,CRYPTO_atomic_add,supported
0x7c1a60,71,BIO_callback_ctrl,inferred
0x7c1bc0,,BIO_clear_flags,supported
0x7c1bf0,81,BIO_ctrl,inferred
0x7c1f60,,BIO_get_data,supported
0x7c1f70,128,BIO_gets,inferred
0x7c2590,,BIO_next,supported
0x7c25a0,94,BIO_find_type_last,inferred
0x7c2840,,BIO_set_data,supported
0x7c2850,,BIO_set_flags,supported
0x7c2860,,BIO_set_init,supported
0x7c2870,,BIO_test_flags,supported
0x7c2a00,70,bio_read_intern,inferred
0x7c2bc0,82,bio_write_intern,inferred
0x7c2d60,257,BIO_printf,supported
0x7c2e70,119,BIO_snprintf,inferred
0x7c2ef0,1768,_dopr,inferred
0x7c3710,1830,fmtfp,inferred
0x7c3e40,751,fmtint,inferred
0x7c4130,372,fmtstr,inferred
0x7c4630,113,EC_KEY_check_key,inferred
0x7c46c0,46,EC_KEY_copy,inferred
0x7c4a00,103,EC_KEY_generate_key,inferred
0x7c4bb0,91,EC_KEY_oct2priv,inferred
0x7c4e30,220,ec_key_simple_check_key,inferred
0x7c50a0,18,ec_key_simple_generate_key,inferred
0x7c51b0,50,ec_key_simple_generate_public_key,inferred
0x7c51f0,199,ec_key_simple_oct2priv,inferred
0x7c52c0,157,ec_key_simple_priv2oct,inferred
0x7c5360,31,ossl_ec_key_gen,inferred
0x7c5420,32,X509_ATTRIBUTE_dup,supported
0x7c5440,29,X509_ATTRIBUTE_free,supported
0x7c5470,29,X509_ATTRIBUTE_new,supported
0x7c65f0,89,ENGINE_get_pkey_meth,inferred
0x7c67f0,204,BN_BLINDING_convert_ex,inferred
0x7c68c0,767,BN_BLINDING_create_param,inferred
0x7c6c20,89,BN_BLINDING_invert_ex,inferred
0x7c6f00,321,BN_BLINDING_update,inferred
0x7c7130,238,rsa_ossl_public_encrypt,inferred
0x7c7420,79,rsa_ossl_private_encrypt,inferred
0x7c77e0,228,rsa_ossl_public_decrypt,inferred
0x7c7b10,83,rsa_ossl_private_decrypt,inferred
0x7c7f20,2385,rsa_ossl_mod_exp,inferred
0x7c8880,,rsa_ossl_init,inferred
0x7c8890,131,rsa_ossl_finish,inferred
0x7c8a00,122,rsa_cb,inferred
0x7c8a80,40,asn1_aux_cb_RSA_PSS_PARAMS,inferred
0x7c8ab0,40,asn1_aux_cb_RSA_OAEP_PARAMS,inferred
0x7c8ae0,29,RSA_OAEP_PARAMS_free,supported
0x7c8b10,29,RSA_OAEP_PARAMS_new,supported
0x7c8b30,29,RSA_PSS_PARAMS_free,supported
0x7c8b60,29,RSA_PSS_PARAMS_new,supported
0x7c8b80,29,d2i_RSAPrivateKey,supported
0x7c8ba0,29,d2i_RSAPublicKey,supported
0x7c8bc0,29,i2d_RSAPrivateKey,supported
0x7c8be0,29,i2d_RSAPublicKey,supported
0x7c8e40,,BN_CTX_end,inferred
0x7c8ec0,26,BN_CTX_free,supported
0x7c8f80,42,BN_CTX_get,inferred
0x7c9130,104,BN_CTX_new,supported
0x7c91a0,113,BN_CTX_secure_new,inferred
0x7c9220,41,BN_CTX_start,inferred
0x7c9550,118,BN_usub,inferred
0x7ca8e0,81,BN_mod_inverse,inferred
0x7ca940,743,BN_mod_inverse_no_branch,inferred
0x7cb460,29,X509_SIG_free,supported
0x7cb4b0,29,d2i_X509_SIG,supported
0x7cb4d0,29,i2d_X509_SIG,supported
0x7cb4f0,73,mem_read,inferred
0x7cb540,73,mem_write,inferred
0x7cb590,97,BUF_MEM_free,supported
0x7cb600,135,BUF_MEM_grow,inferred
0x7cb740,176,BUF_MEM_grow_clean,inferred
0x7cb8b0,74,BUF_MEM_new,supported
0x7cb900,88,BUF_MEM_new_ex,supported
0x7cb9c0,121,BUF_MEM_grow_clean_part,inferred
0x7cbec0,806,asn1_d2i_read_bio,inferred
0x7cc2c0,220,do_buf,inferred
0x7cceb0,,PKCS7_ISSUER_AND_SERIAL_it,supported
0x7ccec0,,PKCS7_SIGNER_INFO_it,supported
0x7cced0,,PKCS7_RECIP_INFO_it,supported
0x7ccee0,,PKCS7_SIGNED_it,supported
0x7ccef0,,PKCS7_ENC_CONTENT_it,supported
0x7ccf00,,PKCS7_ENVELOPE_it,supported
0x7ccf10,,PKCS7_SIGN_ENVELOPE_it,supported
0x7ccf20,,PKCS7_DIGEST_it,supported
0x7ccf30,,PKCS7_ENCRYPT_it,supported
0x7ccf40,,PKCS7_it,supported
0x7ccf60,142,asn1_aux_cb_PKCS7,inferred
0x7ccff0,40,asn1_aux_cb_PKCS7_SIGNER_INFO,inferred
0x7cd020,40,asn1_aux_cb_PKCS7_RECIP_INFO,inferred
0x7cd050,,PKCS7_ATTR_SIGN_it,supported
0x7cd060,29,PKCS7_free,supported
0x7cd1b0,144,X509_check_private_key,inferred
0x7cd290,52,asn1_aux_cb_PKCS8_PRIV_KEY_INFO,inferred
0x7cd2d0,29,PKCS8_PRIV_KEY_INFO_free,supported
0x7cd2f0,,PKCS8_PRIV_KEY_INFO_it,supported
0x7cd420,29,d2i_PKCS8_PRIV_KEY_INFO,supported
0x7cd440,70,EVP_PKCS82PKEY,inferred
0x7cd720,102,PKCS12_unpack_authsafes,inferred
0x7cd790,94,PKCS12_unpack_p7data,inferred
0x7cd990,160,PKCS12_gen_mac,inferred
0x7ce060,128,OPENSSL_hexstr2buf,inferred
0x7ce310,957,OPENSSL_init_crypto,supported
0x7cf520,127,drbg_bytes,inferred
0x7cf6a0,365,drbg_add,inferred
0x7cf810,100,drbg_seed,inferred
0x7cf990,130,drbg_status,inferred
0x7d0140,646,RAND_DRBG_instantiate,inferred
0x7d03d0,152,RAND_DRBG_reseed,inferred
0x7d05b0,278,RAND_DRBG_set,inferred
0x7d0a70,497,RAND_DRBG_new,inferred
0x7d13b0,68,ENGINE_by_id,inferred
0x7d17b0,138,ENGINE_get_next,inferred
0x7d1a00,99,engine_table_register,inferred
0x7d1e80,190,ENGINE_new,inferred
0x7d1fb0,68,ENGINE_set_id,inferred
0x7d2010,69,ENGINE_set_name,inferred
0x7d2940,478,ASN1_get_object,inferred
0x7d2d10,121,ASN1_item_pack,inferred
0x7d2ec0,46,OBJ_dup,inferred
0x7d3a70,96,uint64_new,inferred
0x7d3ad0,50,uint64_free,inferred
0x7d3b10,,uint64_clear,inferred
0x7d3b20,78,uint64_i2c,inferred
0x7d3b70,285,uint64_c2i,inferred
0x7d3c90,49,uint64_print,supported
0x7d3cd0,96,uint32_new,inferred
0x7d3d30,50,uint32_free,inferred
0x7d3d70,,uint32_clear,inferred
0x7d3d80,76,uint32_i2c,inferred
0x7d3dd0,345,uint32_c2i,inferred
0x7d3f30,49,uint32_print,supported
0x7d3f70,,INT32_it,supported
0x7d3f80,,ZINT32_it,supported
0x7d3ff0,111,BN_lshift,inferred
0x7d4240,76,BN_rshift,inferred
0x7d4800,595,BN_bn2dec,inferred
0x7d5220,56,pkey_cmac_init,inferred
0x7d5260,39,pkey_cmac_copy,inferred
0x7d52c0,26,pkey_cmac_cleanup,inferred
0x7d52e0,122,pkey_cmac_keygen,inferred
0x7d5360,57,cmac_signctx_init,inferred
0x7d53a0,26,cmac_signctx,inferred
0x7d53c0,206,pkey_cmac_ctrl,inferred
0x7d5490,261,pkey_cmac_ctrl_str,inferred
0x7d55f0,134,pkey_dh_init,inferred
0x7d5680,85,pkey_dh_cleanup,inferred
0x7d56e0,304,pkey_dh_copy,inferred
0x7d5810,772,pkey_dh_ctrl,inferred
0x7d5b20,619,pkey_dh_ctrl_str,inferred
0x7d5d90,657,pkey_dh_paramgen,inferred
0x7d6030,167,pkey_dh_keygen,inferred
0x7d60e0,63,pkey_dh_derive,inferred
0x7d62b0,98,pkey_dsa_init,inferred
0x7d6320,151,pkey_dsa_copy,inferred
0x7d63c0,37,pkey_dsa_cleanup,inferred
0x7d63f0,150,pkey_dsa_sign,inferred
0x7d6490,128,pkey_dsa_verify,inferred
0x7d6510,612,pkey_dsa_ctrl,inferred
0x7d6780,346,pkey_dsa_ctrl_str,inferred
0x7d68e0,226,pkey_dsa_paramgen,inferred
0x7d69d0,136,pkey_dsa_keygen,inferred
0x7d6a60,103,pkey_ec_init,inferred
0x7d6ad0,271,pkey_ec_copy,inferred
0x7d6be0,110,pkey_ec_cleanup,inferred
0x7d6c50,198,pkey_ec_sign,inferred
0x7d6d20,119,pkey_ec_verify,inferred
0x7d6da0,115,pkey_ec_kdf_derive,inferred
0x7d6f30,1192,pkey_ec_ctrl,inferred
0x7d73e0,555,pkey_ec_ctrl_str,inferred
0x7d7610,77,pkey_ec_paramgen,inferred
0x7d76c0,97,pkey_ec_keygen,inferred
0x7d78a0,95,pkey_sm2_init,inferred
0x7d7900,101,pkey_sm2_cleanup,inferred
0x7d7970,100,pkey_sm2_copy,inferred
0x7d7a90,168,pkey_sm2_sign,inferred
0x7d7b40,51,pkey_sm2_verify,inferred
0x7d7b80,151,pkey_sm2_encrypt,inferred
0x7d7c20,151,pkey_sm2_decrypt,inferred
0x7d7cc0,360,pkey_sm2_ctrl,inferred
0x7d7ee0,331,pkey_sm2_ctrl_str,inferred
0x7d8030,244,pkey_sm2_digest_custom,inferred
0x7d8130,336,ecx_pub_encode,inferred
0x7d8280,378,ecx_pub_decode,inferred
0x7d8400,35,ecx_pub_cmp,inferred
0x7d8480,182,ecx_priv_decode,inferred
0x7d8540,69,ecx_priv_encode,inferred
0x7d86c0,,ecx_size,inferred
0x7d86f0,,ecx_bits,inferred
0x7d8720,,ecx_security_bits,inferred
0x7d8750,124,ecx_free,inferred
0x7d87d0,31,ecx_priv_print,inferred
0x7d87f0,31,ecx_pub_print,inferred
0x7d8810,207,ecx_ctrl,inferred
0x7d89b0,,ecx_ctrl,inferred
0x7d89d0,48,ecx_set_priv_key,inferred
0x7d8a00,105,ecx_set_pub_key,inferred
0x7d8b10,232,ecx_get_priv_key,inferred
0x7d8c00,221,ecx_get_pub_key,inferred
0x7d8ce0,,ecx_size,inferred
0x7d8cf0,145,ecd_item_verify,inferred
0x7d8df0,48,ecd_siginf_set,inferred
0x7d8e80,50,ecd_siginf_set,inferred
0x7d8ec0,56,pkey_ecd_keygen,inferred
0x7d8f00,177,pkey_ecx_derive25519,inferred
0x7d8fc0,177,pkey_ecx_derive448,inferred
0x7d9080,,pkey_ecx_ctrl,inferred
0x7d90a0,167,pkey_ecd_digestsign25519,inferred
0x7d9150,179,pkey_ecd_digestsign448,inferred
0x7d9210,101,pkey_ecd_digestverify25519,inferred
0x7d9280,114,pkey_ecd_digestverify448,inferred
0x7d9300,107,pkey_ecd_ctrl,inferred
0x7d9820,172,pkey_hmac_init,inferred
0x7d98d0,112,pkey_hmac_cleanup,inferred
0x7d9940,366,pkey_hmac_copy,inferred
0x7d9ab0,78,pkey_hmac_keygen,inferred
0x7d9b00,94,hmac_signctx_init,inferred
0x7d9b60,131,hmac_signctx,inferred
0x7d9bf0,147,pkey_hmac_ctrl,inferred
0x7d9c90,141,pkey_hmac_ctrl_str,inferred
0x7d9d70,124,pkey_rsa_init,inferred
0x7d9df0,288,pkey_rsa_copy,inferred
0x7d9f10,109,pkey_rsa_cleanup,inferred
0x7d9f80,612,pkey_rsa_sign,inferred
0x7da1f0,440,pkey_rsa_verifyrecover,inferred
0x7da3b0,736,pkey_rsa_verify,inferred
0x7da690,236,pkey_rsa_encrypt,inferred
0x7da780,297,pkey_rsa_decrypt,inferred
0x7da8b0,1296,pkey_rsa_ctrl,inferred
0x7dadc0,1417,pkey_rsa_ctrl_str,inferred
0x7db350,319,pkey_rsa_keygen,inferred
0x7db490,85,pkey_pss_init,inferred
0x7db580,543,check_padding_md,inferred
0x7db820,127,pkey_scrypt_init,inferred
0x7db8a0,94,pkey_scrypt_cleanup,inferred
0x7db900,244,pkey_scrypt_ctrl,inferred
0x7dba00,76,pkey_scrypt_ctrl_str,inferred
0x7dbd60,182,pkey_scrypt_derive,inferred
0x7dc190,97,pkey_tls1_prf_init,inferred
0x7dc200,85,pkey_tls1_prf_cleanup,inferred
0x7dc260,301,pkey_tls1_prf_ctrl,inferred
0x7dc390,431,pkey_tls1_prf_ctrl_str,inferred
0x7dc540,205,pkey_tls1_prf_derive,inferred
0x7dcb10,97,pkey_hkdf_init,inferred
0x7dcb80,111,pkey_hkdf_cleanup,inferred
0x7dcbf0,390,pkey_hkdf_ctrl,inferred
0x7dcd80,710,pkey_hkdf_ctrl_str,inferred
0x7dd050,114,pkey_hkdf_derive_init,inferred
0x7dd0d0,317,pkey_hkdf_derive,inferred
0x7dd4e0,124,pkey_poly1305_init,inferred
0x7dd560,107,pkey_poly1305_cleanup,inferred
0x7dd5d0,444,pkey_poly1305_copy,inferred
0x7dd790,95,pkey_poly1305_keygen,inferred
0x7dd7f0,124,poly1305_signctx_init,inferred
0x7dd870,48,poly1305_signctx,inferred
0x7dd8a0,211,pkey_poly1305_ctrl,inferred
0x7dd9d0,122,pkey_siphash_init,inferred
0x7dda50,106,pkey_siphash_cleanup,inferred
0x7ddac0,330,pkey_siphash_copy,inferred
0x7ddc10,95,pkey_siphash_keygen,inferred
0x7ddc70,155,siphash_signctx_init,inferred
0x7ddd10,102,siphash_signctx,inferred
0x7ddd80,243,pkey_siphash_ctrl,inferred
0x7dde80,277,pkey_siphash_ctrl_str,inferred
0x7ddff0,221,BN_div,inferred
0x7df7f0,7477,bn_mul_comba8,inferred
0x7e1c90,4786,bn_sqr_comba8,inferred
0x7e3310,29,ASN1_TIME_free,supported
0x7e3330,,ASN1_TIME_it,supported
0x7e3c40,1000,X509_NAME_oneline,inferred
0x7e4030,60,asn1_do_adb,inferred
0x7e4140,65,asn1_do_lock,inferred
0x7e4660,353,c2i_ASN1_BIT_STRING,inferred
0x7e4e40,75,asn1_string_to_bn,inferred
0x7e5110,371,c2i_ibuf,inferred
0x7e52e0,196,c2i_uint64_int,inferred
0x7e6060,117,copy_issuer,inferred
0x7e6510,87,a2i_GENERAL_NAME,inferred
0x7e68c0,363,copy_email,inferred
0x7e7310,335,X509V3_add_value,inferred
0x7e75f0,536,X509V3_get_value_bool,inferred
0x7e78a0,518,X509V3_parse_list,inferred
0x7e7f10,124,i2s_ASN1_ENUMERATED,inferred
0x7e8230,365,s2i_ASN1_INTEGER,inferred
0x7e84e0,89,X509V3_get_section,inferred
0x7e8630,,CERTIFICATEPOLICIES_it,supported
0x7e8640,,POLICYINFO_it,supported
0x7e8650,,POLICYQUALINFO_it,supported
0x7e8660,,USERNOTICE_it,supported
0x7e8670,,NOTICEREF_it,supported
0x7e8680,58,i2r_CERTIFICATEPOLICIES,inferred
0x7e8970,95,r2i_CERTIFICATEPOLICIES,inferred
0x7e8c50,29,POLICYINFO_free,supported
0x7e8c70,29,POLICYQUALINFO_free,supported
0x7e9160,741,policy_section,inferred
0x7e9450,,POLICY_CONSTRAINTS_it,supported
0x7e9460,74,i2v_POLICY_CONSTRAINTS,inferred
0x7e94b0,434,v2i_POLICY_CONSTRAINTS,inferred
0x7e9720,53,dh_pkey_ctrl,inferred
0x7e9890,72,dh_pkey_public_check,inferred
0x7e98e0,26,dh_pkey_param_check,inferred
0x7e9900,26,int_dh_free,inferred
0x7e9920,339,dh_pub_decode,inferred
0x7e9a80,313,dh_pub_encode,inferred
0x7e9bc0,357,dh_priv_decode,inferred
0x7e9d30,187,dh_priv_encode,inferred
0x7e9e90,119,dh_param_decode,inferred
0x7e9f10,51,dh_param_encode,inferred
0x7e9f50,26,int_dh_size,inferred
0x7e9f70,30,dh_bits,inferred
0x7e9f90,26,dh_security_bits,inferred
0x7e9fb0,142,dh_cmp_parameters,inferred
0x7ea040,99,dh_copy_parameters,inferred
0x7ea0b0,,dh_missing_parameters,inferred
0x7ea0d0,167,dh_pub_cmp,inferred
0x7ea180,29,dh_param_print,inferred
0x7ea1a0,30,dh_public_print,inferred
0x7ea1c0,30,dh_private_print,inferred
0x7eaa60,805,do_dh_print,inferred
0x7eafd0,129,dsa_cmp_parameters,inferred
0x7eb060,51,dsa_pub_cmp,inferred
0x7eb0a0,26,int_dsa_free,inferred
0x7eb0c0,97,dsa_param_decode,inferred
0x7eb130,26,dsa_param_encode,inferred
0x7eb150,29,dsa_param_print,inferred
0x7eb170,30,dsa_pub_print,inferred
0x7eb190,30,dsa_priv_print,inferred
0x7eb1b0,97,old_dsa_priv_decode,inferred
0x7eb220,26,old_dsa_priv_encode,inferred
0x7eb240,77,dsa_sig_print,inferred
0x7eb350,395,dsa_pkey_ctrl,inferred
0x7eb4e0,351,dsa_pub_decode,inferred
0x7eb640,357,dsa_pub_encode,inferred
0x7eb7b0,459,dsa_priv_decode,inferred
0x7eb980,355,dsa_priv_encode,inferred
0x7ebaf0,26,int_dsa_size,inferred
0x7ebb10,26,dsa_bits,inferred
0x7ebb30,26,dsa_security_bits,inferred
0x7ebb50,,dsa_missing_parameters,inferred
0x7ebb80,220,dsa_copy_parameters,inferred
0x7ebde0,421,eckey_pub_encode,inferred
0x7ebf90,250,eckey_pub_decode,inferred
0x7ec090,164,eckey_pub_cmp,inferred
0x7ec140,228,eckey_priv_decode,inferred
0x7ec230,211,eckey_priv_encode,inferred
0x7ec4b0,26,int_ec_size,inferred
0x7ec4d0,34,ec_bits,inferred
0x7ec500,125,ec_security_bits,inferred
0x7ec580,52,ec_missing_parameters,inferred
0x7ec5c0,130,ec_copy_parameters,inferred
0x7ec650,103,ec_cmp_parameters,inferred
0x7ec6c0,26,int_ec_free,inferred
0x7ec6e0,99,eckey_param_decode,inferred
0x7ec750,26,eckey_param_encode,inferred
0x7ec770,30,eckey_param_print,inferred
0x7ec790,30,eckey_pub_print,inferred
0x7ec7b0,29,eckey_priv_print,inferred
0x7ec7d0,97,old_ec_priv_decode,inferred
0x7ec840,26,old_ec_priv_encode,inferred
0x7ec860,632,ec_pkey_ctrl,inferred
0x7ecae0,72,ec_pkey_check,inferred
0x7ecb30,26,ec_pkey_public_check,inferred
0x7ecb50,77,ec_pkey_param_check,inferred
0x7ecba0,595,do_EC_KEY_print,inferred
0x7ed450,324,ecdh_cms_set_shared_info,inferred
0x7ed730,258,eckey_type2param,inferred
0x7ed840,64,poly1305_key_free,inferred
0x7ed880,62,poly1305_pkey_public_cmp,inferred
0x7ed8c0,123,poly1305_set_priv_key,inferred
0x7ed940,74,poly1305_get_priv_key,inferred
0x7ed9e0,,hmac_pkey_ctrl,inferred
0x7eda00,118,hmac_set_priv_key,inferred
0x7eda80,96,hmac_get_priv_key,inferred
0x7edb40,232,rsa_pub_encode,inferred
0x7edc30,67,rsa_pub_decode,inferred
0x7edd00,104,rsa_pub_cmp,inferred
0x7edd70,99,old_rsa_priv_decode,inferred
0x7edde0,26,old_rsa_priv_encode,inferred
0x7ede00,117,rsa_priv_encode,inferred
0x7edf20,67,rsa_priv_decode,inferred
0x7edff0,26,int_rsa_size,inferred
0x7ee010,30,rsa_bits,inferred
0x7ee030,26,rsa_security_bits,inferred
0x7ee050,26,rsa_free,inferred
0x7ee070,25,rsa_pub_print,inferred
0x7ee090,26,rsa_priv_print,inferred
0x7ee0b0,60,rsa_sig_print,inferred
0x7ee170,812,rsa_pkey_ctrl,inferred
0x7ee4a0,136,rsa_item_verify,inferred
0x7ee530,106,rsa_item_sign,inferred
0x7ee640,113,rsa_sig_info_set,inferred
0x7ee730,28,rsa_pkey_check,inferred
0x7eeb30,174,rsa_cms_decrypt,inferred
0x7ef410,175,rsa_param_decode,inferred
0x7ef570,385,rsa_pss_get_param,inferred
0x7efae0,484,rsa_pss_to_ctx,inferred
0x7efcd0,124,siphash_set_priv_key,inferred
0x7efd50,79,siphash_get_priv_key,inferred
0x7efe00,89,ENGINE_get_pkey_asn1_meth,inferred
0x7efe80,210,ENGINE_pkey_asn1_find_str,inferred
0x7f01c0,72,EC_GROUP_check_discriminant,inferred
0x7f0590,163,EC_GROUP_copy,inferred
0x7f0bc0,72,EC_GROUP_get_degree,inferred
0x7f0c20,115,EC_GROUP_new,inferred
0x7f0e00,361,EC_GROUP_set_generator,inferred
0x7f1060,181,EC_POINT_add,inferred
0x7f1210,128,EC_POINT_copy,inferred
0x7f1290,155,EC_POINT_dbl,inferred
0x7f1370,313,EC_POINT_get_affine_coordinates,inferred
0x7f14b0,121,EC_POINT_invert,inferred
0x7f1530,116,EC_POINT_is_at_infinity,inferred
0x7f15b0,119,EC_POINT_is_on_curve,inferred
0x7f1630,119,EC_POINT_make_affine,inferred
0x7f1870,117,EC_POINT_new,inferred
0x7f1980,116,EC_POINT_set_Jprojective_coordinates_GFp,inferred
0x7f1b70,114,EC_POINT_set_to_infinity,inferred
0x7f1bf0,221,EC_POINTs_make_affine,inferred
0x7f1df0,38,ec_group_simple_order_bits,inferred
0x7f1e50,132,EC_GROUP_new_by_curve_name,inferred
0x7f1f90,952,ec_group_new_from_data,inferred
0x7f2350,188,EC_POINT_oct2point,inferred
0x7f2500,198,EC_POINT_point2oct,inferred
0x7f25d0,190,EC_POINT_set_compressed_coordinates,inferred
0x7f2690,286,ECDH_compute_key,inferred
0x7f27c0,401,EC_KEY_new_method,inferred
0x7f2c30,106,bnrand,inferred
0x7f2e80,61,bnrand_range,inferred
0x7f3050,792,DSA_do_sign,inferred
0x7f3370,34,dsa_sign_setup_no_digest,inferred
0x7f33a0,75,DSA_do_verify,inferred
0x7f3750,,dsa_init,inferred
0x7f3760,32,dsa_finish,inferred
0x7f3790,125,DSA_sign_setup,inferred
0x7f3c20,105,generate_key,inferred
0x7f3e30,114,compute_key,inferred
0x7f3fd0,66,dh_bn_mod_exp,inferred
0x7f42f0,229,BN_mod_lshift_quick,inferred
0x7f49b0,243,BN_mod_exp,inferred
0x7f4ab0,1422,BN_mod_exp_mont,inferred
0x7f5040,1823,BN_mod_exp_mont_consttime,inferred
0x7f5760,185,BN_mod_exp_mont_word,inferred
0x7f5b80,145,BN_mod_exp_recp,inferred
0x7f6290,525,bn_compute_wNAF,inferred
0x7f64e0,173,RSA_padding_add_PKCS1_type_1,inferred
0x7f6590,245,RSA_padding_add_PKCS1_type_2,inferred
0x7f6690,119,RSA_padding_check_PKCS1_type_1,inferred
0x7f6810,90,RSA_padding_check_PKCS1_type_2,inferred
0x7f6d30,1138,RSA_padding_add_PKCS1_OAEP_mgf1,inferred
0x7f7200,1838,RSA_padding_check_PKCS1_OAEP_mgf1,inferred
0x7f7930,259,RSA_padding_add_SSLv23,inferred
0x7f7a40,89,RSA_padding_check_SSLv23,inferred
0x7f7e00,122,RSA_padding_add_none,inferred
0x7f7ec0,107,RSA_padding_add_X931,inferred
0x7f7f80,43,RSA_padding_check_X931,inferred
0x7f83a0,,BIGNUM_it,supported
0x7f83b0,,CBIGNUM_it,supported
0x7f8b90,175,EVP_PBE_CipherInit,inferred
0x7f8f90,634,ASN1_mbstring_ncopy,inferred
0x7f9810,,X509_REVOKED_it,supported
0x7f9820,,X509_CRL_INFO_it,supported
0x7f9a10,59,asn1_aux_cb_X509_CRL_INFO,inferred
0x7f9a50,58,asn1_aux_cb_X509_CRL,inferred
0x7f9e00,29,X509_CRL_free,supported
0x7f9e20,,X509_CRL_it,supported
0x7f9ff0,29,d2i_X509_CRL,supported
0x7fa260,219,PKCS7_bio_add_digest,inferred
0x7fa340,139,PKCS7_dataFinal,inferred
0x7fa900,1488,PKCS7_dataInit,inferred
0x7faed0,223,PKCS7_find_digest,inferred
0x7fb190,287,PKCS7_ctrl,inferred
0x7fb490,177,EVP_DigestFinalXOF,inferred
0x7fb8c0,108,EVP_MD_CTX_copy_ex,inferred
0x7fbbe0,30,evp_md5_init,inferred
0x7fbc00,54,evp_md5_update,inferred
0x7fbc40,39,evp_md5_final,inferred
0x7fbc70,,EVP_md5,supported
0x7fbc80,30,evp_sha1_init,inferred
0x7fbca0,54,evp_sha1_update,inferred
0x7fbce0,39,evp_sha1_final,inferred
0x7fbe50,30,evp_sha224_init,inferred
0x7fbe70,54,evp_sha224_update,inferred
0x7fbeb0,39,evp_sha224_final,inferred
0x7fbee0,30,evp_sha256_init,inferred
0x7fbf00,54,evp_sha256_update,inferred
0x7fbf40,39,evp_sha256_final,inferred
0x7fbf70,30,evp_sha512_224_init,inferred
0x7fbf90,30,evp_sha512_256_init,inferred
0x7fbfb0,30,evp_sha384_init,inferred
0x7fbfd0,54,evp_sha384_update,inferred
0x7fc010,39,evp_sha384_final,inferred
0x7fc040,30,evp_sha512_init,inferred
0x7fc060,54,evp_sha512_update,inferred
0x7fc0a0,39,evp_sha512_final,inferred
0x7fc0d0,,EVP_sha1,supported
0x7fc0e0,,EVP_sha224,supported
0x7fc0f0,,EVP_sha256,supported
0x7fc100,,EVP_sha384,supported
0x7fc110,,EVP_sha512,supported
0x7fc120,,EVP_sha512_224,supported
0x7fc130,,EVP_sha512_256,supported
0x7fcf70,102,X509_ATTRIBUTE_set1_data,inferred
0x7fd1c0,208,X509at_add1_attr,inferred
0x7fd4c0,29,PBEPARAM_free,supported
0x7fd4e0,,PBEPARAM_it,supported
0x7fd4f0,29,PBE2PARAM_free,supported
0x7fd510,,PBE2PARAM_it,supported
0x7fd520,29,PBKDF2PARAM_free,supported
0x7fd540,,PBKDF2PARAM_it,supported
0x7fd6c0,433,PKCS12_pbe_crypt,inferred
0x7fdc10,245,PKCS5_v2_PBE_keyivgen,inferred
0x7fddb0,372,PKCS5_v2_PBKDF2_keyivgen,inferred
0x7fe970,1095,PKCS12_key_gen_uni,inferred
0x800000,315,CONF_parse_list,inferred
0x800920,336,ENGINE_set_default_string,inferred
0x801340,772,dynamic_ctrl,inferred
0x8018f0,99,dynamic_load,inferred
0x802b20,90,ENGINE_ctrl,inferred
0x8031f0,126,int_ctrl_helper,inferred
0x803520,468,dh_builtin_genparams,inferred
0x803880,318,DH_new_by_nid,inferred
0x803e10,169,dsa_builtin_paramgen,inferred
0x8051d0,86,asn1_aux_cb_DSA,inferred
0x8054d0,29,d2i_DSA,supported
0x8054f0,29,d2i_DSA_SIG,supported
0x805510,29,d2i_DSA,supported
0x805530,29,i2d_DSA,supported
0x805550,29,i2d_DSA,supported
0x8056c0,78,ECDSA_do_sign_ex,inferred
0x805710,112,ECDSA_sign_ex,inferred
0x805780,73,ECDSA_do_verify,inferred
0x8057d0,78,ECDSA_verify,inferred
0x805820,,X9_62_PENTANOMIAL_it,supported
0x805840,,X9_62_CHARACTERISTIC_TWO_it,supported
0x805860,,X9_62_FIELDID_it,supported
0x805870,,X9_62_CURVE_it,supported
0x805880,,ECPKPARAMETERS_it,supported
0x805890,,ECPARAMETERS_it,supported
0x805ac0,515,EC_GROUP_get_ecparameters,inferred
0x805de0,1781,EC_GROUP_new_from_ecparameters,inferred
0x8064e0,59,EC_GROUP_new_from_ecpkparameters,inferred
0x8065e0,29,d2i_ECDSA_SIG,supported
0x8067b0,567,d2i_ECPrivateKey,inferred
0x8069f0,80,ec_asn1_group2curve,inferred
0x807000,29,i2d_ECDSA_SIG,supported
0x807020,69,i2d_ECParameters,inferred
0x807120,552,i2d_ECPrivateKey,inferred
0x807350,104,i2o_ECPublicKey,inferred
0x8074c0,48,o2i_ECPublicKey,inferred
0x807770,30,evp_sm3_init,inferred
0x807790,54,evp_sm3_update,inferred
0x8077d0,39,evp_sm3_final,inferred
0x807800,,EVP_sm3,supported
0x809b00,488,do_sigver_init,inferred
0x809cf0,50,update,inferred
0x816120,2423,rsa_builtin_keygen,inferred
0x816be0,938,RSA_padding_add_PKCS1_PSS_mgf1,inferred
0x816f90,147,RSA_verify_PKCS1_PSS_mgf1,inferred
0x817420,199,EVP_PBE_scrypt,inferred
0x8193a0,388,ASN1_STRING_TABLE_add,inferred
0x819710,88,ASN1_generate_v3,inferred
0x8197a0,208,append_exp,inferred
0x819c40,91,asn1_str2type,inferred
0x81a680,330,parse_tagging,inferred
0x81aad0,,ACCESS_DESCRIPTION_it,supported
0x81aae0,,AUTHORITY_INFO_ACCESS_it,supported
0x81aaf0,440,i2v_AUTHORITY_INFO_ACCESS,inferred
0x81acb0,107,v2i_AUTHORITY_INFO_ACCESS,inferred
0x81aef0,29,ACCESS_DESCRIPTION_free,supported
0x81b2a0,108,NCONF_get_section,inferred
0x81b3c0,66,NCONF_load,inferred
0x81b4e0,,POLICY_MAPPING_it,supported
0x81b4f0,,POLICY_MAPPINGS_it,supported
0x81b500,95,v2i_POLICY_MAPPINGS,inferred
0x81b720,59,i2v_POLICY_MAPPINGS,inferred
0x81b7f0,29,POLICY_MAPPING_free,supported
0x81b810,381,EVP_PKEY_derive,inferred
0x81b990,536,EVP_PKEY_derive_set_peer,inferred
0x81bbb0,329,EVP_PKEY_encrypt,inferred
0x81bd00,133,EVP_PKEY_encrypt_init,inferred
0x81bd90,328,EVP_PKEY_sign,inferred
0x81bee0,127,EVP_PKEY_sign_init,inferred
0x81bf60,136,EVP_PKEY_verify,inferred
0x81bff0,127,EVP_PKEY_verify_init,inferred
0x81c2a0,314,DH_check_ex,inferred
0x81c500,166,DH_check_pub_key_ex,inferred
0x81c5b0,86,asn1_aux_cb_DHparams,inferred
0x81c610,,int_dhvparams_it,supported
0x81c620,29,d2i_DHparams,supported
0x81c760,29,i2d_DHparams,supported
0x81cb90,105,CMS_RecipientInfo_ktri_get0_algs,inferred
0x81cc00,71,cms_EnvelopedData_init_bio,inferred
0x81cd30,225,cms_env_asn1_ctrl,inferred
0x81cf90,102,CMS_RecipientInfo_kari_get0_alg,inferred
0x81d020,251,CMS_RecipientInfo_kari_get0_orig_id,inferred
0x81d120,66,cms_RecipientInfo_kari_encrypt,inferred
0x81d8a0,96,cms_get0_signed,inferred
0x81daa0,748,cms_SignerInfo_content_sign,inferred
0x81dd90,152,cms_sd_asn1_ctrl,inferred
0x81df80,291,EC_GROUP_check,inferred
0x81e170,1569,ECPKParameters_print,inferred
0x81e7a0,,CMS_SignerInfo_it,supported
0x81e7b0,,CMS_IssuerAndSerialNumber_it,supported
0x81e7c0,,CMS_RecipientInfo_it,supported
0x81e7d0,,CMS_PasswordRecipientInfo_it,supported
0x81e7e0,,CMS_CertificateChoices_it,supported
0x81e7f0,,CMS_DigestedData_it,supported
0x81e800,,CMS_EncryptedData_it,supported
0x81e810,,CMS_EnvelopedData_it,supported
0x81e820,,CMS_KEKRecipientInfo_it,supported
0x81e830,,CMS_KeyAgreeRecipientInfo_it,supported
0x81e840,,CMS_KeyTransRecipientInfo_it,supported
0x81e850,,CMS_OriginatorPublicKey_it,supported
0x81e860,,CMS_OtherKeyAttribute_it,supported
0x81e870,,CMS_RecipientEncryptedKey_it,supported
0x81e880,,CMS_RecipientKeyIdentifier_it,supported
0x81e890,,CMS_RevocationInfoChoice_it,supported
0x81e8a0,,CMS_SignedData_it,supported
0x81e8b0,,CMS_CompressedData_it,supported
0x81e8c0,,CMS_OtherCertificateFormat_it,supported
0x81e8d0,,CMS_SignerIdentifier_it,supported
0x81e8e0,,CMS_EncapsulatedContentInfo_it,supported
0x81e8f0,18,asn1_aux_cb_CMS_SignerInfo,inferred
0x81e940,,CMS_OtherRevocationInfoFormat_it,supported
0x81e950,,CMS_OriginatorInfo_it,supported
0x81e960,,CMS_EncryptedContentInfo_it,supported
0x81e970,,CMS_KeyAgreeRecipientIdentifier_it,supported
0x81e980,40,asn1_aux_cb_CMS_RecipientEncryptedKey,inferred
0x81e9b0,,CMS_OriginatorIdentifierOrKey_it,supported
0x81e9c0,109,asn1_aux_cb_CMS_KeyAgreeRecipientInfo,inferred
0x81ea30,,CMS_KEKIdentifier_it,supported
0x81ea40,,CMS_OtherRecipientInfo_it,supported
0x81ea50,27,asn1_aux_cb_CMS_RecipientInfo,inferred
0x81eae0,,CMS_AuthenticatedData_it,supported
0x81eb00,131,asn1_aux_cb_CMS_ContentInfo,inferred
0x81eb90,,CMS_ReceiptsFrom_it,supported
0x81eba0,,CMS_Attributes_Sign_it,supported
0x81ed80,147,RSA_check_key_ex,inferred
0x81f570,1744,ec_scalar_mul_ladder,inferred
0x81fc40,3292,ec_wNAF_mul,inferred
0x820a50,310,ec_GFp_simple_oct2point,inferred
0x820cf0,738,ec_GFp_simple_point2oct,inferred
0x820fe0,907,ec_GFp_simple_set_compressed_coordinates,inferred
0x821370,311,ec_GF2m_simple_oct2point,inferred
0x821640,800,ec_GF2m_simple_point2oct,inferred
0x821960,190,ec_GF2m_simple_set_compressed_coordinates,inferred
0x821bd0,68,ecdh_simple_compute_key,inferred
0x821ec0,78,ossl_ecdh_compute_key,inferred
0x821f10,130,ECDSA_sign_setup,inferred
0x822330,115,ossl_ecdsa_sign,inferred
0x8223b0,34,ossl_ecdsa_sign_setup,inferred
0x8223e0,164,ossl_ecdsa_sign_sig,inferred
0x8227c0,230,ossl_ecdsa_verify,inferred
0x8228b0,166,ossl_ecdsa_verify_sig,inferred
0x822df0,167,BN_mod_exp2_mont,inferred
0x823590,216,BN_div_recp,inferred
0x823910,107,PKCS5_PBE_keyivgen,inferred
0x823c90,569,PKCS5_v2_scrypt_keyivgen,inferred
0x823ed0,139,PKCS12_PBE_keyivgen,inferred
0x824230,158,ASN1_item_verify,inferred
0x824530,,null_puts,inferred
0x824560,,null_ctrl,inferred
0x8245c0,,BIO_s_null,supported
0x824760,51,md_write,inferred
0x824840,174,md_read,inferred
0x8248f0,94,md_gets,inferred
0x824950,556,md_ctrl,inferred
0x824b80,86,md_new,inferred
0x824be0,75,md_free,inferred
0x824c30,68,md_callback_ctrl,inferred
0x824c80,,BIO_f_md,supported
0x824c90,402,enc_write,inferred
0x824e30,93,enc_read,inferred
0x8250f0,821,enc_ctrl,inferred
0x825430,211,enc_new,inferred
0x825510,124,enc_free,inferred
0x825590,,BIO_f_cipher,supported
0x825740,89,ENGINE_get_digest,inferred
0x8258d0,,PROXY_POLICY_it,supported
0x8258e0,29,PROXY_CERT_INFO_EXTENSION_free,supported
0x825900,,PROXY_CERT_INFO_EXTENSION_it,supported
0x825910,29,PROXY_CERT_INFO_EXTENSION_new,supported
0x825930,,BASIC_CONSTRAINTS_it,supported
0x825940,73,i2v_BASIC_CONSTRAINTS,inferred
0x825990,85,v2i_BASIC_CONSTRAINTS,inferred
0x825b10,29,BASIC_CONSTRAINTS_free,supported
0x825b30,76,des_init_key,inferred
0x825b80,78,des_ctrl,inferred
0x825bd0,55,des_ecb_cipher,inferred
0x825c80,49,des_ofb_cipher,inferred
0x825da0,94,des_cbc_cipher,inferred
0x825ed0,50,des_cfb_cipher,inferred
0x826020,50,des_cfb1_cipher,inferred
0x8261d0,55,des_cfb8_cipher,inferred
0x8262e0,,EVP_des_cbc,supported
0x8262f0,,EVP_des_cfb1,supported
0x826300,,EVP_des_cfb,supported
0x826310,,EVP_des_cfb8,supported
0x826320,,EVP_des_ecb,supported
0x826330,,EVP_des_ofb,supported
0x826340,171,des_ede_init_key,inferred
0x826460,146,des_ctrl,inferred
0x826500,56,des_cipher,inferred
0x8265e0,56,des_cipher,inferred
0x826770,363,des_cipher,inferred
0x8268e0,452,des_cipher,inferred
0x826ab0,73,des_ede3_cfb1_cipher,inferred
0x826c20,383,des_ede3_cfb8_cipher,inferred
0x826da0,159,des_ede3_wrap_cipher,inferred
0x826f30,,EVP_des_ede,supported
0x826f40,,EVP_des_ede3,supported
0x826f50,,EVP_des_ede3_cbc,supported
0x826f60,,EVP_des_ede3_cfb1,supported
0x826f70,,EVP_des_ede3_cfb,supported
0x826f80,,EVP_des_ede3_cfb8,supported
0x826f90,,EVP_des_ede3_ofb,supported
0x826fa0,,EVP_des_ede3_wrap,supported
0x826fb0,,EVP_des_ede_cbc,supported
0x826fc0,,EVP_des_ede_cfb,supported
0x826fd0,,EVP_des_ede_ofb,supported
0x827240,95,desx_cbc_init_key,inferred
0x8272a0,367,desx_cbc_cipher,inferred
0x827420,79,rc4_init_key,inferred
0x827470,76,rc4_cipher,inferred
0x8274c0,,EVP_rc4,supported
0x8274e0,255,rc4_hmac_md5_init_key,inferred
0x8275e0,571,rc4_hmac_md5_cipher,inferred
0x827820,584,rc4_hmac_md5_ctrl,inferred
0x827a70,,EVP_rc4_hmac_md5,supported
0x827a80,205,idea_init_key,inferred
0x827b50,57,idea_ecb_cipher,inferred
0x827be0,55,idea_cbc_cipher,inferred
0x827ce0,49,idea_ofb_cipher,inferred
0x827e00,42,idea_cfb_cipher,inferred
0x827f10,,EVP_idea_cbc,supported
0x827f20,,EVP_idea_cfb,supported
0x827f30,,EVP_idea_ecb,supported
0x827f40,,EVP_idea_ofb,supported
0x827f50,104,rc2_init_key,inferred
0x827fc0,42,EVP_CIPHER_set_asn1_iv,inferred
0x828070,311,EVP_CIPHER_get_asn1_iv,inferred
0x8281b0,142,rc2_ctrl,inferred
0x828240,55,rc2_cipher,inferred
0x828340,42,rc2_cfb_cipher,inferred
0x828450,55,rc2_ecb_cipher,inferred
0x828500,49,rc2_ofb_cipher,inferred
0x828630,,EVP_rc2_64_cbc,supported
0x828640,,EVP_rc2_cbc,supported
0x828650,,EVP_rc2_cfb,supported
0x828660,,EVP_rc2_ecb,supported
0x828670,,EVP_rc2_ofb,supported
0x828680,79,bf_init_key,inferred
0x8286d0,55,bf_cbc_cipher,inferred
0x8287d0,42,bf_cfb_cipher,inferred
0x8288e0,55,bf_ecb_cipher,inferred
0x828990,49,bf_ofb_cipher,inferred
0x828ab0,,EVP_bf_cbc,supported
0x828ac0,,EVP_bf_cfb,supported
0x828ad0,,EVP_bf_ecb,supported
0x828ae0,,EVP_bf_ofb,supported
0x828af0,79,cast5_init_key,inferred
0x828b40,55,cast5_cbc_cipher,inferred
0x828c40,42,cast5_cfb_cipher,inferred
0x828d50,55,cast5_ecb_cipher,inferred
0x828e00,49,cast5_ofb_cipher,inferred
0x828f60,211,aria_init_key,inferred
0x829040,62,aria_cbc_cipher,inferred
0x829160,42,aria_cfb_cipher,inferred
0x829280,57,aria_ecb_cipher,inferred
0x829310,58,aria_ofb_cipher,inferred
0x829450,42,aria_cfb1_cipher,inferred
0x829590,42,aria_cfb8_cipher,inferred
0x8296b0,178,aria_ctr_cipher,inferred
0x829770,323,aria_gcm_init_key,inferred
0x8298c0,1284,aria_gcm_ctrl,inferred
0x829dd0,71,aria_gcm_cipher,inferred
0x82a090,84,aria_gcm_cleanup,inferred
0x82a0f0,298,aria_ccm_init_key,inferred
0x82a220,708,aria_ccm_ctrl,inferred
0x82a4f0,609,aria_ccm_cipher,inferred
0x82a760,,EVP_aria_128_cbc,supported
0x82a770,,EVP_aria_128_ccm,supported
0x82a780,,EVP_aria_128_cfb1,supported
0x82a790,,EVP_aria_128_cfb,supported
0x82a7a0,,EVP_aria_128_cfb8,supported
0x82a7b0,,EVP_aria_128_ctr,supported
0x82a7c0,,EVP_aria_128_ecb,supported
0x82a7d0,,EVP_aria_128_gcm,supported
0x82a7e0,,EVP_aria_128_ofb,supported
0x82a7f0,,EVP_aria_192_cbc,supported
0x82a800,,EVP_aria_192_ccm,supported
0x82a810,,EVP_aria_192_cfb1,supported
0x82a820,,EVP_aria_192_cfb,supported
0x82a830,,EVP_aria_192_cfb8,supported
0x82a840,,EVP_aria_192_ctr,supported
0x82a850,,EVP_aria_192_ecb,supported
0x82a860,,EVP_aria_192_gcm,supported
0x82a870,,EVP_aria_192_ofb,supported
0x82a880,,EVP_aria_256_cbc,supported
0x82a890,,EVP_aria_256_ccm,supported
0x82a8a0,,EVP_aria_256_cfb1,supported
0x82a8b0,,EVP_aria_256_cfb,supported
0x82a8c0,,EVP_aria_256_cfb8,supported
0x82a8d0,,EVP_aria_256_ctr,supported
0x82a8e0,,EVP_aria_256_ecb,supported
0x82a8f0,,EVP_aria_256_gcm,supported
0x82a900,,EVP_aria_256_ofb,supported
0x82aaf0,222,camellia_init_key,inferred
0x82abd0,225,camellia_cbc_cipher,inferred
0x82acc0,140,camellia_ecb_cipher,inferred
0x82ad50,163,camellia_ofb_cipher,inferred
0x82ae00,176,camellia_cfb_cipher,inferred
0x82aeb0,176,camellia_cfb8_cipher,inferred
0x82af60,101,camellia_cfb1_cipher,inferred
0x82b100,234,camellia_ctr_cipher,inferred
0x82b1f0,,EVP_camellia_128_cbc,supported
0x82b200,,EVP_camellia_128_cfb1,supported
0x82b210,,EVP_camellia_128_cfb,supported
0x82b220,,EVP_camellia_128_cfb8,supported
0x82b230,,EVP_camellia_128_ctr,supported
0x82b240,,EVP_camellia_128_ecb,supported
0x82b250,,EVP_camellia_128_ofb,supported
0x82b260,,EVP_camellia_192_cbc,supported
0x82b270,,EVP_camellia_192_cfb1,supported
0x82b280,,EVP_camellia_192_cfb,supported
0x82b290,,EVP_camellia_192_cfb8,supported
0x82b2a0,,EVP_camellia_192_ctr,supported
0x82b2b0,,EVP_camellia_192_ecb,supported
0x82b2c0,,EVP_camellia_192_ofb,supported
0x82b2d0,,EVP_camellia_256_cbc,supported
0x82b2e0,,EVP_camellia_256_cfb1,supported
0x82b2f0,,EVP_camellia_256_cfb,supported
0x82b300,,EVP_camellia_256_cfb8,supported
0x82b310,,EVP_camellia_256_ctr,supported
0x82b320,,EVP_camellia_256_ecb,supported
0x82b330,,EVP_camellia_256_ofb,supported
0x82b340,26,chacha20_init_key,inferred
0x82b410,141,chacha20_cipher,inferred
0x82b5e0,59,chacha20_poly1305_init_key,inferred
0x82b7b0,791,chacha20_poly1305_cipher,inferred
0x82bad0,57,chacha20_poly1305_cleanup,inferred
0x82bb10,936,chacha20_poly1305_ctrl,inferred
0x82bec0,,EVP_chacha20,supported
0x82bed0,,EVP_chacha20_poly1305,supported
0x82c350,45,seed_init_key,inferred
0x82c380,55,seed_cbc_cipher,inferred
0x82c480,42,seed_cfb_cipher,inferred
0x82c590,55,seed_ecb_cipher,inferred
0x82c640,49,seed_ofb_cipher,inferred
0x82c760,,EVP_seed_cbc,supported
0x82c770,,EVP_seed_cfb,supported
0x82c780,,EVP_seed_ecb,supported
0x82c790,,EVP_seed_ofb,supported
0x82c7a0,45,sm4_init_key,inferred
0x82c7d0,340,sm4_cbc_cipher,inferred
0x82c930,42,sm4_cfb_cipher,inferred
0x82ca50,55,sm4_ecb_cipher,inferred
0x82cb00,58,sm4_ofb_cipher,inferred
0x82cc40,178,sm4_ctr_cipher,inferred
0x82cd00,,EVP_sm4_cbc,supported
0x82cd10,,EVP_sm4_cfb,supported
0x82cd20,,EVP_sm4_ctr,supported
0x82cd30,,EVP_sm4_ecb,supported
0x82cd40,,EVP_sm4_ofb,supported
0x82cd50,54,evp_md4_update,inferred
0x82cd90,39,evp_md4_final,inferred
0x82cdc0,,EVP_md4,supported
0x82d0d0,30,evp_blake2b512_init,inferred
0x82d0f0,54,evp_blake2b512_update,inferred
0x82d130,39,evp_blake2b512_final,inferred
0x82d160,,EVP_blake2b512,supported
0x82d170,30,evp_blake2s256_init,inferred
0x82d190,54,evp_blake2s256_update,inferred
0x82d1d0,39,evp_blake2s256_final,inferred
0x82d200,,EVP_blake2s256,supported
0x82d210,24,evp_sha3_224_init,inferred
0x82d230,24,evp_shake128_init,inferred
0x82d250,258,evp_sha3_224_update,inferred
0x82d360,163,evp_sha3_224_final,inferred
0x82d430,,EVP_sha3_224,supported
0x82d440,,EVP_sha3_256,supported
0x82d450,,EVP_sha3_384,supported
0x82d460,,EVP_sha3_512,supported
0x82d470,,EVP_shake128,supported
0x82d480,,EVP_shake256,supported
0x82d520,30,evp_mdc2_init,inferred
0x82d540,54,evp_mdc2_update,inferred
0x82d580,39,evp_mdc2_final,inferred
0x82d5b0,,EVP_mdc2,supported
0x82d640,30,evp_whirlpool_init,inferred
0x82d660,54,evp_whirlpool_update,inferred
0x82d6a0,39,evp_whirlpool_final,inferred
0x82d6d0,,EVP_whirlpool,supported
0x82d740,118,DSO_bind_func,inferred
0x82d7c0,176,DSO_convert_filename,inferred
0x82d870,175,DSO_ctrl,inferred
0x82dbb0,116,DSO_merge,inferred
0x82f1b0,497,try_decode_PKCS8Encrypted,inferred
0x82f5b0,473,try_decode_params,inferred
0x82fd40,100,file_ctrl,inferred
0x82fdc0,170,file_find,inferred
0x82fee0,1653,file_load,inferred
0x830620,347,file_get_pass,inferred
0x8307e0,643,file_load_try_decode,inferred
0x830c60,149,BN_generate_prime_ex,inferred
0x837130,,X509_REQ_INFO_it,supported
0x837140,59,asn1_aux_cb_X509_REQ_INFO,inferred
0x837180,78,v2i_ASN1_BIT_STRING,inferred
0x8373c0,,EXTENDED_KEY_USAGE_it,supported
0x8373d0,96,v2i_EXTENDED_KEY_USAGE,inferred
0x837500,161,i2v_EXTENDED_KEY_USAGE,inferred
0x8375b0,,PKEY_USAGE_PERIOD_it,supported
0x837670,,SXNET_it,supported
0x837680,,SXNETID_it,supported
0x837690,91,i2r_SXNET,inferred
0x837780,192,v2i_SXNET,inferred
0x837840,70,SXNET_add_id_INTEGER,inferred
0x837b40,61,s2i_ASN1_IA5STRING,inferred
0x837c20,487,s2i_skey_id,inferred
0x837ee0,812,v2i_AUTHORITY_KEYID,inferred
0x838560,171,d2i_ocsp_nonce,inferred
0x8387d0,231,i2r_PROXY_CERT_INFO_EXTENSION,inferred
0x8388c0,659,r2i_PROXY_CERT_INFO_EXTENSION,inferred
0x838b60,1437,process_pci_value,inferred
0x8392b0,45,i2v_TLS_FEATURE,inferred
0x839370,76,v2i_TLS_FEATURE,inferred
0x839580,,TLS_FEATURE_it,supported
0x839590,,NAMING_AUTHORITY_it,supported
0x8395a0,,PROFESSION_INFO_it,supported
0x8395b0,,ADMISSIONS_it,supported
0x8395c0,,ADMISSION_SYNTAX_it,supported
0x839c40,,file_write,inferred
0x839c50,105,def_create,inferred
0x839cc0,,def_init_default,inferred
0x839cf0,,def_init_WIN32,inferred
0x839d20,68,def_destroy,inferred
0x839d70,40,def_destroy_data,inferred
0x839da0,181,def_load,inferred
0x839e60,3046,def_load_bio,inferred
0x83aa50,42,def_dump,inferred
0x83aa80,,def_is_number,inferred
0x83acc0,406,get_next_file,inferred
0x83ae60,107,str_copy,inferred
0x83b940,49,CMS_dataFinal,inferred
0x83bad0,340,CMS_dataInit,inferred
0x83bc30,216,CMS_get0_content,inferred
0x83bd10,253,cms_DigestAlgorithm_find_ctx,inferred
0x83be10,198,cms_DigestAlgorithm_init_bio,inferred
0x83bf10,152,cms_EncryptedContent_init_bio,inferred
0x83c3c0,94,cms_RecipientInfo_pwri_crypt,inferred
0x83cca0,142,CMS_stream,inferred
0x83cd30,42,ec_GFp_mont_group_init,inferred
0x83cd60,370,ec_GFp_mont_group_set_curve,inferred
0x83cee0,71,ec_GFp_mont_group_finish,inferred
0x83cf30,71,ec_GFp_mont_group_clear_finish,inferred
0x83cf80,193,ec_GFp_mont_group_copy,inferred
0x83d050,90,ec_GFp_mont_field_mul,inferred
0x83d0b0,86,ec_GFp_mont_field_sqr,inferred
0x83d110,88,ec_GFp_mont_field_inv,inferred
0x83d240,82,ec_GFp_mont_field_encode,inferred
0x83d2a0,82,ec_GFp_mont_field_decode,inferred
0x83d300,91,ec_GFp_mont_field_set_to_one,inferred
0x83d360,,EC_GFp_mont_method,inferred
0x83d370,36,ec_GFp_nist_group_copy,inferred
0x83d3a0,352,ec_GFp_nist_group_set_curve,inferred
0x83d500,228,ec_GFp_nist_field_mul,inferred
0x83d5f0,203,ec_GFp_nist_field_sqr,inferred
0x83d6c0,,EC_GFp_nist_method,inferred
0x83d6d0,108,ec_GF2m_simple_group_init,inferred
0x83d740,50,ec_GFp_simple_group_finish,inferred
0x83d780,71,ec_GF2m_simple_group_clear_finish,inferred
0x83d7d0,225,ec_GF2m_simple_group_copy,inferred
0x83d8c0,65,ec_GF2m_simple_group_set_curve,inferred
0x83d9f0,137,ec_GF2m_simple_group_get_curve,inferred
0x83da80,29,ec_GF2m_simple_group_get_degree,inferred
0x83daa0,98,ec_GF2m_simple_group_check_discriminant,inferred
0x83db70,108,ec_GF2m_simple_point_init,inferred
0x83dbe0,50,ec_GF2m_simple_point_finish,inferred
0x83dc20,58,ec_GF2m_simple_point_clear_finish,inferred
0x83dc60,120,ec_GF2m_simple_point_copy,inferred
0x83dce0,39,ec_GF2m_simple_point_set_to_infinity,inferred
0x83dd10,208,ec_GF2m_simple_point_set_affine_coordinates,inferred
0x83dde0,239,ec_GF2m_simple_point_get_affine_coordinates,inferred
0x83ded0,143,ec_GF2m_simple_add,inferred
0x83e2e0,31,ec_GF2m_simple_dbl,inferred
0x83e300,141,ec_GF2m_simple_invert,inferred
0x83e390,26,ec_GF2m_simple_is_at_infinity,inferred
0x83e3b0,124,ec_GF2m_simple_is_on_curve,inferred
0x83e530,188,ec_GF2m_simple_point_cmp,inferred
0x83e6d0,87,ec_GF2m_simple_make_affine,inferred
0x83e7f0,131,ec_GF2m_simple_points_make_affine,inferred
0x83e880,47,ec_GF2m_simple_field_mul,inferred
0x83e8b0,38,ec_GF2m_simple_field_sqr,inferred
0x83e8e0,47,ec_GF2m_simple_field_div,inferred
0x83e910,517,ec_GF2m_simple_ladder_pre,inferred
0x83eb20,511,ec_GF2m_simple_ladder_step,inferred
0x83ed20,929,ec_GF2m_simple_ladder_post,inferred
0x83f0d0,243,ec_GF2m_simple_mul,inferred
0x83f2a0,84,ec_GF2m_simple_field_inv,inferred
0x83f300,,EC_GF2m_simple_method,inferred
0x8407e0,1961,BN_mod_sqrt,inferred
0x8415e0,1314,BN_GF2m_mod,inferred
0x841b10,240,BN_GF2m_mod_mul,inferred
0x841f60,74,BN_GF2m_mod_solve_quad_arr,inferred
0x8431b0,,NETSCAPE_SPKAC_it,supported
0x849710,2038,IDEA_encrypt,inferred
0x85b640,38,RIPEMD160_block_data_order,inferred
0x85dbc0,94,alg_module_init,inferred
0x85dd80,949,int_engine_configure,inferred
0x85e440,718,ssl_module_init,inferred
0x85e710,383,win32_load,inferred
0x85e890,90,win32_unload,inferred
0x85e990,250,win32_bind_func,inferred
0x85ea90,268,win32_name_converter,inferred
0x85eba0,512,win32_merger,inferred
0x85eda0,127,win32_pathbyaddr,inferred
0x85f010,104,win32_globallookup,inferred
0x85f3a0,224,win32_joiner,inferred
0x85f8a0,83,buffer_write,inferred
0x85fa40,61,buffer_read,inferred
0x85fb90,66,buffer_puts,inferred
0x85fbe0,255,buffer_gets,inferred
0x85fce0,1326,buffer_ctrl,inferred
0x860210,239,buffer_new,inferred
0x860300,134,buffer_free,inferred
0x860390,38,buffer_callback_ctrl,inferred
0x8603c0,,BIO_f_buffer,supported
0x860690,800,PEM_get_EVP_CIPHER_INFO,inferred
0x8609e0,800,PEM_read_bio_ex,inferred
0x860d00,677,get_header_and_data,inferred
0x860fb0,135,get_name,inferred
0x861550,108,OSSL_STORE_INFO_new_NAME,inferred
0x8616c0,233,ossl_store_info_new_EMBEDDED,inferred
0x861ee0,76,UI_process,inferred
0x8625f0,,OCSP_SINGLERESP_it,supported
0x862600,,OCSP_CERTSTATUS_it,supported
0x862610,,OCSP_REVOKEDINFO_it,supported
0x862620,,OCSP_RESPDATA_it,supported
0x862630,,OCSP_RESPID_it,supported
0x862640,,OCSP_RESPBYTES_it,supported
0x862650,,OCSP_ONEREQ_it,supported
0x862660,,OCSP_CERTID_it,supported
0x862670,,OCSP_SIGNATURE_it,supported
0x862680,,OCSP_REQINFO_it,supported
0x862690,,OCSP_CRLID_it,supported
0x8626a0,,OCSP_SERVICELOC_it,supported
0x862b80,605,i2o_SCT_signature,inferred
0x862de0,200,i2o_SCT,inferred
0x863300,45,o2i_SCT_LIST,inferred
0x8638a0,352,cms_DigestedData_do_final,inferred
0x863a20,115,ec_GFp_simple_group_init,inferred
0x863aa0,50,ec_GFp_simple_group_clear_finish,inferred
0x863ae0,114,ec_GFp_simple_group_copy,inferred
0x863b60,78,ec_GFp_simple_group_set_curve,inferred
0x863d30,277,ec_GFp_simple_group_get_curve,inferred
0x863e50,26,ec_GFp_simple_group_get_degree,inferred
0x863e70,96,ec_GFp_simple_group_check_discriminant,inferred
0x864080,115,ec_GFp_simple_point_init,inferred
0x864100,384,ec_GFp_simple_point_set_Jprojective_coordinates_GFp,inferred
0x864280,317,ec_GFp_simple_point_get_Jprojective_coordinates_GFp,inferred
0x8643c0,147,ec_GFp_simple_point_set_affine_coordinates,inferred
0x864460,138,ec_GFp_simple_point_get_affine_coordinates,inferred
0x864750,211,ec_GFp_simple_add,inferred
0x864d00,151,ec_GFp_simple_dbl,inferred
0x865140,89,ec_GFp_simple_invert,inferred
0x8651a0,133,ec_GFp_simple_is_on_curve,inferred
0x865470,164,ec_GFp_simple_point_cmp,inferred
0x865740,87,ec_GFp_simple_make_affine,inferred
0x865860,1296,ec_GFp_simple_points_make_affine,inferred
0x865d70,47,ec_GFp_simple_field_mul,inferred
0x865da0,38,ec_GFp_simple_field_sqr,inferred
0x865dd0,79,ec_GFp_simple_field_inv,inferred
0x865f20,404,ec_GFp_simple_blind_coordinates,inferred
0x8660c0,725,ec_GFp_simple_ladder_pre,inferred
0x8663a0,1427,ec_GFp_simple_ladder_step,inferred
0x866940,256,ec_GFp_simple_ladder_post,inferred
0x86ae10,512,asn1_write,inferred
0x86b010,70,asn1_read,inferred
0x86b060,39,asn1_puts,inferred
0x86b090,70,asn1_gets,inferred
0x86b0e0,596,asn1_ctrl,inferred
0x86b340,205,asn1_new,inferred
0x86b410,132,asn1_free,inferred
0x86b590,1146,b64_write,inferred
0x86ba10,104,b64_read,inferred
0x86beb0,39,b64_puts,inferred
0x86bee0,653,b64_ctrl,inferred
0x86c170,196,b64_new,inferred
0x86c240,119,b64_free,inferred
0x86d000,,hk_referenced_object_remove_reference,inferred
0x86d0a0,21,hk_thread_memory_router_install,inferred
0x86d360,17,hk_base_system_init,inferred
0x86d430,119,hk_base_system_quit,inferred
0x86d560,154,hk_array_reserve_grow_double,inferred
0x86d600,142,hk_array_reserve_exact,inferred
0x86d6e0,,hk_free_list_allocator_buf_free,inferred
0x86d700,133,hk_free_list_allocator_buf_realloc,inferred
0x86d880,35,hk_debug_output_string,supported
0x86d8b0,82,hk_free_list_memory_system_create,inferred
0x86d910,66,hk_memory_system_destroy,inferred
0x86d960,,hk_limited_aligned_allocator_block_alloc,inferred
0x86d990,,hk_limited_aligned_allocator_block_free,inferred
0x86df80,,hk_memory_system_frame_info_default,inferred
0x86dfb0,,hk_memory_router_tls_set_static_default,inferred
0x86e510,225,hk_free_list_allocator_block_free_batch,inferred
0x86e600,34,hk_free_list_allocator_block_free,inferred
0x86e6b0,6,hk_free_list_allocator_block_alloc_batch,inferred
0x86e840,30,hk_free_list_allocator_block_alloc,inferred
0x86e870,7,hk_free_list_allocator_buf_alloc,inferred
0x86e9a0,,hk_free_list_allocator_print_statistics_unsupported,supported
0x86e9c0,,hk_free_list_allocator_allocated_size,inferred
0x86ec10,9,hk_free_list_allocator_get_memory_statistics,inferred
0x86ee60,737,hk_free_list_allocator_ctor,inferred
0x86f150,107,hk_free_list_allocator_dtor,inferred
0x86f220,434,hk_quaternion_set_from_rotation_matrix,inferred
0x86f3e0,89,hk_quaternion_set_axis_angle,inferred
0x86f440,,hk_quaternion_set_from_rotation_wrapper,inferred
0x86f450,64,hk_transform_set_inverse,inferred
0x86f4a0,267,hk_transform_set_mul_inverse,inferred
0x86f5c0,57,hk_transform_mul_assign,inferred
0x86f600,206,hk_transform_set_mul,inferred
0x86f7e0,,hk_rotation_rotate_vector,inferred
0x86f820,101,hk_transform_inverse_transform_point,inferred
0x86f890,,hk_transform_transform_point,inferred
0x86f8d0,,hk_rotation_rotate_vector_b,inferred
0x86fc90,,hk_rotation_set_transpose,inferred
0x8702c0,,hk_vector4_array_get_min_max,inferred
0x8703c0,24,hk_critical_section_init,supported
0x8707b0,,hk_size_class_table_init,inferred
0x870e90,103,hk_size_class_allocator_ctor,inferred
0x870f50,,hk_size_class_allocator_free,inferred
0x871290,,hk_size_class_allocator_alloc,inferred
0x871850,,hk_ostream_get_class_info_writer,supported
0x8718d0,70,hk_ostream_write_uint_literal,supported
0x871920,67,hk_ostream_write_int,supported
0x871970,46,hk_ostream_dtor,inferred
0x8719b0,35,hk_ostream_ctor,inferred
0x8719e0,60,hk_ostream_write_string,inferred
0x871a30,79,hk_ostream_printf,inferred
0x871a90,27,hk_ostream_write_string_chain,inferred
0x872710,,hk_stdio_stream_reader_tell,supported
0x872730,28,hk_stdio_stream_reader_seek,supported
0x872790,47,hk_stdio_stream_reader_read,supported
0x8727d0,47,hk_stdio_stream_reader_dtor,supported
0x872810,76,hk_stdio_stream_reader_ctor_open,supported
0x872dc0,,hk_stdio_stream_writer_flush,supported
0x872de0,32,hk_stdio_stream_writer_write,supported
0x872e70,44,hk_stdio_file_close,supported
0x872eb0,38,hk_stdio_file_open_write,supported
0x872f20,91,hk_memory_stream_get_class_info,supported
0x872fd0,144,hk_memory_stream_reader_seek,inferred
0x873130,159,hk_memory_stream_reader_read,inferred
0x8732b0,89,hk_memory_stream_writer_ctor_buffer,inferred
0x873310,86,hk_memory_stream_writer_ctor_backing,inferred
0x873370,75,hk_path_normalize_to_backslash,inferred
0x8733d0,42,hk_path_slashes_to_backslashes,inferred
0x873400,,hk_default_error_section_end,inferred
0x873410,84,hk_default_error_section_begin,inferred
0x873470,219,hk_default_error_message,inferred
0x873560,112,hk_default_error_format_and_print,supported
0x8736f0,118,hk_default_error_ctor,inferred
0x873990,,hk_mem_copy_backward_bytes,inferred
0x873be0,,hk_mem_clear_wrapper,inferred
0x873bf0,,hk_mem_move_overlapping,inferred
0x873c10,,hk_mem_copy_wrapper,inferred
0x874100,,hk_string_hash31,supported
0x874270,71,hk_free_list_memory_system_get_memory_statistics,inferred
0x8742e0,351,hk_free_list_memory_system_print_statistics,supported
0x874450,179,hk_free_list_memory_system_thread_quit,inferred
0x874510,199,hk_free_list_memory_system_thread_init,inferred
0x874640,127,hk_free_list_memory_system_main_quit,inferred
0x8746d0,142,hk_free_list_memory_system_main_init,inferred
0x874770,146,hk_free_list_memory_system_dtor,inferred
0x874810,228,hk_free_list_memory_system_ctor,inferred
0x874900,,hk_free_list_memory_system_set_backing_allocator,inferred
0x874910,277,hk_checking_memory_system_frame_check,supported
0x874a50,114,hk_checking_memory_system_print_statistics,supported
0x874ad0,16,hk_checking_memory_system_thread_quit,inferred
0x874bc0,272,hk_checking_memory_system_thread_init,supported
0x875100,69,hk_checking_memory_system_free_checked,supported
0x875300,270,hk_checking_memory_system_alloc_tracked,inferred
0x875420,195,hk_checking_memory_system_find_tracked_block,inferred
0x8754f0,197,hk_checking_memory_system_remove_tracked_block,inferred
0x8755c0,203,hk_checking_memory_system_alloc_tagged,inferred
0x8756a0,109,hk_checking_memory_system_report_leaks,supported
0x875930,262,hk_checking_memory_system_print_block,supported
0x876190,432,hk_stack_tracer_ctor,supported
0x876350,48,hk_stack_tracer_get_current_trace_id,inferred
0x8765d0,,hk_stack_tracer_get_instance,inferred
0x876600,69,hk_stack_tracer_dump_symbols,supported
0x876aa0,20,hk_free_list_free_page_chain,inferred
0x876b00,110,hk_free_list_ctor_init,inferred
0x876b80,82,hk_free_list_release_pages,inferred
0x876ca0,90,hk_free_list_refill,inferred
0x877140,,hk_free_list_zero_init,inferred
0x877200,30,hk_free_list_ctor,inferred
0x877670,,hk_set_memory_soft_limit_flag,supported
0x877680,,hk_large_block_allocator_get_total_chunk_bytes,inferred
0x8776c0,,hk_large_block_allocator_get_chunk_size,inferred
0x8776d0,,hk_large_block_allocator_get_usable_size,inferred
0x8776f0,14,hk_large_block_allocator_free,inferred
0x8778c0,59,hk_large_block_allocator_alloc,inferred
0x877b70,79,hk_large_block_allocator_alloc_from_bins,inferred
0x877bd0,186,hk_large_block_allocator_grow,inferred
0x877ce0,,hk_large_block_allocator_mark_top_chunk,inferred
0x877dc0,550,hk_large_block_allocator_find_best_fit,inferred
0x877ff0,,hk_large_block_allocator_unlink_chunk,inferred
0x8780d0,218,hk_large_block_allocator_insert_chunk,inferred
0x8781b0,,hk_large_block_allocator_reset,inferred
0x8782c0,42,hk_large_block_allocator_ctor,inferred
0x8782f0,42,hk_large_block_allocator_dtor,inferred
0x878380,32,hk_large_block_allocator_get_allocated_bytes,inferred
0x878480,65,hk_large_block_allocator_get_memory_statistics,inferred
0x8784d0,,hk_large_block_allocator_walk_init,inferred
0x878520,,hk_large_block_allocator_walk_next,inferred
0x879090,51,hk_string_duplicate_with_allocator,inferred
0x8790d0,,hk_string_strstr,supported
0x8790e0,,hk_string_strcpy,inferred
0x879110,,hk_string_strncpy,supported
0x879130,,hk_mem_clear,inferred
0x879140,,hk_mem_move,inferred
0x879150,,hk_mem_copy,inferred
0x879160,,hk_string_strcmp,inferred
0x879190,,hk_string_strlen,inferred
0x8791b0,92,hk_string_sprintf,supported
0x879220,104,hk_string_vsprintf,supported
0x8792c0,23,hk_string_ptr_ctor_from_cstr,inferred
0x8792e0,,hk_string_ptr_reset,inferred
0x879300,35,hk_string_ptr_dtor,inferred
0x879350,121,hk_string_ptr_set,inferred
0x8793d0,95,hk_string_ptr_set_copy_n,inferred
0x879440,65,hk_string_duplicate,inferred
0x879700,17,hk_thread_get_current_id,supported
0x879850,98,hk_string_buf_append,inferred
0x8798c0,91,hk_string_buf_insert_or_replace,inferred
0x879930,,hk_string_buf_clear,inferred
0x8799b0,51,hk_string_buf_find_dot_segment,supported
0x8799f0,199,hk_string_buf_ctor_copy,inferred
0x879ac0,45,hk_string_buf_ctor,inferred
0x879b40,233,hk_string_buf_printf,inferred
0x879c30,24,hk_string_buf_set,inferred
0x879cf0,76,hk_string_buf_replace_char,inferred
0x879d50,266,hk_string_buf_remove_dot_segments,supported
0x879f80,,hk_string_buf_starts_with_dot_slash,supported
0x879fd0,19,hk_string_buf_normalize_parent_segments,supported
0x87a300,618,hk_socket_accept,supported
0x87a570,50,hk_socket_listen,supported
0x87a7d0,231,hk_socket_connect,inferred
0x87a8e0,60,hk_socket_read,inferred
0x87a930,60,hk_socket_write,inferred
0x87a9c0,51,hk_socket_open,inferred
0x87aa00,38,hk_socket_close,inferred
0x87aa30,,hk_socket_is_ok,inferred
0x87aaa0,164,hk_windows_socket_startup,supported
0x87ad60,167,hk_checking_memory_system_print_block_simple,supported
0x87ae10,58,hk_debug_memory_free_checked,supported
0x87af50,224,hk_debug_memory_alloc_tracked,inferred
0x87b6f0,49,hk_tracking_allocator_buf_realloc,inferred
0x87b820,26,hk_tracking_allocator_buf_free,inferred
0x87b920,147,hk_tracking_allocator_buf_alloc,inferred
0x87b9c0,20,hk_tracking_allocator_block_free,inferred
0x87bab0,129,hk_tracking_allocator_block_alloc,inferred
0x87bb40,257,hk_stack_trace_is_serialization_allocation,supported
0x87bdb0,16,hk_tracking_allocator_report_temp_allocations,supported
0x87cc60,45,hkp_convex_transform_shape_base_ctor,inferred
0x87e520,248,hkp_agent_register_util_register_sphere_agents,inferred
0x87ed90,187,hkp_collision_dispatcher_calc_content_statistics,supported
0x87ef90,702,hkp_collision_dispatcher_fill_agent_matrix,supported
0x87f510,230,hkp_collision_dispatcher_register_agent2_entry,inferred
0x87f600,183,hkp_collision_dispatcher_dtor,inferred
0x87f6c0,,hkp_collision_dispatcher_set_flag_2733,inferred
0x87f6d0,642,hkp_collision_dispatcher_ctor,inferred
0x8800f0,341,hkp_collision_dispatcher_register_agent2,inferred
0x880250,262,hkp_collision_dispatcher_set_shape_inheritance,inferred
0x880420,131,hkp_agent_register_util_register_agent_group_a,inferred
0x8804b0,73,hkp_agent_register_util_register_agent_group_b,inferred
0x880500,68,hkp_agent_register_util_register_agent_group_c,inferred
0x880550,97,hkp_agent_register_util_register_all_agents,inferred
0x882500,,hkp_sphere_shape_get_aabb,inferred
0x882530,,hkp_sphere_shape_get_class_type,inferred
0x882550,35,hkp_sphere_shape_ctor,inferred
0x882580,67,hkp_convex_transform_shape_calc_content_statistics,supported
0x882c50,89,hkp_convex_transform_shape_ctor,inferred
0x8838b0,,hkp_closest_point_on_segment,inferred
0x8839c0,,hkp_capsule_shape_get_centre,inferred
0x883a90,,hkp_capsule_shape_get_vertices,inferred
0x883ab0,,hkp_capsule_shape_get_num_collision_spheres,inferred
0x883ac0,1310,hkp_capsule_shape_cast_ray,inferred
0x883ff0,155,hkp_capsule_shape_get_aabb,inferred
0x8840c0,64,hkp_capsule_shape_ctor,inferred
0x884100,88,hkp_mopp_bv_tree_shape_ctor,inferred
0x884210,79,hkp_mopp_bv_tree_shape_query_aabb_expand,inferred
0x884270,54,hkp_mopp_bv_tree_shape_query_aabb,inferred
0x8845a0,90,hkp_mopp_bv_tree_shape_calc_content_statistics,supported
0x884630,57,hkp_mopp_bv_tree_shape_with_mopp_code_ctor,inferred
0x884820,53,hkp_list_shape_ctor_from_serialization,inferred
0x884860,13,hkp_list_shape_dtor,inferred
0x8849f0,163,hkp_list_shape_add_child_shape,inferred
0x884e80,226,hkp_list_shape_ctor,inferred
0x885000,67,hkp_transform_shape_calc_content_statistics,supported
0x885380,,hkp_transform_shape_set_transform,inferred
0x8853c0,76,hkp_transform_shape_ctor,inferred
0x8859b0,67,hkp_bv_shape_calc_content_statistics,supported
0x885a40,66,hkp_bv_shape_ctor,inferred
0x886910,58,hkp_shape_collection_ctor,inferred
0x887a30,53,hkp_collision_dispatcher_get_instance_init,inferred
0x887a70,,hkp_collision_dispatcher_static_instance,inferred
0x887c70,,hkp_agent_get_class_info_child_agent2,supported
0x887e70,300,hkp_agent_register_util_register_convex_agents,inferred
0x887fb0,,hkp_shape_type_to_string,supported
0x8883f0,248,hkp_register_agent_mopp_all,inferred
0x888f20,168,hkp_register_agent_bv_tree_convex,inferred
0x888fd0,168,hkp_register_agent_bv_tree_multi_ray,inferred
0x889080,248,hkp_register_agent_mopp_convex,inferred
0x8894e0,79,hkp_bv_tree_agent3_get_name,supported
0x889be0,95,hkp_register_agent_list_all,inferred
0x889ec0,79,hkp_collection_collection_agent3_get_name,supported
0x88c290,248,hkp_register_agent_convex_list_convex,inferred
0x88c9d0,86,hkp_convex_list_agent3_get_name,supported
0x88d500,168,hkp_register_agent_height_field_sphere_rep,inferred
0x88dbb0,83,hkp_register_agent_convex_convex,inferred
0x88dff0,354,hkp_convex_convex_agent_get_closest_points,inferred
0x88f840,57,hkp_box_box_agent_create,inferred
0x88f8f0,,hkp_box_box_agent_fill_function_table,inferred
0x88f930,51,hkp_register_agent_box_box,inferred
0x8901d0,84,hkp_sphere_sphere_agent_create,inferred
0x890230,,hkp_sphere_sphere_agent_fill_function_table,inferred
0x890270,51,hkp_register_agent_sphere_sphere,inferred
0x890a00,84,hkp_sphere_capsule_agent_create,inferred
0x890a60,84,hkp_capsule_sphere_agent_create,inferred
0x890ac0,168,hkp_register_agent_capsule_sphere,inferred
0x891110,115,hkp_sphere_triangle_agent_create,inferred
0x891190,125,hkp_triangle_sphere_agent_create,inferred
0x8912a0,95,hkp_register_agent_triangle_sphere,inferred
0x891c90,84,hkp_sphere_box_agent_create,inferred
0x891cf0,84,hkp_box_sphere_agent_create,inferred
0x891d50,168,hkp_register_agent_box_sphere,inferred
0x892560,91,hkp_capsule_capsule_agent_create,inferred
0x8925d0,83,hkp_register_agent_capsule_capsule,inferred
0x892ef0,123,hkp_capsule_triangle_agent_create,inferred
0x892f80,133,hkp_triangle_capsule_agent_create,inferred
0x893090,95,hkp_register_agent_triangle_capsule,inferred
0x8941f0,123,hkp_multi_sphere_triangle_agent_create,inferred
0x894280,133,hkp_triangle_multi_sphere_agent_create,inferred
0x894310,168,hkp_register_agent_triangle_multi_sphere,inferred
0x894ad0,79,hkp_multi_ray_convex_agent_create,inferred
0x894b30,105,hkp_convex_multi_ray_agent_create,inferred
0x894c60,168,hkp_register_agent_convex_multi_ray,inferred
0x895710,128,hkp_bv_all_agent_create,inferred
0x8958e0,168,hkp_register_agent_all_bv,inferred
0x896b30,128,hkp_multi_sphere_all_agent_create,inferred
0x896c40,168,hkp_register_agent_all_multi_sphere,inferred
0x896cf0,128,hkp_collection_all_agent_create,inferred
0x897aa0,168,hkp_register_agent_all_collection,inferred
0x898210,,hkp_transform_agent_get_class_info,supported
0x898240,474,hkp_transform_all_agent_create,inferred
0x898630,168,hkp_register_agent_all_transform,inferred
0x898990,113,hkp_register_agent_phantom_callback_all,inferred
0x89c8d0,91,hkp_agent_nn_track_calc_content_statistics_a,supported
0x89ca20,119,hkp_agent_nn_track_calc_content_statistics_b,supported
0x89cbc0,344,hkp_agent3_get_class_name_helper,inferred
0x89cd60,79,hkp_list_agent3_get_name,supported
0x89cf00,,hkp_agent3_machine_header_init,inferred
0x8a46b0,120,hkp_agent_nn_entry_copy,inferred
0x8a4730,360,hkp_agent_nn_track_compact,inferred
0x8a4f70,504,hkp_agent_nn_machine_create_entry,inferred
0x8a5260,200,hkp_agent_nn_track_pop_entry,inferred
0x8a5330,167,hkp_agent_nn_track_allocate_entry,inferred
0x8a53e0,,hkp_agent_nn_entry_fixup_link,inferred
0x8a5420,,hkp_agent_nn_track_get_last_entry,inferred
0x8a6330,406,hkp_rigid_body_dtor,inferred
0x8a64d0,394,hkp_entity_calc_content_statistics,supported
0x8a6780,404,hkp_rigid_body_ctor_default,inferred
0x8a6920,288,hkp_rigid_body_ctor,inferred
0x8a6fe0,,hkp_world_critical_section_leave_a,inferred
0x8a7000,,hkp_world_critical_section_leave_b,inferred
0x8a7020,,hkp_world_critical_section_enter_a,inferred
0x8a7040,,hkp_world_critical_section_enter_b,inferred
0x8a7060,,hkp_world_leave_access_scope,inferred
0x8a7190,29,hkp_world_calc_content_statistics,supported
0x8a86a0,47,hkp_world_queue_or_run_op_b,inferred
0x8a9570,1782,hkp_world_dtor,inferred
0x8a9c70,323,hkp_world_remove_all_objects,inferred
0x8a9fa0,,hkp_world_operation_queue_enqueue,inferred
0x8aa080,4828,hkp_world_ctor,inferred
0x8ab370,26,hkp_world_enter_access_scope,inferred
0x8ab4e0,404,hkp_world_add_entity,inferred
0x8ab680,260,hkp_world_remove_entity,inferred
0x8abd00,73,hkp_world_add_phantom,inferred
0x8abe30,298,hkp_world_remove_phantom,inferred
0x8abf60,275,hkp_world_add_constraint,inferred
0x8ac080,247,hkp_world_remove_constraint,inferred
0x8ac180,116,hkp_world_step_delta_time_body,inferred
0x8b0050,32,hkp_world_add_entity_broadphase,inferred
0x8b0170,44,hkp_world_remove_entity_broadphase,inferred
0x8b0270,95,hkpEntity_removeFromIsland_slot,inferred
0x8b02e0,130,hkp_world_add_constraint_to_island_locked,inferred
0x8b0430,246,hkp_world_update_entity_broadphase_pairs,inferred
0x8b0530,196,hkp_world_update_phantom_broadphase_pairs,inferred
0x8b0600,56,hkp_world_island_array_push_dirty,inferred
0x8b0690,83,hkp_world_move_islands_by_state,inferred
0x8b0770,28,hkp_world_island_array_push,inferred
0x8b07e0,,hkpRigidBodyCinfo_construct_default,inferred
0x8b08b0,285,hkp_entity_notify_motion_changed,inferred
0x8b09e0,,hkpEntity_has_valid_filter_layer,inferred
0x8b0a00,,hkp_entity_update_collision_filter_layer_bits,inferred
0x8b0b10,93,hkpRigidBody_set_shape,inferred
0x8b0c90,105,hkp_entity_set_motion_type,inferred
0x8b0d00,11,hkpRigidBody_clone,inferred
0x8b0ea0,,hkpRigidBody_get_motion_state_address,inferred
0x8b0eb0,372,hkpRigidBody_fill_cinfo_from_body,inferred
0x8b1030,,hkpRigidBody_destruct,inferred
0x8b1050,150,hkp_collidable_compute_shape_local_extents,inferred
0x8b10f0,,hkp_collidable_set_allowed_penetration_depth,supported
0x8b1130,448,hkpRigidBody_createMotionByType,inferred
0x8b1300,35,hkpRigidBody_motion_slot_0x70_then_notify,inferred
0x8b1330,,hkpRigidBody_motion_slot_0x40_forward,inferred
0x8b1350,35,hkpRigidBody_motion_slot_0x78_then_notify,inferred
0x8b1700,114,hkpSimpleShapePhantom_calcContentStatistics,supported
0x8b1780,18,hkpSimpleShapePhantom_removeOverlap_entry,inferred
0x8b1830,31,hkpSimpleShapePhantom_addOverlap_entry,inferred
0x8b19b0,,hkpShapePhantom_setTransform,inferred
0x8b19e0,50,hkpShapePhantom_setTranslationAndRefreshAabb,inferred
0x8b1be0,455,hkpSimpleShapePhantom_clone,inferred
0x8b1db0,,hk_stub_returns_one,supported
0x8b1dc0,110,hkpSimpleShapePhantom_destruct,inferred
0x8b1ef0,79,hkpSimpleShapePhantom_construct,inferred
0x8b1f40,127,hkpMotion_construct,inferred
0x8b1fe0,,hkpMotion_applyLinearImpulse,inferred
0x8b2010,,hkpMotion_setLinearVelocity,inferred
0x8b2030,,hkpMotion_setAngularVelocity,inferred
0x8b2050,69,hkpMotion_copyMotionStateAndVelocitiesTo,inferred
0x8b20a0,,hkpMotion_setTransform,inferred
0x8b20c0,,hkpMotion_setPositionAndRotation,inferred
0x8b20e0,,hkpMotion_setRotation,inferred
0x8b2100,,hkpMotion_setPosition,inferred
0x8b2140,,hkpMotion_setMassInv,inferred
0x8b2150,,hkpMotion_setMass,inferred
0x8b2180,,hkpMotion_getMass,inferred
0x8b21a0,86,hkpShapePhantom_construct,inferred
0x8b2210,,hkpShapePhantom_get_transform_address,inferred
0x8b2220,,hkpShapePhantom_get_aabb,inferred
0x8b2260,116,hkpShapePhantom_set_transform_rows,inferred
0x8b24b0,119,hkpAabbPhantom_calcContentStatistics,supported
0x8b2530,149,hkpAabbPhantom_findOverlappingCollidable,inferred
0x8b25d0,25,hkpAabbPhantom_addOverlappingCollidable,inferred
0x8b2650,,hkpAabbPhantom_removeOverlappingCollidable,inferred
0x8b2690,,hkpAabbPhantom_getAabb,inferred
0x8b26b0,455,hkpAabbPhantom_clone,inferred
0x8b2880,,hk_stub_returns_zero,supported
0x8b2890,110,hkpAabbPhantom_destruct,inferred
0x8b2910,,hkpAabbPhantom_setAabb,inferred
0x8b2940,97,hkpAabbPhantom_update_overlapping_collidables,inferred
0x8b2ab0,261,hkpAabbPhantom_construct,inferred
0x8b2bc0,,hkpWorldObject_get_field_0xc8,inferred
0x8b2bd0,,hkpWorldObject_set_field_0xc8,inferred
0x8b2be0,190,hkpWorldObject_construct,inferred
0x8b2cb0,,hk_stub_returns_one,supported
0x8b2cc0,272,hkpWorldObject_calcContentStatistics,supported
0x8b2de0,128,hkpWorldObject_construct_default,inferred
0x8b2e70,183,hkpWorldObject_getProperty_slot,inferred
0x8b2f30,55,hkpWorldObject_findProperty,inferred
0x8b3000,18,hkpConstraintInstance_destruct,inferred
0x8b3210,,hk_noop_virtual_stub,supported
0x8b3220,,hk_noop_virtual_stub,supported
0x8b3230,,hkpConstraintInstance_set_owner_flag_byte,inferred
0x8b3250,86,hkpConstraintInstance_construct,inferred
0x8b32b0,100,hkpConstraintInstance_find_partner_entity_world,inferred
0x8b3320,82,hkpConstraintInstance_release_entity_if_matches,inferred
0x8b3380,,hkpConstraintInstance_get_dynamic_entity_collision_ptr,inferred
0x8b33a0,147,hkpConstraintInstance_construct_with_data,inferred
0x8b3440,,hkpRagdollConstraintData_getType,inferred
0x8b3450,81,hkpRagdollConstraintData_set_motor_by_index,inferred
0x8b34b0,96,hkpRagdollConstraintData_destruct,inferred
0x8b3520,179,hkpRagdollConstraintData_isValid,inferred
0x8b35e0,,hkpRagdollConstraintData_set_solving_method_flag,inferred
0x8b3600,,hkpRagdollConstraintData_getRuntimeInfo,inferred
0x8b3620,,hkpRagdollConstraintData_getConstraintInfo,inferred
0x8b3640,,hkpRagdollConstraintData_getNotifiedBodyIndex,inferred
0x8b3650,,hkpRagdollConstraintData_setBodyToNotify,inferred
0x8b3670,,hkpRagdollConstraintData_getMaximumLinearImpulse,inferred
0x8b3680,,hkpRagdollConstraintData_setMaximumLinearImpulse,inferred
0x8b3690,,hkpRagdollConstraintData_get_motor_0,inferred
0x8b36a0,,hkpRagdollConstraintData_get_motor_2,inferred
0x8b36b0,,hkpRagdollConstraintData_get_motor_1,inferred
0x8b36e0,594,hkpRagdollConstraintData_construct,inferred
0x8b3940,787,hkpRagdollConstraintData_set_in_body_space,inferred
0x8b3c70,,hkpRagdollConstraintData_set_motor_0,inferred
0x8b3c80,,hkpRagdollConstraintData_set_motor_2,inferred
0x8b3ca0,,hkpRagdollConstraintData_set_motor_1,inferred
0x8b3cc0,,hkpRagdollConstraintData_set_motors_enabled_flag,inferred
0x8b3e90,,hkpHingeConstraintData_getType,inferred
0x8b3ea0,88,hkpHingeConstraintData_isValid,inferred
0x8b3f00,,hkpHingeConstraintData_getConstraintInfo,inferred
0x8b3f20,,hkpHingeConstraintData_getRuntimeInfo,inferred
0x8b3f40,,hkpHingeConstraintData_getNotifiedBodyIndex,inferred
0x8b3f50,,hkpHingeConstraintData_setBodyToNotify,inferred
0x8b3f70,,hkpHingeConstraintData_getMaximumLinearImpulse,inferred
0x8b3f80,,hkpHingeConstraintData_setMaximumLinearImpulse,inferred
0x8b3f90,234,hkpHingeConstraintData_construct,inferred
0x8b4080,1040,hkpLimitedHingeConstraintData_set_in_body_space,inferred
0x8b4490,,hkpLimitedHingeConstraintData_getType,inferred
0x8b44a0,108,hkpLimitedHingeConstraintData_isValid,inferred
0x8b4520,,hkpLimitedHingeConstraintData_getRuntimeInfo,inferred
0x8b4540,,hkpLimitedHingeConstraintData_getConstraintInfo,inferred
0x8b4560,,hkpLimitedHingeConstraintData_getNotifiedBodyIndex,inferred
0x8b4570,,hkpLimitedHingeConstraintData_setBodyToNotify,inferred
0x8b4590,,hkpLimitedHingeConstraintData_getMaximumLinearImpulse,inferred
0x8b45a0,,hkpLimitedHingeConstraintData_setMaximumLinearImpulse,inferred
0x8b45b0,59,hkpLimitedHingeConstraintData_destruct,inferred
0x8b4600,406,hkpLimitedHingeConstraintData_construct,inferred
0x8b47a0,736,hkpStiffSpringConstraintData_set_in_body_space,inferred
0x8b4a90,64,hkpStiffSpringConstraintData_set_motor,inferred
0x8b4ae0,,hkpStiffSpringConstraintData_set_motors_enabled_flag,inferred
0x8b4b00,,hkpStiffSpringConstraintData_getType,inferred
0x8b4b10,,hkpStiffSpringConstraintData_isValid,inferred
0x8b4b30,,hkpStiffSpringConstraintData_getRuntimeInfo,inferred
0x8b4b50,,hkpStiffSpringConstraintData_getConstraintInfo,inferred
0x8b4b70,65,hkpStiffSpringConstraintData_construct,inferred
0x8b4bc0,,hkpBallAndSocketConstraintData_getType,inferred
0x8b4bd0,,hkpBallAndSocketConstraintData_isValid,inferred
0x8b4be0,,hkpBallAndSocketConstraintData_getRuntimeInfo,inferred
0x8b4c10,,hkpBallAndSocketConstraintData_getConstraintInfo,inferred
0x8b4c30,,hkpBallAndSocketConstraintData_getNotifiedBodyIndex,inferred
0x8b4c40,,hkpBallAndSocketConstraintData_setBodyToNotify,inferred
0x8b4c60,,hkpBallAndSocketConstraintData_getMaximumLinearImpulse,inferred
0x8b4c70,,hkpBallAndSocketConstraintData_setMaximumLinearImpulse,inferred
0x8b4c80,109,hkpBallAndSocketConstraintData_construct,inferred
0x8b4d00,,hkpConstraintData_set_pivot_pair,inferred
0x8b4d10,,hkpPrismaticConstraintData_getType,inferred
0x8b4d20,107,hkpPrismaticConstraintData_isValid,inferred
0x8b4da0,,hkpPrismaticConstraintData_getRuntimeInfo,inferred
0x8b4dc0,,hkpPrismaticConstraintData_getConstraintInfo,inferred
0x8b4de0,59,hkpPrismaticConstraintData_destruct,inferred
0x8b4e30,281,hkpPrismaticConstraintData_construct,inferred
0x8b4f50,715,hkpPrismaticConstraintData_set_in_body_space,inferred
0x8b5220,26,hkpPoweredChainData_buildJacobian,inferred
0x8b5ce0,,hkpPoweredChainData_getRuntimeInfo,inferred
0x8b5d10,,hkpPoweredChainData_getConstraintInfo,inferred
0x8b5d60,,hkpPoweredChainData_getType,inferred
0x8b5d70,6,hkpPoweredChainData_destruct,inferred
0x8b5e60,118,hkpPoweredChainData_construct,inferred
0x8b6040,36,hkpConstraintChainInstance_destruct,supported
0x8b60c0,175,hkpConstraintChainInstance_construct,supported
0x8b6180,121,hkpBroadPhaseBorder_record_escaped_entity,inferred
0x8b6260,,hkpEntity_less_by_uid,inferred
0x8b6280,,hk_noop_virtual_stub,supported
0x8b6340,962,hkpBroadPhaseBorder_construct,inferred
0x8b6710,176,hkpBroadPhaseBorder_destruct,inferred
0x8b67d0,18,hkpBroadPhaseBorder_deactivate,inferred
0x8b6870,86,hkpBroadPhaseBorder_world_deleted_thunk,inferred
0x8b6ab0,63,hkpKeyframedRigidMotion_construct,inferred
0x8b6b50,,hk_noop_virtual_stub,supported
0x8b6b60,,hk_noop_virtual_stub,supported
0x8b6b70,,hk_noop_virtual_stub,supported
0x8b6b80,,hk_noop_virtual_stub,supported
0x8b6b90,,hk_noop_virtual_stub,supported
0x8b6ba0,,hk_noop_virtual_stub,supported
0x8b6bb0,,hk_noop_virtual_stub,supported
0x8b6bc0,,hkpKeyframedRigidMotion_getProjectedPointVelocity,inferred
0x8b6c40,,hkpFixedMotion_getInertiaInvWorld_zero,inferred
0x8b6c60,,hkpFixedMotion_getInertiaInvLocal_zero,inferred
0x8b6c80,,hk_noop_virtual_stub,supported
0x8b6c90,,hk_noop_virtual_stub,supported
0x8b6ca0,,hkpFixedMotion_getInertiaWorld_zero,inferred
0x8b6cc0,,hkpFixedMotion_getInertiaLocal_zero,inferred
0x8b6ce0,,hk_noop_virtual_stub,supported
0x8b6cf0,,hk_noop_virtual_stub,supported
0x8b6d00,49,hkpKeyframedRigidMotion_destruct,inferred
0x8b6d70,63,hk_integrateMotionsLoop,inferred
0x8b7860,32,hkpEntity_vtable_getter,inferred
0x8b7890,,hkpEntity_destroyInPlace,inferred
0x8b78a0,,hkpEntity_finishConstruct,inferred
0x8b78c0,,hk_noop_virtual_stub,supported
0x8b78d0,,hk_noop_virtual_stub,supported
0x8b78e0,,hk_noop_virtual_stub,supported
0x8b78f0,221,hkp_fireContactProcessCallbacks,inferred
0x8b79e0,221,hkp_fireContactPointRemovedCallbacks,inferred
0x8b7ad0,221,hkp_fireContactPointAddedCallbacks,inferred
0x8b7bc0,221,hkp_fireContactListenerEvent_slot10,inferred
0x8b7cb0,221,hkp_fireContactListenerEvent_slot8,inferred
0x8b7da0,221,hkp_fireContactListenerEvent_slot0,inferred
0x8b7e90,17,hkArray_compact_null_pointer_u16,inferred
0x8b7f10,25,hkp_fireListenerArray_0x2b8_slot20,inferred
0x8b7f80,25,hkp_fireListenerArray_0x2b8_slot18,inferred
0x8b7ff0,25,hkp_fireListenerArray_0x2b8_b,inferred
0x8b8060,6,hkp_fireListenerArray_0x2b8_c,inferred
0x8b8150,25,hkp_fireListenerArray_0x2b8_slot28,inferred
0x8b81b0,37,hkpFixedRigidMotion_construct,inferred
0x8b81e0,,hk_noop_virtual_stub,supported
0x8b81f0,,hk_noop_virtual_stub,supported
0x8b8200,,hk_noop_virtual_stub,supported
0x8b8210,44,hkpFixedMotion_copyMotionStateAndVelocitiesTo,inferred
0x8b8240,,hkpSphereMotion_getInertiaLocal,inferred
0x8b8280,,hkpSphereMotion_getInertiaWorld,inferred
0x8b82c0,,hkpSphereMotion_setInertiaLocal,inferred
0x8b8310,,hkpSphereMotion_setInertiaInvLocal,inferred
0x8b8340,,hkpSphereMotion_getInertiaInvLocal,inferred
0x8b8370,,hkpSphereMotion_getInertiaInvWorld,inferred
0x8b83a0,,hkpSphereMotion_getProjectedPointVelocity,inferred
0x8b8450,,hkpSphereMotion_applyPointImpulse,inferred
0x8b84c0,,hkpSphereMotion_applyAngularImpulse,inferred
0x8b84e0,46,hkpSphereMotion_applyForceAtPoint,inferred
0x8b8520,,hkpSphereMotion_applyForce,inferred
0x8b8560,43,hkpSphereMotion_applyTorque,inferred
0x8b8590,50,hkpBoxMotion_construct,inferred
0x8b85d0,,hkpBoxMotion_setMass,inferred
0x8b85f0,,hkpBoxMotion_getInertiaLocal,inferred
0x8b8650,,hkpBoxMotion_getInertiaWorld,inferred
0x8b86c0,,hkpBoxMotion_setInertiaLocal,inferred
0x8b8700,,hkpBoxMotion_setInertiaInvLocal,inferred
0x8b8730,,hkpBoxMotion_getInertiaInvLocal,inferred
0x8b8770,81,hkpBoxMotion_getInertiaInvWorld,inferred
0x8b87d0,252,hkpBoxMotion_getProjectedPointVelocity,inferred
0x8b88e0,251,hkpBoxMotion_applyPointImpulse,inferred
0x8b89f0,178,hkpBoxMotion_applyAngularImpulse,inferred
0x8b8ab0,46,hkpBoxMotion_applyForceAtPoint,inferred
0x8b8af0,,hkpBoxMotion_applyForce,inferred
0x8b8b30,43,hkpBoxMotion_applyTorque,inferred
0x8b8b60,,hkpCharacterMotion_getInertiaLocal,inferred
0x8b8ba0,,hkpCharacterMotion_getInertiaWorld,inferred
0x8b8be0,,hkpCharacterMotion_setInertiaLocal,inferred
0x8b8c30,,hkpCharacterMotion_setInertiaInvLocal,inferred
0x8b8c60,,hkpCharacterMotion_getInertiaInvLocal,inferred
0x8b8c90,,hkpCharacterMotion_getInertiaInvWorld,inferred
0x8b8cc0,,hkpCharacterMotion_getProjectedPointVelocity,inferred
0x8b8d40,,hkpCharacterMotion_applyPointImpulse,inferred
0x8b8db0,,hkpCharacterMotion_applyAngularImpulse,inferred
0x8b8dd0,46,hkpCharacterMotion_applyForceAtPoint,inferred
0x8b8e10,,hkpCharacterMotion_applyForce,inferred
0x8b8e50,43,hkpCharacterMotion_applyTorque,inferred
0x8b8e80,186,hkp_fireCollisionProcessCallbacks,inferred
0x8b8f40,186,hkp_fireCollisionPointRemovedCallbacks,inferred
0x8b9000,186,hkp_fireCollisionPointAddedCallbacks,inferred
0x8b90c0,207,hkp_fireListenerArray_0x268,inferred
0x8b91a0,207,hkp_fireListenerArray_0x248,inferred
0x8b9280,207,hkp_fireListenerArray_0x238,inferred
0x8b9360,202,hkp_fireListenerArray_0x228,inferred
0x8b9430,202,hkp_fireListenerArray_0x218,inferred
0x8b95d0,186,hkp_fireCollisionListenerEvent_slot10,inferred
0x8b9690,186,hkp_fireCollisionListenerEvent_slot8,inferred
0x8b9750,186,hkp_fireCollisionListenerEvent_slot0,inferred
0x8b9810,186,hkp_fireListenerArray_0x1d8_slot28,inferred
0x8b98d0,186,hkp_fireListenerArray_0x1d8_slot20,inferred
0x8b9990,17,hkArray_compact_null_pointer_u16_b,inferred
0x8b9a10,,hkArray_compact_null_pointer_i32,inferred
0x8b9a80,186,hkp_fireListenerArray_0x1c8,inferred
0x8b9b40,186,hkp_fireListenerArray_0x1b8_slot20,inferred
0x8b9c00,186,hkp_fireListenerArray_0x1b8_slot18,inferred
0x8b9cc0,186,hkp_fireListenerArray_0x1d8,inferred
0x8b9d80,186,hkp_fireListenerArray_0x1d8_slot10,inferred
0x8b9e40,186,hkp_fireListenerArray_0x208,inferred
0x8b9f00,21,hkp_fireIslandListeners_A,inferred
0x8ba0d0,21,hkp_fireIslandListeners_B,inferred
0x8ba2a0,165,hkp_fireListenerArray_0x1e8_slot10,inferred
0x8ba350,165,hkp_fireListenerArray_0x1e8,inferred
0x8ba400,186,hkp_fireListenerArray_0x1b8_b,inferred
0x8ba4c0,186,hkp_fireListenerArray_0x1b8_c,inferred
0x8ba580,186,hkp_fireListenerArray_0x1a8,inferred
0x8ba640,186,hkp_fireListenerArray_0x1a8_slot10,inferred
0x8ba700,186,hkp_fireListenerArray_0x1c8_b,inferred
0x8ba7c0,186,hkp_fireListenerArray_0x1c8_c,inferred
0x8ba880,,hkpSimulationIsland_compare_by_activation_index,inferred
0x8ba8e0,,hkpEntity_compare_by_uid,inferred
0x8ba920,,hk_remove_reference_thunk,supported
0x8ba930,,hk_add_reference_thunk,supported
0x8baa50,15,hkpWorldOperationQueue_execute_all_pending,inferred
0x8bb2b0,19,hkpWorldOperationQueue_dispatch_pending_listener_calls,inferred
0x8bb450,1196,hkpWorldOperationQueue_queue_operation,inferred
0x8bb900,143,hkpSimpleConstraintContactMgr_calcContentStatistics,supported
0x8bb9a0,103,hkpSimpleConstraintContactMgr_Factory_createContactMgr,inferred
0x8bba10,18,hkpSimpleConstraintContactMgr_processContact,inferred
0x8bbbb0,,hkpSimpleConstraintContactMgr_getRuntime_forward,inferred
0x8bbbd0,,hkpSimpleConstraintContactMgr_getConstraintInstance_forward,inferred
0x8bbbf0,124,hkpSimpleConstraintContactMgr_getAllContactPointIds,inferred
0x8bbc80,,hkpSimpleConstraintContactMgr_getContactPoint_by_id,inferred
0x8bbcc0,,hkpSimpleConstraintContactMgr_getContactPointProperties,inferred
0x8bbcf0,251,hkpSimpleConstraintContactMgr_removeContactPoint,inferred
0x8bc030,777,hkpSimpleConstraintContactMgr_addContactPoint,inferred
0x8bc340,338,hkpSimpleConstraintContactMgr_toiCollisionResponse,inferred
0x8bc4a0,,hkpSimpleConstraintContactMgr_event_slot18,inferred
0x8bc4e0,194,hkpSimpleConstraintContactMgr_fireEvent_slot17,inferred
0x8bc5b0,126,hkpSimpleConstraintContactMgr_confirmContactPoint,inferred
0x8bc640,,hkpSimpleConstraintContactMgr_reserveContactPoints,inferred
0x8bc680,123,hkpSimpleConstraintContactMgr_destruct,inferred
0x8bc710,231,hkpSimpleConstraintContactMgr_construct,inferred
0x8bc800,,hkpSimpleConstraintContactMgr_getConstraintInstance,inferred
0x8bc810,31,hkpSimpleConstraintContactMgr_Factory_construct,inferred
0x8bc830,103,hkpReportContactMgr_Factory_createContactMgr,inferred
0x8bc8a0,208,hkpReportContactMgr_fireEvent_slot18,inferred
0x8bc980,36,hkpReportContactMgr_processContact,inferred
0x8bca90,118,hkpReportContactMgr_removeContactPoint,inferred
0x8bcb10,124,hkpReportContactMgr_confirmContactPoint,inferred
0x8bcba0,284,hkpReportContactMgr_toiCollisionResponse,inferred
0x8bccd0,415,hkpReportContactMgr_addContactPoint,inferred
0x8bce80,,hkpReportContactMgr_destruct,inferred
0x8bcea0,76,hkpReportContactMgr_construct,inferred
0x8bcf00,31,hkpReportContactMgr_Factory_construct,inferred
0x8bd2a0,,hkpSimulationIsland_select_by_active_index,inferred
0x8bd2c0,130,hkpSimulationIsland_select_smaller_by_entity_count,inferred
0x8bd4a0,18,hkpSimulationIsland_calcContentStatistics,supported
0x8bd710,175,hkpSimulationIsland_destruct,inferred
0x8bd7d0,,hkpSimulationIsland_removeEntity,inferred
0x8bd830,661,hkpSimulationIsland_isFullyConnected,inferred
0x8bdad0,,hk_noop_virtual_stub,supported
0x8bdae0,,hkpSimulationIsland_mergeCounters,inferred
0x8bdb10,160,hkpSimulationIsland_construct,inferred
0x8bdbc0,104,hkpSimulationIsland_addEntity,inferred
0x8bdc30,103,hkpSimulationIsland_addAction_slot,inferred
0x8bdca0,,hkpSimulationIsland_findAction,inferred
0x8bdd00,74,hkpPhantom_removeAllOverlapListeners,inferred
0x8bdd50,,hkpPhantom_compactOverlapListeners,inferred
0x8bdde0,,hkpPhantom_compactPhantomListeners,inferred
0x8bde70,89,hkpPhantom_addPhantomListener,inferred
0x8bded0,,hkpPhantom_findPhantomListener,inferred
0x8bdf60,180,hkpPhantom_clearListenerArray,inferred
0x8be080,186,hkpPhantom_destruct,inferred
0x8be140,86,hkpPhantom_updateAabbInBroadphase,inferred
0x8be3d0,189,hkpPhantom_calcContentStatistics,supported
0x8be8c0,16,hkpSimulation_slot12,inferred
0x8bea90,34,hkpSimulation_collideEntitiesCore,inferred
0x8bf410,83,hkpSimulation_collideEntities_slot8,inferred
0x8bf490,169,hkpSimulation_collide_callback_setup,inferred
0x8bf540,34,hkpSimulation_collideEntities_wrapper,inferred
0x8bf570,433,hkpSimulation_slot7,inferred
0x8bf7d0,302,hkpSimulation_stepCore,inferred
0x8bfc20,203,hkpSimulation_slot13,inferred
0x8bfe20,112,hkpSimulation_slot3,inferred
0x8bfea0,73,hkpSimulation_advanceTime_slot6,inferred
0x8bfef0,,hkpSimulation_computeNextTime,inferred
0x8bff50,239,hkpSimulation_finishStep,inferred
0x8c0050,183,hkpSimulation_slot5,inferred
0x8c0110,171,hkpSimulation_setFrameTimeMarker,inferred
0x8c01d0,,hkpSimulation_destruct,inferred
0x8c04a0,59,hkpSimulation_construct,inferred
0x8c05d0,,hk_noop_virtual_stub,supported
0x8c1040,1176,hkpMultiThreadedSimulation_batch_8c1040,inferred
0x8c14e0,74,hkpMultiThreadedSimulation_batch_8c14e0,inferred
0x8c1820,23,hkpMultiThreadedSimulation_slot16,inferred
0x8c1f90,40,hkpMultiThreadedSimulation_slot15,inferred
0x8c22e0,,hk_noop_virtual_stub,supported
0x8c22f0,,hk_noop_virtual_stub,supported
0x8c2300,,hkpSimulation_set_value_0x118,inferred
0x8c2310,,hkpSimulation_get_value_0x118,inferred
0x8c2320,,hkpCollisionEntry_less_by_entity_uid,inferred
0x8c23d0,254,hkpMultiThreadedSimulation_destruct,inferred
0x8c24e0,114,hkp_dispatch_border_overlap_removed_b,inferred
0x8c2560,114,hkp_dispatch_border_overlap_added_b,inferred
0x8c25e0,234,hkpSimulation_add_entity_entity_pair_or_defer_a,inferred
0x8c26d0,103,hkpSimulation_add_entity_entity_pair_or_defer_b,inferred
0x8c2800,107,hkp_dispatch_phantom_overlap_removed_b,inferred
0x8c2880,107,hkp_dispatch_phantom_overlap_added_b,inferred
0x8c2900,,hkpMultiThreadedSimulation_dispatchJob,inferred
0x8c2a40,446,hkpMultiThreadedSimulation_construct,inferred
0x8c2c00,54,hkpSimulation_remove_entity_entity_pair,inferred
0x8c2c40,,hkpSimulation_add_entity_entity_pair,inferred
0x8c2cb0,42,hkpMultiThreadedSimulation_jobHandler_construct,inferred
0x8c2ce0,2841,hkpMultiThreadedSimulation_largeSetup_8c2ce0,inferred
0x8c3e50,1421,hk_job_helper_8c3e50,inferred
0x8c4440,,hkp_compare_entities_by_unique_id,inferred
0x8c4930,4,hk_job_helper_8c4930,inferred
0x8c4d00,41,hkpContinuousSimulation_slot16,inferred
0x8c5c10,,hk_noop_virtual_stub,supported
0x8c5c20,,hk_noop_virtual_stub,supported
0x8c5c30,27,hkpContinuousSimulation_helper_8c5c30,inferred
0x8c5ca0,1229,hkpContinuousSimulation_loop_8c5ca0,inferred
0x8c61d0,436,hkpContinuousSimulation_addToiEvent,supported
0x8c6390,132,hkpContinuousSimulation_destruct,inferred
0x8c6420,124,hkpContinuousSimulation_slot6,inferred
0x8c64b0,851,hkpContinuousSimulation_slot15,inferred
0x8c6810,36,hkpContinuousSimulation_slot18,inferred
0x8c69e0,210,hkpContinuousSimulation_calcContentStatistics,supported
0x8c6ac0,97,hkpContinuousSimulation_slot8_collide,inferred
0x8c6b30,156,hkpContinuousSimulation_slot10,inferred
0x8c6be0,35,hkpContinuousSimulation_slot12,inferred
0x8c6dd0,374,hkpContinuousSimulation_slot13,inferred
0x8c70a0,,hkpContinuousSimulation_slot14,inferred
0x8c70e0,128,hkpContinuousSimulation_slot17,inferred
0x8c78b0,227,hkpContinuousSimulation_construct,inferred
0x8c7a30,41,hkp_class_a82a80_construct,inferred
0x8c7c10,187,hkp_world_create_member_0x78_object,inferred
0x8c85a0,,hk_set_flag_byte_0x10_if_pointer_0x20,supported
0x8c85c0,,hk_noop_virtual_stub,supported
0x8c85f0,,hk_set_flag_byte_0x18,supported
0x8c8620,172,hkp_class_a82b40_destruct,inferred
0x8c86e0,114,hkp_class_a82b40_construct,inferred
0x8c8e30,,hk_forward_set_field_0xc8_adjusted,supported
0x8c8e50,,hk_forward_get_field_0xc8_adjusted,supported
0x8c8e70,,hk_noop_virtual_stub,supported
0x8c9860,,hk_set_range_pointers_0x60_0x68,supported
0x8c9880,,hk_set_count_return_shifted_0x70,supported
0x8c9d60,,hk_noop_virtual_stub,supported
0x8c9e70,,hk_this_adjust_thunk_c9c40_minus_0x30,supported
0x8c9e80,,hk_this_adjust_thunk_c8810_minus_0x30,supported
0x8c9ea0,,hk_this_adjust_thunk_c9c40_minus_0x28_a,supported
0x8c9eb0,,hk_noop_virtual_stub,supported
0x8c9ec0,,hk_this_adjust_thunk_c9c40_minus_0x28_b,supported
0x8c9ed0,,hk_this_adjust_thunk_c8810_minus_0x28,supported
0x8c9ef0,,hk_reset_state_fields_0x90_0x58_0xb5,supported
0x8c9f10,432,hkp_class_a82cc8_destruct,inferred
0x8ca0d0,504,hkp_class_a82cc8_construct,inferred
0x8ca2d0,1283,hkp_world_create_listener_array_object,inferred
0x8ca7e0,275,hkp_world_listener_array_destruct,inferred
0x8ca900,242,hkp_world_listener_array_release_all,inferred
0x8caa00,117,hkp_world_listener_array_construct,inferred
0x8caa80,107,hkp_dispatch_phantom_overlap_added_a,inferred
0x8cab00,107,hkp_dispatch_phantom_overlap_removed_a,inferred
0x8cab70,114,hkp_dispatch_border_overlap_added_a,inferred
0x8cabf0,114,hkp_dispatch_border_overlap_removed_a,inferred
0x8cacc0,1210,hkpSimulationIsland_add_constraint,inferred
0x8cb180,400,hkpSimulationIsland_activate_constraint_bookkeeping,inferred
0x8cb310,55,hk_solver_helper_a_8cb310,inferred
0x8cbcc0,3692,hk_solver_helper_c_8cbcc0,inferred
0x8ccba0,65,hk_solver_helper_b_8ccba0,inferred
0x8cde50,37,hkpThinBoxMotion_construct,inferred
0x8cde80,83,hkpRagdollLimitsData_allocate_default,inferred
0x8cdee0,83,hkpHingeLimitsData_allocate_default,inferred
0x8cdf40,83,hkpPulleyConstraintData_allocate_default,inferred
0x8cdfa0,83,hkpPointToPlaneConstraintData_allocate_default,inferred
0x8ce000,83,hkpWheelConstraintData_allocate_default,inferred
0x8ce060,83,hkpStiffSpringConstraintData_allocate_default,inferred
0x8ce0c0,83,hkpRagdollConstraintData_allocate_default,inferred
0x8ce120,83,hkpPrismaticConstraintData_allocate_default,inferred
0x8ce180,83,hkpPointToPathConstraintData_allocate_default,inferred
0x8ce1e0,83,hkpLimitedHingeConstraintData_allocate_default,inferred
0x8ce240,83,hkpHingeConstraintData_allocate_default,inferred
0x8ce2a0,83,hkpBallAndSocketConstraintData_allocate_default,inferred
0x8ce300,700,hkpConstraintDataUtils_create_empty_by_type,inferred
0x8ce5d0,55,hkpConstraintDataUtils_clone_by_type_copy_fields,inferred
0x8ceb50,17,hk_array_compact_trailing_nulls,inferred
0x8cebd0,178,hkpConstraintInstance_remove_all_listener_entries,inferred
0x8cec90,,hkpMalleableConstraintData_getType,inferred
0x8ceca0,28,hkpMalleableConstraintData_isValid,inferred
0x8cecd0,162,hkpMalleableConstraintData_buildJacobian,inferred
0x8ced80,,hkpMalleableConstraintData_getRuntimeInfo,inferred
0x8ceda0,52,hkpMalleableConstraintData_getConstraintInfo,inferred
0x8cede0,51,hkpMalleableConstraintData_destruct,inferred
0x8cee20,,hkpMalleableConstraintData_get_wrapped_data,inferred
0x8cee30,91,hkpMalleableConstraintData_construct,inferred
0x8cee90,,hkpPointToPlaneConstraintData_getType,inferred
0x8ceea0,88,hkpPointToPlaneConstraintData_isValid,inferred
0x8cef00,,hkpPointToPlaneConstraintData_getRuntimeInfo,inferred
0x8cef20,,hkpPointToPlaneConstraintData_getConstraintInfo,inferred
0x8cef40,155,hkpPointToPlaneConstraintData_construct,inferred
0x8cefe0,,hkpWheelConstraintData_getType,inferred
0x8ceff0,274,hkpWheelConstraintData_isValid,inferred
0x8cf110,,hkpWheelConstraintData_getRuntimeInfo,inferred
0x8cf130,,hkpWheelConstraintData_getConstraintInfo,inferred
0x8cf150,362,hkpWheelConstraintData_construct,inferred
0x8cf2c0,,hkpConstraintData_copy_if_non_null,inferred
0x8cf2e0,,hkpConstraintData_return_second_argument,supported
0x8cf2f0,,hkpConstraintData_get_atom_runtime_info,inferred
0x8cf590,102,hkpConstraintAtom_subtract_unmodified_runtime_size,inferred
0x8cf920,,hk_noop_virtual_stub,supported
0x8cfaa0,,hk_call_vtable_slot_0x60_thunk,supported
0x8cfab0,97,hkpConstraintAtom_collect_modifier_flags,inferred
0x8cfb20,156,hkpConstraintAtom_modifier_flags_and_runtime_size,inferred
0x8cfbd0,,hk_set_callback_pair_8cfaa0,inferred
0x8cfbe0,,hk_noop_virtual_stub,supported
0x8cfcd0,,hk_stub_returns_zero,supported
0x8cfd70,,hk_noop_virtual_stub,supported
0x8cfd80,,hk_noop_virtual_stub,supported
0x8cfd90,,hkpConstraintInstance_vtable_getter,supported
0x8cfda0,,hkpConstraintInstance_destroyInPlace,inferred
0x8cfdb0,49,hkpConstraintInstance_finishConstruct,inferred
0x8cfdf0,,hk_noop_virtual_stub,supported
0x8cfe00,,hkpKeyframedRigidMotion_vtable_getter,supported
0x8cfe10,,hkpKeyframedRigidMotion_destroyInPlace,inferred
0x8cfe20,45,hkpKeyframedRigidMotion_finishConstruct,inferred
0x8cfe60,,hkpKeyframedRigidMotion_vtable_getter_b,supported
0x8cfe70,,hkpKeyframedRigidMotion_destroyInPlace_b,inferred
0x8cfe80,45,hkpKeyframedRigidMotion_finishConstruct_b,inferred
0x8cfeb0,,hk_noop_virtual_stub,supported
0x8cfec0,,hk_noop_virtual_stub,supported
0x8cfed0,,hk_noop_virtual_stub,supported
0x8d01e0,158,hk_dynamics_helper_8d01e0,inferred
0x8d0760,177,hkpSimpleContactConstraintData_construct,inferred
0x8d0c60,,hkpSimpleContactConstraintData_isValid,inferred
0x8d0c70,,hkpSimpleContactConstraintData_getType,inferred
0x8d0c80,,hkpSimpleContactConstraintData_getRuntimeInfo,inferred
0x8d0c90,,hk_stub_returns_zero,supported
0x8d0ca0,,hkpSimpleContactConstraintData_getConstraintInfo,inferred
0x8d13d0,,hk_noop_virtual_stub,supported
0x8d1b00,2176,hk_job_helper_8d1b00,inferred
0x8d24f0,2888,hk_job_helper_8d24f0,inferred
0x8d3370,,hk_zero_byte_return_pointer,supported
0x8d3380,1471,hkp_dynamics_job_handler_type_0,supported
0x8d3940,100,hkp_dynamics_job_handler_type_1,supported
0x8d39b0,107,hkp_dynamics_job_handler_type_3,supported
0x8d3cb0,432,hkp_dynamics_job_handler_type_4,supported
0x8d3e60,314,hkp_dynamics_job_handler_type_6,supported
0x8d3fa0,54,hkp_dynamics_job_handler_type_7,supported
0x8d3fe0,185,hkp_dynamics_job_handler_type_8,supported
0x8d40a0,92,hkp_dynamics_job_handler_type_9,supported
0x8d4110,74,hkp_dynamics_job_handler_type_10,supported
0x8d4160,173,hkp_dynamics_job_handler_type_11,supported
0x8d4250,63,hkp_dynamics_job_handler_type_5,supported
0x8d43a0,1210,hkp_dynamics_job_handler_type_12,supported
0x8d4860,322,hkp_dynamics_job_handler_type_13,supported
0x8d4fc0,8,hkp_dynamics_job_handler_type_14,supported
0x8d50c0,,hkpSimulation_get_vtable_pointer,supported
0x8d50d0,,hkpSimulation_call_deleting_destructor,supported
0x8d50e0,29,hkpSimulation_set_vtable_after_base,inferred
0x8d6410,,hk_listener_add_thunk_0x10,supported
0x8d6430,,hk_listener_remove_thunk_0x10,supported
0x8d6450,,hkpPointToPathConstraintData_getType,inferred
0x8d6460,,hkpPointToPathConstraintData_isValid,inferred
0x8d6490,1085,hkpPointToPathConstraintData_buildJacobian,inferred
0x8d68e0,,hkpPointToPathConstraintData_getRuntimeInfo,inferred
0x8d6900,,hkpPointToPathConstraintData_getConstraintInfo,inferred
0x8d6940,56,hkpPointToPathConstraintData_destruct,inferred
0x8d6980,58,hkpPointToPathConstraintData_set_path,inferred
0x8d69c0,238,hkpPointToPathConstraintData_construct,inferred
0x8d6ab0,,hkpBreakableConstraintData_getType,inferred
0x8d6ac0,28,hkpBreakableConstraintData_isValid,inferred
0x8d6af0,,hkpBreakableConstraintData_getRuntimeInfo,inferred
0x8d6b10,52,hkpBreakableConstraintData_getConstraintInfo,inferred
0x8d6b50,,hk_forward_args_2_3_to_8dddc0,supported
0x8d6b70,269,hkpBreakableConstraintData_buildJacobian,inferred
0x8d7030,51,hkpBreakableConstraintData_destruct,inferred
0x8d70b0,131,hkpBreakableConstraintData_construct,inferred
0x8d7140,,hkpPulleyConstraintData_getType,inferred
0x8d7150,,hkpPulleyConstraintData_isValid,inferred
0x8d7190,,hkpPulleyConstraintData_getRuntimeInfo,inferred
0x8d71b0,,hkpPulleyConstraintData_getConstraintInfo,inferred
0x8d71d0,86,hkpPulleyConstraintData_construct,inferred
0x8d7230,,hkpHingeLimitsData_getType,inferred
0x8d7240,88,hkpHingeLimitsData_isValid,inferred
0x8d72a0,,hkpHingeLimitsData_getRuntimeInfo,inferred
0x8d72c0,,hkpHingeLimitsData_getConstraintInfo,inferred
0x8d72e0,178,hkpHingeLimitsData_construct,inferred
0x8d73a0,,hkpRagdollLimitsData_getType,inferred
0x8d73b0,,hkpRagdollLimitsData_set_flag_byte,inferred
0x8d73d0,179,hkpRagdollLimitsData_isValid,inferred
0x8d7490,,hkpRagdollLimitsData_getRuntimeInfo,inferred
0x8d74b0,,hkpRagdollLimitsData_getConstraintInfo,inferred
0x8d74d0,301,hkpRagdollLimitsData_construct,inferred
0x8d7600,,hk_noop_virtual_stub,supported
0x8d7610,,hk_noop_virtual_stub,supported
0x8d7620,,hk_noop_virtual_stub,supported
0x8d7630,,hk_noop_virtual_stub,supported
0x8d7640,,hk_noop_virtual_stub,supported
0x8d7650,,hk_noop_virtual_stub,supported
0x8d7660,,hk_noop_virtual_stub,supported
0x8d7670,,hk_noop_virtual_stub,supported
0x8d7680,,hk_noop_virtual_stub,supported
0x8d7690,,hk_noop_virtual_stub,supported
0x8d76a0,,hk_noop_virtual_stub,supported
0x8d76b0,,hk_noop_virtual_stub,supported
0x8d76c0,,hk_noop_virtual_stub,supported
0x8d76d0,,hk_noop_virtual_stub,supported
0x8d76e0,,hk_noop_virtual_stub,supported
0x8d76f0,,hk_noop_virtual_stub,supported
0x8d7700,,hk_noop_virtual_stub,supported
0x8d7710,,hk_noop_virtual_stub,supported
0x8d7720,,hk_noop_virtual_stub,supported
0x8d7730,,hk_noop_virtual_stub,supported
0x8d7740,,hk_noop_virtual_stub,supported
0x8d7750,,hk_noop_virtual_stub,supported
0x8d7760,,hk_noop_virtual_stub,supported
0x8d7770,,hk_noop_virtual_stub,supported
0x8d7780,,hk_noop_virtual_stub,supported
0x8d7790,,hk_noop_virtual_stub,supported
0x8d77a0,,hk_noop_virtual_stub,supported
0x8d77b0,,hk_noop_virtual_stub,supported
0x8d77c0,,hk_noop_virtual_stub,supported
0x8d77d0,,hk_noop_virtual_stub,supported
0x8d77e0,,hk_noop_virtual_stub,supported
0x8d77f0,,hk_noop_virtual_stub,supported
0x8d7800,,hk_noop_virtual_stub,supported
0x8d7810,,hk_noop_virtual_stub,supported
0x8d7820,,hk_noop_virtual_stub,supported
0x8d7830,,hk_noop_virtual_stub,supported
0x8d7840,,hk_noop_virtual_stub,supported
0x8d7850,,hk_noop_virtual_stub,supported
0x8d7860,,hk_noop_virtual_stub,supported
0x8d7870,,hk_noop_virtual_stub,supported
0x8d7880,,hk_noop_virtual_stub,supported
0x8d7890,,hk_noop_virtual_stub,supported
0x8d78a0,,hk_noop_virtual_stub,supported
0x8d78b0,,hk_noop_virtual_stub,supported
0x8d78c0,,hk_noop_virtual_stub,supported
0x8d78d0,,hk_noop_virtual_stub,supported
0x8d78e0,,hk_noop_virtual_stub,supported
0x8d78f0,,hk_noop_virtual_stub,supported
0x8d7900,,hk_noop_virtual_stub,supported
0x8d7910,,hk_noop_virtual_stub,supported
0x8d7920,,hk_noop_virtual_stub,supported
0x8d7930,,hk_noop_virtual_stub,supported
0x8d7940,,hk_noop_virtual_stub,supported
0x8d7950,,hk_noop_virtual_stub,supported
0x8d7960,,hk_noop_virtual_stub,supported
0x8d7980,,hk_noop_virtual_stub,supported
0x8d79b0,,hk_noop_virtual_stub,supported
0x8d79e0,,hk_noop_virtual_stub,supported
0x8d79f0,,hk_noop_virtual_stub,supported
0x8d7f30,30,hkpConstraintChain_vtable_getter,inferred
0x8d7f70,,hkpConstraintChain_finishConstruct,inferred
0x8d7f80,26,hkpBreakableConstraintData_vtable_getter,inferred
0x8d7fb0,,hkpBreakableConstraintData_finishConstruct,inferred
0x8d7fc0,,hk_noop_virtual_stub,supported
0x8d7fd0,,hk_noop_virtual_stub,supported
0x8d7fe0,34,hkpRigidBody_vtable_getter,supported
0x8d8010,,hkpRigidBody_destroyInPlace,inferred
0x8d8020,34,hkpRigidBody_finishConstruct,inferred
0x8d8b20,,hkpConstraintAtom_skip_modifiers,inferred
0x8d8b40,72,hkpConstraintSolverSetup_moving_surface_schema,inferred
0x8dab00,145,hkpConstraintSolverSetup_distance_constraint,inferred
0x8daba0,861,hkpConstraintSolverSetup_ball_socket_atom,inferred
0x8daf10,,hkpJacobianSchema_emit_type_3,inferred
0x8db6d0,351,hkpConstraintSolver_buildJacobianCore,inferred
0x8dddc0,,hkpConstraintQuery_prepareSchema,inferred
0x8ddec0,,hkpConstraintAtom_get_field_address_0x20,inferred
0x8dded0,,hkpConstraintAtom_get_indexed_block_0x20,inferred
0x8de020,374,hkpConstraintSolverSetup_lin_soft_atom,inferred
0x8de1a0,45,hkpJacobianSchema_emit_type_0xe_array,inferred
0x8de2e0,,hkpConstraintSolverSetup_mass_changer_schema,inferred
0x8de320,328,hkpJacobianSchema_emit_type_5,inferred
0x8de470,,hkpJacobianSchema_emit_type_0x1a,inferred
0x8de4a0,,hkpJacobianSchema_emit_type_0x1b,inferred
0x8de500,343,hkpJacobianSchema_emit_type_9,inferred
0x8de660,399,hkpConstraintSolverSetup_lin_atom,inferred
0x8de800,,hkpConstraintSolverSetup_2d_ang_atom,inferred
0x8de910,400,hkpConstraintSolverSetup_lin_limit_atom,inferred
0x8deab0,,hk_noop_virtual_stub,supported
0x8deef0,,hkpJacobianSchema_emit_type_0xa,inferred
0x8e0c90,48,hkpConstraintSolver_solveSchemaHelper,inferred
0x8e1d60,,hk_noop_virtual_stub,supported
0x8e1e00,98,hkpConstraintSolver_core_variant_a,inferred
0x8e4120,162,hkpConstraintSolver_core_variant_b,inferred
0x8e65c0,66,hkpConstraintSolver_core_variant_c,inferred
0x8e8520,,hk_noop_virtual_stub,supported
0x8e89c0,,hkpJacobianSchema_clear_header_fields,inferred
0x8e89e0,2884,hkpConstraintSolver_buildJacobianCore_b,inferred
0x8ea590,,hkVector4_set_four_floats,supported
0x8ea5b0,,hkVector2_set_two_floats,supported
0x8ea5d0,,hk_store_float_at_offset_4,supported
0x8eb130,,hk_get_field_address_0x10,supported
0x8eb190,,hk_load_qword_at_pointer,supported
0x8eb1a0,,hk_load_field_0x30_of_child,supported
0x8eb1b0,,hk_load_dword_field_0x38_of_child,supported
0x8ec160,,hk_get_constant_float_flt_180a856e0,supported
0x8ed330,,hk_array_store_32_bytes_at_index,supported
0x8ed350,,hk_array_store_pointer_at_index,supported
0x8ed3a0,,hk_aabb16_extent_to_float2,inferred
0x8ed410,,hk_store_qword_at_pointer_a,supported
0x8ed420,,hk_store_qword_at_pointer_b,supported
0x8ed430,,hk_store_qword_at_pointer_c,supported
0x8ed440,,hk_noop_virtual_stub,supported
0x8ed450,,hk_zero_dword_at_0x100,supported
0x8edcd0,28,hkpMoppRayVirtualMachine_queryRayOnTree_thunk,inferred
0x8edcf0,2236,hkpMoppRayVirtualMachine_queryRayOnTree,supported
0x8ee5c0,342,hkpMoppRayVirtualMachine_setup_and_query,inferred
0x8f19d0,2193,hkpMoppObbVirtualMachine_queryObbOnTree,supported
0x8f2270,336,hkpMoppObbVirtualMachine_setup,inferred
0x8f23d0,296,hkpMoppObbVirtualMachine_setup_b,inferred
0x8f2500,3425,hkpMoppLongRayVirtualMachine_queryLongRayOnTree,supported
0x8f3270,258,hkpMoppLongRayVirtualMachine_setup,inferred
0x8f3380,242,hkpMoppLongRayVirtualMachine_setup_b,inferred
0x8f3480,4856,hkpMoppRayBundleVirtualMachine_queryRayBundleOnTree,supported
0x8f49b0,418,hkpMoppRayBundleVirtualMachine_setup,inferred
0x8f4b60,3957,hkpMoppAabbCastVirtualMachine_queryAabbCastOnTree,supported
0x8f5ae0,264,hkpMoppAabbCastVirtualMachine_setup,inferred
0x8fb9b0,857,hkpGsk_iterate_closest_points,inferred
0x8fbd10,43,hkPseudoRandomGenerator_getRandomVector_range,inferred
0x8fbd50,,hkPseudoRandomGenerator_next_float01,supported
0x8fbd80,2348,hkpGsk_simplex_step,inferred
0x8fc9e0,,hkpGsk_append_simplex_vertex,inferred
0x8fca30,235,hkpGsk_get_support_point,inferred
0x8fcb30,221,hkpGsk_get_support_point_pair,inferred
0x8fcc20,247,hkpGsk_get_closest_points,inferred
0x8fcd20,924,hkpGsk_get_closest_points_entry,inferred
0x8fd200,,hk_stub_returns_zero,supported
0x8fd210,,hk_stub_returns_one,supported
0x8fd220,40,hkpDefaultToiResourceMgr_calcContentStatistics,supported
0x8fd250,,hkpDefaultToiResourceMgr_isEnabled,inferred
0x8fd260,,hkpToiResourceMgr_destruct,inferred
0x8fd280,55,hkpDefaultToiResourceMgr_cannotCollideResponse,inferred
0x8fd2c0,31,hkpDefaultToiResourceMgr_beginToiCalculation,inferred
0x8fd350,34,hkpDefaultToiResourceMgr_construct,inferred
0x8fd380,1068,hkpMoppFindAllVirtualMachine_queryAabbOnTree_variant_a,supported
0x8fd7c0,972,hkpMoppFindAllVirtualMachine_queryAabbOnTree_variant_b,supported
0x8fdba0,1000,hkpMoppFindAllVirtualMachine_queryAabbOnTree_variant_c,supported
0x8fdf90,1932,hkpMoppSphereVirtualMachine_querySphereOnTree,supported
0x8fe730,191,hkpMoppSphereVirtualMachine_setup,inferred
0x8feaa0,321,hkpGsk_init_cache,inferred
0x8ff4e0,297,hkpGsk_support_point_along_negated_axis,inferred
0x8ff610,1108,hkpGsk_penetration_via_axis_support_points,inferred
0x8ffa70,,hk_noop_virtual_stub,supported
0x9004c0,,hk_noop_virtual_stub,supported
0x902020,,hk_noop_virtual_stub,supported
0x9022d0,,hk_noop_virtual_stub,supported
0x903180,240,hkMath_atan2_like_helper,inferred
0x904010,,hkMotionState_setPosition,inferred
0x904080,,hkMotionState_setRotation,inferred
0x9040a0,134,hkMotionState_setPositionAndRotation,inferred
0x904130,164,hkMotionState_setTransform,inferred
0x9046e0,,hk_noop_virtual_stub,supported
0x904a30,,hkCriticalSection_leave,supported
0x904a40,25,hkCriticalSection_enter_returnAux,supported
0x904ac0,,hk_stub_returns_one,supported
0x904ad0,,hk_stub_returns_zero,supported
0x904b20,,hkJobQueue_dispatchJob_noLock_wrapper,inferred
0x904b40,58,hkJobQueue_helper_904b40,inferred
0x904c00,490,hkJobQueue_helper_904c00,inferred
0x904df0,540,hkJobQueue_dispatchJob_locked,inferred
0x905020,69,hkJobQueue_enqueue_locked,inferred
0x905070,117,hkJobQueue_enqueue,inferred
0x9050f0,80,hkJobQueue_helper_9050f0,inferred
0x905150,55,hkJobQueue_helper_905150,inferred
0x905190,,hkSemaphore_release,supported
0x9051b0,,hkSemaphore_release_wrapper,inferred
0x9051c0,,hkSemaphore_acquire_wrapper,inferred
0x9051d0,40,hkSemaphore_construct,supported
0x905200,,hkSemaphore_destruct,supported
0x905210,,hkSemaphore_acquire,supported
0x9058f0,,hk_noop_virtual_stub,supported
0x905900,,hk_noop_virtual_stub,supported
0x905910,,hk_noop_virtual_stub,supported
0x905920,,hk_noop_virtual_stub,supported
0x905930,,hk_noop_virtual_stub,supported
0x905940,,hk_noop_virtual_stub,supported
0x905950,,hk_noop_virtual_stub,supported
0x905960,,hk_noop_virtual_stub,supported
0x905970,,hk_noop_virtual_stub,supported
0x905980,,hk_noop_virtual_stub,supported
0x905990,,hk_noop_virtual_stub,supported
0x9059a0,,hk_class_registration_get_vtable_a078,supported
0x9059b0,,hk_class_registration_destroy_a078,supported
0x9059c0,29,hk_class_registration_construct_a078,inferred
0x9059f0,,hk_class_registration_get_vtable_a060,supported
0x905a00,,hk_class_registration_destroy_a060,supported
0x905a10,29,hk_class_registration_construct_a060,inferred
0x905a30,,hk_noop_virtual_stub,supported
0x905a40,,hk_noop_virtual_stub,supported
0x906260,6,hk_class_a078_destruct,inferred
0x906350,,hk_get_transform_rows_0x10,inferred
0x906380,,hk_set_transform_rows_0x10,inferred
0x9063b0,,hk_get_position_vector_0x40,inferred
0x9063c0,116,hk_distance_to_position_0x40,inferred
0x906490,,hk_get_child_count_0x58,inferred
0x9064a0,,hk_get_child_pointer_by_index,inferred
0x9064c0,58,hk_set_referenced_pointer_0x68,inferred
0x906500,,hk_noop_virtual_stub,supported
0x906510,,hk_noop_virtual_stub,supported
0x906520,92,hkp3AxisSweep_create,inferred
0x906590,173,hkp3AxisSweep_slot21_cast_wrapper,inferred
0x906650,3662,hkp3AxisSweep_slot20_cast_or_query,inferred
0x9074b0,384,hkp3AxisSweep_calcContentStatistics,inferred
0x9076c0,285,hkp3AxisSweep_node_to_float_aabb,inferred
0x9077f0,2922,hkp3AxisSweep_slot27_cast,inferred
0x908360,1400,hkp3AxisSweep_slot23,inferred
0x908e40,724,hkp3AxisSweep_slot12_stack_pair_query,inferred
0x909440,254,hkp3AxisSweep_slot25,inferred
0x909550,25,hkp3AxisSweep_slot26,inferred
0x909ac0,,hkp3AxisSweep_slot24_scratch_size,inferred
0x909ae0,894,hkp3AxisSweep_slot29,inferred
0x909fd0,903,hkp3AxisSweep_slot17_query_aabb,inferred
0x90aba0,,hkp3AxisSweep_lower_bound_u16_pairs,inferred
0x90ac20,,hk_read_u16_at_pointer,inferred
0x90ac30,,hkp3AxisSweep_getExtents,inferred
0x90ac80,,hkp3AxisSweep_getAabbFromHandle,inferred
0x90aca0,109,hkp3AxisSweep_reserve_scratch,inferred
0x90ad80,,hkp3AxisSweep_getNumObjects,inferred
0x90ad90,2283,hkp3AxisSweep_removeObjectBatch,inferred
0x90b690,50,hkp3AxisSweep_addObjectBatch,inferred
0x90c710,1157,hkp3AxisSweep_removeObject,inferred
0x90cba0,107,hkp3AxisSweep_addObject_float_aabb,inferred
0x90cc20,963,hkp3AxisSweep_addObject,inferred
0x90d060,425,hkp3AxisSweep_slot18_query,inferred
0x90db40,,hkp3AxisSweep_sign_sum_helper,inferred
0x90dd40,205,hkp3AxisSweep_set_offset_and_scale,inferred
0x90de20,273,hkp3AxisSweep_destruct,inferred
0x90df40,1462,hkp3AxisSweep_construct,inferred
0x90e500,85,hkp3AxisSweep_updateAabbs_b,inferred
0x90f340,84,hkp3AxisSweep_updateAabbs_a,inferred
0x910740,,hkBitField_isSet,inferred
0x910770,,hkBitField_clear,inferred
0x9107a0,,hkBitField_toggle,inferred
0x9107d0,,hk_stub_returns_zero,supported
0x9107e0,,hkMemoryZero_16byte_blocks,inferred
0x910810,,hk_u16_increment_saturating_or_1,inferred
0x910e90,,hkp_compare_nodes_by_field_0x24,inferred
0x910eb0,,hk_get_field_address_0x70_a,inferred
0x911030,,hk_get_field_address_0x70_b,inferred
0x9114e0,422,hk_initTrigTable_30steps,inferred
0x911af0,,hkpCollisionFilter_is_collision_enabled_by_bit,inferred
0x911d60,,hkCriticalSection_enter_indirect,supported
0x911d80,,hkCriticalSection_leave_indirect,supported
0x911f10,,hk_u16_increment_saturating,inferred
0x912ee0,,hk_noop_virtual_stub,supported
0x912ef0,,hk_noop_virtual_stub,supported
0x915590,,hk_noop_virtual_stub,supported
0x9155d0,,hk_noop_virtual_stub,supported
0x916bb0,,hk_noop_virtual_stub,supported
0x916bc0,,hk_noop_virtual_stub,supported
0x916bd0,,hk_noop_virtual_stub,supported
0x917370,,hk_noop_virtual_stub,supported
0x917380,,hk_noop_virtual_stub,supported
0x917db0,,hk_memory_router_get_instance_thunk,supported
0x917ec0,,sinf_svml_wrapper,inferred
0x917ed0,,cosf_svml_wrapper,inferred
0x917f16,,cosf_svml_register_variant,inferred
0x917f30,,svml_unary_kernel_wrapper_918810,inferred
0x917f40,,atan2f_svml_wrapper,inferred
0x917f50,2240,svml_sinf_vector_kernel,inferred
0x918810,2240,svml_unary_vector_kernel_918810,inferred
0x9190d0,1200,svml_atan2f_vector_kernel,inferred
0x919580,2976,svml_atan2f_special_case_handler,inferred
0xa51aa0,,_action_death_ping,supported
0xa51ab0,,_action_custom_animation,supported
0xa51ac0,,_action_stop_custom_animation,supported
0xa51ad0,,_action_sync_container,supported
0xa51ae0,,_action_assassinate,supported
0xa51af0,,_action_get_infected,supported
0xa51b00,,_action_resurrect,supported
0xa51b10,,_action_hard_ping,supported
0xa51b20,,_action_ping,supported
0xa51b30,,_action_infect,supported
0xa51b40,,_action_posture,supported
0xa51b50,,_action_posture_exit,supported
0xa51b60,,_action_vehicle_exit,supported
0xa51b70,,_action_vehicle_exit_and_detach,supported
0xa51b80,,_action_vehicle_ejection,supported
0xa51b90,,_action_vehicle_board,supported
0xa51ba0,,_action_vehicle_enter,supported
0xa51bb0,,_action_vehicle_animated_trick,supported
0xa51bc0,,_action_equipment,supported
0xa51bd0,,_action_equipment_animation,supported
0xa51be0,,_action_player_dodge,supported
0xa51bf0,,_action_vehicle_exit_immediate,supported
0xa51c00,,_action_vehicle_flip,supported
0xa51c10,,_action_climb_attach,supported
0xa51c20,,_action_climb_detach,supported
0xa51c30,,_action_bunker_close,supported
0xa51c40,,_action_bunker_open,supported
0xa51c50,,action_token,supported
0xa51c60,,_action_takeoff,supported
0xa51c70,,_action_perch,supported
0xa51c80,,_action_perch_jump,supported
0xa51c90,,_action_land,supported
0xa51ca0,,_action_jump,supported
0xa51cb0,,_action_animated_jump,supported
0xa51cc0,,_action_leap_anticipation,supported
0xa51cd0,,_action_leap,supported
0xa51ce0,,_action_leap_recovery,supported
0xa51cf0,,_action_emit_ai,supported
0xa51d00,,_action_berserk,supported
0xa51d10,,_action_flurry,supported
0xa51d20,,_action_deploy_turret,supported
0xa51d30,,_action_smash,supported
0xa51d40,,_action_vault,supported
0xa51d50,,_action_hoist,supported
0xa51d60,,_action_ai_impulse,supported
0xa51d70,,_action_melee_ai,supported
0xa51d80,,_action_weapon_pickup,supported
0xa51d90,,_action_weapon_trade,supported
0xa51da0,,_action_primary_weapon_drop,supported
0xa51db0,,_action_secondary_weapon_drop,supported
0xa51dc0,,_action_surge,supported
0xa51dd0,,_action_phase,supported
0xa51de0,,_action_stow,supported
0xa51df0,,_action_draw,supported
0xa51e00,,_action_juke,supported
0xa51e10,,_action_kamikaze,supported
0xa51e20,,_action_primary_weapon_switch,supported
0xa51e30,,_action_secondary_weapon_switch,supported
0xa51e40,,_action_grenade,supported
0xa51e50,,_action_grenade_pickup,supported
0xa51e60,,_action_equipment_pickup,supported
0xa51e70,,_action_equipment_drop,supported
0xa51e80,,_action_melee_player,supported
0xa51e90,,_action_primary_weapon_primary_reload,supported
0xa51ea0,,_action_primary_weapon_secondary_reload,supported
0xa51eb0,,_action_secondary_weapon_primary_reload,supported
0xa51ec0,,_action_secondary_weapon_secondary_reload,supported
0xa51ed0,,_action_primary_weapon_vent,supported
0xa51ee0,,_action_secondary_weapon_vent,supported
0xa51ef0,,_action_use_health_station,supported
0xa51f00,,_action_soft_ping,supported
0xa51f10,,_action_primary_weapon_primary_recoil,supported
0xa51f20,,_action_primary_weapon_secondary_recoil,supported
0xa51f30,,_action_primary_weapon_primary_chamber,supported
0xa51f40,,_action_primary_weapon_secondary_chamber,supported
0xa51f50,,_action_primary_weapon_primary_charged,supported
0xa51f60,,_action_primary_weapon_secondary_charged,supported
0xa51f70,,_action_secondary_weapon_primary_recoil,supported
0xa51f80,,_action_secondary_weapon_secondary_recoil,supported
0xa51f90,,_action_secondary_weapon_primary_chamber,supported
0xa51fa0,,_action_secondary_weapon_secondary_chamber,supported
0xa51fb0,,_action_secondary_weapon_primary_charged,supported
0xa51fc0,,_action_secondary_weapon_secondary_charged,supported
0xa51fd0,,_action_primary_weapon_overheat_enter,supported
0xa51fe0,,_action_primary_weapon_overheat_loop,supported
0xa51ff0,,_action_primary_weapon_overheat_exit,supported
0xa52000,,_action_secondary_weapon_overheat_enter,supported
0xa52010,,_action_secondary_weapon_overheat_loop,supported
0xa52020,,_action_secondary_weapon_overheat_exit,supported
0x2b06028,,ping,supported
0x2b06068,,pong,supported
0x2b060a8,,broadcast_search,supported
0x2b060e8,,broadcast_reply,supported
0x2b06128,,connect_request,supported
0x2b06168,,connect_refuse,supported
0x2b061a8,,connect_establish,supported
0x2b061e8,,connect_closed,supported
0x2b06228,,join_request,supported
0x2b06268,,peer_connect,supported
0x2b062a8,,join_abort,supported
0x2b062e8,,join_refuse,supported
0x2b06328,,leave_session,supported
0x2b06368,,leave_acknowledge,supported
0x2b063a8,,session_disband,supported
0x2b063e8,,session_boot,supported
0x2b06428,,host_handoff,supported
0x2b06468,,peer_handoff,supported
0x2b064a8,,host_transition,supported
0x2b064e8,,host_reestablish,supported
0x2b06528,,host_decline,supported
0x2b06568,,peer_reestablish,supported
0x2b065a8,,peer_establish,supported
0x2b065e8,,election,supported
0x2b06628,,election_refuse,supported
0x2b06668,,time_synchronize,supported
0x2b066a8,,membership_update,supported
0x2b066e8,,peer_properties,supported
0x2b06728,,delegate_leadership,supported
0x2b06768,,boot_machine,supported
0x2b067a8,,player_add,supported
0x2b067e8,,player_refuse,supported
0x2b06828,,player_remove,supported
0x2b06868,,player_properties,supported
0x2b068a8,,parameters_update,supported
0x2b068e8,,parameters_request,supported
0x2b06928,,security,supported
0x2b06968,,view_establishment,supported
0x2b069a8,,player_acknowledge,supported
0x2b069e8,,synchronous_update,supported
0x2b06a28,,synchronous_playback_control,supported
0x2b06a68,,synchronous_actions,supported
0x2b06aa8,,synchronous_acknowledge,supported
0x2b06ae8,,synchronous_join_catchup,supported
0x2b06b28,,game_results,supported
0x2b06b68,,update_queue_element,supported
0x2b06ba8,,end_game,supported
0x2b06be8,,update_queue_element,supported
0x2b06c28,,test,supported
0x2b06c68,,test_force_host_machine_name,supported
